zona_id,parroquia_sat,fuente_margen,poblacion_total,poblacion_votante,censo_nbi_pobreza_pct,tasa_desempleo_pea,censo_edad_15_29_pct,censo_hombres_pct,joven_hombre_pct,joven_mujer_pct,joven_pobre_pct,joven_no_pobre_pct,margen_usado,indice_afinidad,e_votos_afines
50-174,Quito,real_barrio_cne,7860,6953,0.06552162849872774,0.033278777959629025,0.16972010178117047,0.47442748091603054,0.0767175572519084,0.09300254452926209,0.01005089058524173,0.15966921119592875,0.5407232105252602,0.9090664173086987,6320.738799547383
50-176,Quito,real_barrio_cne,6458,5695,0.032672654072468256,0.04109269203829092,0.13518117064106536,0.4591204707339734,0.05961598017962218,0.07556519046144317,0.0037163208423660575,0.1314648497986993,0.5407232105252602,0.9090664173086987,5177.133246573039
50-175,Quito,real_barrio_cne,6463,5471,0.1265172735760971,0.04720616570327553,0.18149466192170818,0.4660374439114962,0.08633761411109392,0.09515704781061426,0.021661766981278044,0.15983289494043015,0.5407232105252602,0.9090664173086987,4973.502369095891
50-154,Quito,real_barrio_cne,5937,5224,0.0790893760539629,0.03222532352194874,0.1861209364999158,0.4669024759979788,0.0875863230587839,0.09853461344113189,0.01549604177193869,0.1706248947279771,0.5407232105252602,0.9090664173086987,4748.962964020642
50-144,Quito,real_barrio_cne,4875,4210,0.0800246862785435,0.039318479685452164,0.14912820512820513,0.4678974358974359,0.07158974358974358,0.07753846153846154,0.014153846153846154,0.13497435897435897,0.6069850471914879,1.0,4210.0
50-134,Quito,real_barrio_cne,6071,5029,0.12589122020778162,0.16332461493751815,0.28611431395157305,0.587547356283973,0.1948608137044968,0.09125350024707626,0.02470762642068852,0.16339976939548673,0.4850875215986778,0.8327154923399763,4187.726210977741
50-143,Quito,real_barrio_cne,4756,4116,0.05887300252312868,0.036542515811665496,0.13898233809924307,0.45374264087468463,0.06644238856181665,0.07253994953742642,0.008410428931875526,0.13057190916736752,0.6069850471914879,1.0,4116.0
50-146,Quito,real_barrio_cne,4787,4084,0.04345101316064341,0.031767955801104975,0.15688322540213076,0.4434927929809902,0.07332358470858576,0.08355964069354502,0.007520367662419052,0.14936285773971172,0.6069850471914879,1.0,4084.0
50-112,Quito,real_barrio_cne,4724,4064,0.044893617021276595,0.05946337926033358,0.17125317527519052,0.46147332768839966,0.08784928027095681,0.0834038950042337,0.00571549534292972,0.1655376799322608,0.6069850471914879,1.0,4064.0
50-999,Quito,real_barrio_cne,9002,6518,0.5347874720357941,0.13481308411214954,0.2509442346145301,0.4823372583870251,0.12241724061319707,0.12852699400133305,0.13052654965563207,0.11875138858031549,0.3176688362094704,0.6029606041892865,3930.0972181057696
50-148,Quito,real_barrio_cne,5500,4594,0.0809090909090909,0.07754010695187166,0.24745454545454545,0.46254545454545454,0.1190909090909091,0.12836363636363637,0.01927272727272727,0.22818181818181818,0.4841885153611067,0.8314817526467053,3819.8271716589643
50-145,Quito,real_barrio_cne,4437,3792,0.05611899932386748,0.047207207207207204,0.18413342348433626,0.4656299301329727,0.09420779806175343,0.08992562542258282,0.009465855307640297,0.17466756817669596,0.6069850471914879,1.0,3792.0
56-022,Conocoto,real_parroquia,7105,5637,0.06806948171162265,0.06637282862328234,0.2123856439127375,0.47262491203377904,0.105981703026038,0.10640394088669951,0.012385643912737509,0.2,0.3563718564566261,0.6560741982143916,3698.2902553345257
50-087,Quito,real_barrio_cne,5361,4318,0.072992700729927,0.06208425720620843,0.22999440402909904,0.47341913822048126,0.11770192128334266,0.11229248274575639,0.019772430516694646,0.20966237642230928,0.4850875215986778,0.8327154923399763,3595.6654959240177
50-138,Quito,real_barrio_cne,4951,4221,0.03885853066180935,0.041343669250646,0.17592405574631387,0.4770753383154918,0.08240759442536862,0.09351646132094527,0.007069278933548778,0.1682488386184609,0.4841885153611067,0.8314817526467053,3509.684477921743
56-021,Conocoto,real_parroquia,6540,5321,0.05837291251723609,0.0797728501892915,0.21743119266055047,0.4746177370030581,0.10917431192660551,0.10825688073394496,0.013608562691131499,0.20244648318042813,0.3563718564566261,0.6560741982143916,3490.9708086987775
50-088,Quito,real_barrio_cne,4679,3977,0.06758501937150237,0.08292313517606967,0.21329343876896772,0.4637743107501603,0.11027997435349433,0.10301346441547339,0.015601624278692027,0.19576832656550544,0.4850875215986778,0.8327154923399763,3311.709513036086
50-126,Quito,real_barrio_cne,4552,3966,0.05118629173989455,0.061224489795918366,0.20188927943760984,0.468585237258348,0.10193321616871705,0.0999560632688928,0.012521968365553603,0.18936731107205623,0.4850875215986778,0.8327154923399763,3302.5496426203463
50-140,Quito,real_barrio_cne,4701,3880,0.11936170212765958,0.07971014492753623,0.21420974260795575,0.4603275898744948,0.10061689002339928,0.11359285258455648,0.03616251861306105,0.1780472239948947,0.4841885153611067,0.8314817526467053,3226.1492002692166
50-070,Quito,real_barrio_cne,5226,4328,0.049569377990430624,0.07527579493835172,0.21507845388442404,0.47435897435897434,0.11040949100650593,0.1046689628779181,0.007845388442403367,0.20723306544202066,0.4198480067552553,0.7431848799055887,3216.5041602313877
57-001,Cumbayá,real_parroquia,4595,3714,0.10987573577501634,0.044781643227239085,0.22023939064200218,0.4713819368879216,0.10119695321001088,0.11904243743199129,0.02176278563656148,0.1984766050054407,0.5085832739521928,0.8649595870863216,3212.4599064385984
50-137,Quito,real_barrio_cne,4992,3830,0.12988574864702346,0.0886986301369863,0.24499198717948717,0.49278846153846156,0.12920673076923078,0.11578525641025642,0.030849358974358976,0.2141426282051282,0.4841885153611067,0.8314817526467053,3184.5751126368814
50-089,Quito,real_barrio_cne,4446,3810,0.04231375196939005,0.09072821329088739,0.20175438596491227,0.4637876743139901,0.09941520467836257,0.1023391812865497,0.008771929824561403,0.19298245614035087,0.4850875215986778,0.8327154923399763,3172.6460258153097
50-136,Quito,real_barrio_cne,6287,4716,0.1461746460951169,0.12030693340641271,0.2505169397168761,0.482105932877366,0.12311118180372196,0.12740575791315412,0.034992842373150944,0.21552409734372516,0.3537960303510952,0.6525392962564884,3077.3753211455996
70-912,Nayón,real_parroquia,5329,4111,0.14693188215425032,0.06275033377837116,0.23419027960217678,0.49014824544942764,0.11859635954212798,0.11559392006004879,0.03715518859072997,0.1970350910114468,0.4183705241307732,0.7411572755534023,3046.8975598000366
50-114,Quito,real_barrio_cne,4288,3644,0.03196453569762016,0.05851755526657997,0.18726679104477612,0.4664179104477612,0.08838619402985075,0.09888059701492537,0.00792910447761194,0.1791044776119403,0.4850875215986778,0.8327154923399763,3034.4152540868736
50-132,Quito,real_barrio_cne,4447,3639,0.10597519729425028,0.09508840864440078,0.22869350123678886,0.48099842590510455,0.11131099617719811,0.11738250505959073,0.02900832021587587,0.19968518102091298,0.4850875215986778,0.8327154923399763,3030.251676625174
50-034,Quito,real_barrio_cne,5682,4457,0.09961281239000352,0.06508515815085159,0.23600844772967264,0.47852868708201335,0.1186202041534671,0.11738824357620556,0.02587117212249208,0.21013727560718057,0.3736230842911878,0.6797486997336066,3029.639954712685
50-072,Quito,real_barrio_cne,4921,4016,0.1283041886945913,0.10315490960652252,0.2300345458240195,0.47124568177199755,0.1133915870757976,0.1166429587482219,0.029059134322292218,0.2009754115017273,0.4198480067552553,0.7431848799055887,2984.630477700844
50-153,Quito,real_barrio_cne,3649,3282,0.11592217045765964,0.06568421052631579,0.1890929021649767,0.44971224993148806,0.09290216497670595,0.09619073718827076,0.023294053165250753,0.16579884899972594,0.5407232105252602,0.9090664173086987,2983.555981607149
50-105,Quito,real_barrio_cne,3869,3297,0.0410958904109589,0.0643699002719855,0.211941070043939,0.459033341948824,0.10441974670457482,0.10752132333936418,0.00723701214784182,0.2047040578960972,0.535782464962518,0.9022860484298614,2974.837101673253
50-149,Quito,real_barrio_cne,4107,3574,0.046505965424884346,0.05440120891575368,0.2393474555636718,0.4453372291210129,0.1168736303871439,0.12247382517652788,0.007791575359142927,0.23155588020452886,0.4841885153611067,0.8314817526467053,2971.7157839593247
50-131,Quito,real_barrio_cne,4086,3521,0.04145204807456463,0.0775975449364314,0.19211943220753794,0.4579050416054821,0.09495839451786588,0.09716103768967205,0.011502692119432207,0.17963778756730298,0.4850875215986778,0.8327154923399763,2931.9912485290565
50-104,Quito,real_barrio_cne,3820,3248,0.04514255543822598,0.09125840537944284,0.19973821989528795,0.4573298429319372,0.10654450261780105,0.09319371727748692,0.008376963350785341,0.19031413612565445,0.535782464962518,0.9022860484298614,2930.6250853001898
50-159,Quito,real_barrio_cne,3506,2921,0.03679406731317741,0.06866952789699571,0.1853964632059327,0.466343411294923,0.09440958357102111,0.09098687963491157,0.005419281232173417,0.17997718197375928,0.6069850471914879,1.0,2921.0
84-999,Tumbaco,real_parroquia,8320,6171,0.3858173076923077,0.10864539990753583,0.2545673076923077,0.4949519230769231,0.12776442307692307,0.1268028846153846,0.10805288461538462,0.14651442307692308,0.2229687262954856,0.4730001215193621,2918.8837498959833
50-115,Quito,real_barrio_cne,4241,3502,0.04872830995959116,0.07825335062689148,0.18250412638528649,0.47111530299457677,0.09195944352746993,0.09054468285781656,0.009195944352746994,0.16529120490450366,0.4850875215986778,0.8327154923399763,2916.169654174597
50-090,Quito,real_barrio_cne,3879,3221,0.05555555555555555,0.07261724659606657,0.18329466357308585,0.48053622067543184,0.0899716421758185,0.09332302139726734,0.009280742459396751,0.17040474349059037,0.535782464962518,0.9022860484298614,2906.2633619925837
50-071,Quito,real_barrio_cne,4741,3873,0.04346908630512766,0.052256532066508314,0.17485762497363425,0.47163045770934403,0.0871124235393377,0.08774520143429657,0.008226112634465302,0.16663151233916895,0.4198480067552553,0.7431848799055887,2878.355039874345
56-999,Conocoto,real_parroquia,5831,4386,0.25776024695592525,0.11135646687697161,0.2603327045103756,0.48070656834162234,0.13068084376607786,0.12965186074429771,0.065854913393929,0.19447779111644659,0.3563718564566261,0.6560741982143916,2877.5414333683216
50-039,Quito,real_barrio_cne,5240,4223,0.05432287681713849,0.06018217306441119,0.23435114503816795,0.49274809160305344,0.12080152671755726,0.11354961832061068,0.009732824427480916,0.224618320610687,0.3736230842911878,0.6797486997336066,2870.5787589750207
50-118,Quito,real_barrio_cne,5501,4315,0.09707325940738047,0.10938007140538786,0.24795491728776586,0.4899109252863116,0.12961279767315034,0.11834211961461552,0.023450281766951464,0.2245046355208144,0.3537960303510952,0.6525392962564884,2815.7070633467474
50-133,Quito,real_barrio_cne,4280,3362,0.17009345794392525,0.10530749789385004,0.2563084112149533,0.48855140186915885,0.12710280373831775,0.1292056074766355,0.04182242990654206,0.2144859813084112,0.4850875215986778,0.8327154923399763,2799.5894852470005
50-097,Quito,real_barrio_cne,3642,3089,0.05628775398132894,0.1085,0.19934102141680396,0.46787479406919275,0.10323997803404723,0.09610104338275673,0.008786381109280615,0.19055464030752334,0.535782464962518,0.9022860484298614,2787.161603599842
50-068,Quito,real_barrio_cne,4448,3733,0.048561151079136694,0.08603896103896104,0.20953237410071943,0.4595323741007194,0.10476618705035971,0.10476618705035971,0.010566546762589928,0.1989658273381295,0.4198480067552553,0.7431848799055887,2774.3091566875623
50-048,Quito,real_barrio_cne,4806,3729,0.12528904771915073,0.12714651077822434,0.26591760299625467,0.49771119434040784,0.1319184352892218,0.13399916770703288,0.033083645443196,0.23179359134415314,0.4198480067552553,0.7431848799055887,2771.33641716794
57-010,Cumbayá,real_parroquia,3969,3203,0.05039052658100277,0.05150022391401702,0.18871252204585537,0.4819853867472915,0.09700176366843033,0.09171075837742504,0.008314436885865457,0.18039808515998992,0.5085832739521928,0.8649595870863216,2770.465557437488
50-026,Quito,real_barrio_cne,5451,4061,0.12438084755090809,0.15129151291512916,0.24839478994679876,0.4889011190607228,0.12419739497339938,0.12419739497339938,0.03265455879655109,0.21574023115024765,0.3736230842911878,0.6797486997336066,2760.4594696181766
50-155,Quito,real_barrio_cne,3494,3033,0.07566638005159071,0.04309545875810936,0.18631940469376074,0.44848311390955925,0.0835718374356039,0.10274756725815684,0.017172295363480253,0.1680022896393818,0.5407232105252602,0.9090664173086987,2757.1984436972834
50-069,Quito,real_barrio_cne,4637,3671,0.12392055267702937,0.09051724137931035,0.22579253827905973,0.47228811731723097,0.11020056070735389,0.11559197757170585,0.029976277765796852,0.1958162605132629,0.4198480067552553,0.7431848799055887,2728.231694133416
50-129,Quito,real_barrio_cne,3872,3266,0.03707544723878662,0.07575057736720554,0.20867768595041322,0.465650826446281,0.10666322314049587,0.10201446280991736,0.006456611570247934,0.20196280991735538,0.4850875215986778,0.8327154923399763,2719.648797982363
70-918,Nayón,real_parroquia,4306,3659,0.06641895030190433,0.02749410840534171,0.1751045053413841,0.4647004180213655,0.08894565722248025,0.08615884811890386,0.01741755689735253,0.15768694844403158,0.4183705241307732,0.7411572755534023,2711.8944712498987
50-095,Quito,real_barrio_cne,3577,2966,0.04053676265026559,0.11773858921161826,0.21051160190103438,0.45401174168297453,0.10735253005311714,0.10315907184791726,0.004193458205199888,0.2063181436958345,0.535782464962518,0.9022860484298614,2676.180419642969
50-130,Quito,real_barrio_cne,3642,3199,0.017023613399231193,0.08110831234256927,0.1812191103789127,0.4464579901153213,0.08841295991213619,0.0928061504667765,0.0030203185063152112,0.17819879187259746,0.4850875215986778,0.8327154923399763,2663.8568599955843
57-004,Cumbayá,real_parroquia,3705,3078,0.10337381916329284,0.04766269477543538,0.21916329284750338,0.4709851551956815,0.10634278002699055,0.11282051282051282,0.029689608636977057,0.18947368421052632,0.5085832739521928,0.8649595870863216,2662.345609051698
50-166,Quito,real_barrio_cne,4354,3588,0.0574184657785944,0.08186900958466453,0.23518603582912265,0.46531924666972896,0.11736334405144695,0.1178226917776757,0.012861736334405145,0.2223242994947175,0.4175,0.739962622914521,2654.985891017301
57-009,Cumbayá,real_parroquia,3863,3053,0.1506601087237898,0.06454545454545454,0.20994046078177583,0.4871861247734921,0.10276986797825524,0.10717059280352058,0.03235827077400984,0.17758219000776598,0.5085832739521928,0.8649595870863216,2640.72161937454
50-158,Quito,real_barrio_cne,3003,2639,0.07576769025367157,0.08937960042060988,0.1744921744921745,0.48151848151848153,0.07958707958707958,0.09490509490509491,0.018315018315018316,0.15584415584415584,0.6069850471914879,1.0,2639.0
50-142,Quito,real_barrio_cne,3659,3173,0.046187482918830285,0.07040913415794481,0.1948619841486745,0.4531292702924296,0.0992074337250615,0.09565455042361301,0.012298442197321673,0.18256354195135283,0.4841885153611067,0.8314817526467053,2638.291601147996
50-117,Quito,real_barrio_cne,5051,4032,0.06381292112564407,0.08515731874145006,0.2306473965551376,0.4787170857255989,0.11799643634923777,0.11265096020589982,0.01682835082161948,0.2134230845377153,0.3537960303510952,0.6525392962564884,2631.0384425061616
50-096,Quito,real_barrio_cne,3376,2914,0.05364552459988144,0.060782241014799156,0.19075829383886256,0.4588270142180095,0.09419431279620853,0.09656398104265403,0.012144549763033176,0.1786137440758294,0.535782464962518,0.9022860484298614,2629.261545124616
50-067,Quito,real_barrio_cne,4319,3511,0.08970485707645828,0.0942299709422997,0.21833757814308868,0.47140541792081503,0.10928455661032646,0.10905302153276221,0.019217411437832833,0.19912016670525584,0.4198480067552553,0.7431848799055887,2609.3221133485217
50-038,Quito,real_barrio_cne,4543,3832,0.05480959718247854,0.09356477561388654,0.2016288795949813,0.46885318071758747,0.1016949152542373,0.099933964340744,0.012546775258639665,0.18908210433634162,0.3736230842911878,0.6797486997336066,2604.7970173791805
50-107,Quito,real_barrio_cne,3288,2881,0.03097209444955535,0.06196120689655173,0.1897810218978102,0.4528588807785888,0.09367396593673966,0.09610705596107055,0.006082725060827251,0.18369829683698297,0.535782464962518,0.9022860484298614,2599.4861055264305
50-024,Quito,real_barrio_cne,4650,3797,0.04172043010752688,0.06031976744186047,0.20301075268817204,0.4789247311827957,0.1053763440860215,0.09763440860215054,0.00967741935483871,0.19333333333333333,0.3736230842911878,0.6797486997336066,2581.0058128885044
57-003,Cumbayá,real_parroquia,3513,2972,0.05471211687195646,0.07035928143712575,0.2277255906632508,0.475377170509536,0.11898662112154854,0.10873896954170224,0.014232849416453175,0.2134927412467976,0.5085832739521928,0.8649595870863216,2570.6598928205476
50-122,Quito,real_barrio_cne,5193,3939,0.20585403427691124,0.13639526791927628,0.25996533795493937,0.49066050452532256,0.12901983439245138,0.13094550356248796,0.0527633352590025,0.20720200269593683,0.3537960303510952,0.6525392962564884,2570.352287954308
77-906,Pomasqui,real_parroquia,5361,4305,0.06105422828972317,0.07919782460910944,0.23185972766274948,0.4931915687371759,0.11919418019026301,0.11266554747248647,0.014736056705838463,0.21134116769259467,0.3126380000748475,0.596056600668248,2566.0236658768076
50-278,Quito,real_barrio_cne,4949,3940,0.051152446421350584,0.0947935368043088,0.22651040614265508,0.48615881996362903,0.11396241664982824,0.11254798949282684,0.012931905435441503,0.21297231763992724,0.3468807906114886,0.6430492555885968,2533.6140670190716
56-011,Conocoto,real_parroquia,4898,3846,0.05420331356105543,0.10622710622710622,0.21927317272356064,0.4728460596161699,0.10902409146590446,0.11024908125765619,0.012045732952225397,0.20722743977133523,0.3563718564566261,0.6560741982143916,2523.26136633255
50-047,Quito,real_barrio_cne,4106,3394,0.05256723716381418,0.09575808483830324,0.23063809059912324,0.44788114953726255,0.10594252313687287,0.12469556746225037,0.011446663419386265,0.21870433511933757,0.4198480067552553,0.7431848799055887,2522.369482399568
57-007,Cumbayá,real_parroquia,3510,2914,0.07535231521426516,0.04644412191582003,0.2022792022792023,0.47492877492877494,0.10427350427350428,0.098005698005698,0.014814814814814815,0.1868945868945869,0.5085832739521928,0.8649595870863216,2520.4922367695413
50-311,Quito,real_barrio_cne,5782,4598,0.07111957086001039,0.11169554455445545,0.2438602559667935,0.4683500518851608,0.12054652369422345,0.12331373227257005,0.01608439986163957,0.22760290556900725,0.2735524622762896,0.5424180635817769,2494.03825634901
50-139,Quito,real_barrio_cne,3588,2996,0.06465997770345597,0.05022376926902039,0.19425863991081382,0.4673913043478261,0.09448160535117058,0.09977703455964325,0.016164994425863992,0.17809364548494983,0.4841885153611067,0.8314817526467053,2491.119330929529
56-013,Conocoto,real_parroquia,4735,3791,0.0996832101372756,0.08775894538606403,0.22259767687434,0.48194297782470963,0.10517423442449841,0.11742344244984161,0.02259767687434002,0.2,0.3563718564566261,0.6560741982143916,2487.1772854307587
51-999,Alangasí,real_parroquia,6748,5090,0.24194519722975008,0.14011069035828722,0.254149377593361,0.47954949614700654,0.12714878482513337,0.12700059276822762,0.05527563722584469,0.1950207468879668,0.2334975369458128,0.48744919993436714,2481.1164276659288
50-197,Quito,real_barrio_cne,4450,3758,0.06394956090970502,0.06671993607670795,0.25573033707865167,0.4728089887640449,0.12943820224719102,0.12629213483146068,0.01348314606741573,0.2406741573033708,0.3569985221823446,0.6569341948950823,2468.7587044157194
50-063,Quito,real_barrio_cne,5152,4119,0.06832298136645963,0.09956709956709957,0.23990683229813664,0.4718555900621118,0.11995341614906832,0.11995341614906832,0.014945652173913044,0.22496118012422361,0.3116109731316324,0.5946471733996156,2449.3517072330164
50-157,Quito,real_barrio_cne,2812,2442,0.06234413965087282,0.08132530120481928,0.18029871977240397,0.47297297297297297,0.0903271692745377,0.08997155049786629,0.011024182076813657,0.1682076813655761,0.6069850471914879,1.0,2442.0
50-141,Quito,real_barrio_cne,3638,2928,0.13896532746285084,0.08009478672985781,0.2278724573941726,0.4851566794942276,0.11159978009895546,0.11627267729521715,0.034634414513468936,0.19323804288070368,0.4841885153611067,0.8314817526467053,2434.5785717495532
56-015,Conocoto,real_parroquia,4791,3708,0.13921864882365637,0.09711804184761152,0.26988102692548527,0.4844500104362346,0.13817574619077436,0.1317052807347109,0.040701314965560426,0.2218743477353371,0.3563718564566261,0.6560741982143916,2432.723126978964
57-002,Cumbayá,real_parroquia,3260,2811,0.03773006134969325,0.046511627906976744,0.21042944785276074,0.4638036809815951,0.09539877300613497,0.11503067484662577,0.008588957055214725,0.201840490797546,0.5085832739521928,0.8649595870863216,2431.40139929965
50-044,Quito,real_barrio_cne,3900,3256,0.04248197734294542,0.056532663316582916,0.19538461538461538,0.47025641025641024,0.09512820512820513,0.10025641025641026,0.007692307692307693,0.18769230769230769,0.4198480067552553,0.7431848799055887,2419.809968972597
56-016,Conocoto,real_parroquia,4737,3682,0.13679544015199493,0.10205696202531646,0.2391809161916825,0.4804728731264513,0.11610724086974879,0.12307367532193371,0.034409964112307366,0.20477095207937512,0.3563718564566261,0.6560741982143916,2415.66519782539
57-006,Cumbayá,real_parroquia,3348,2770,0.056152927120669056,0.05506493506493507,0.2216248506571087,0.47998805256869775,0.12037037037037036,0.10125448028673835,0.014635603345280765,0.20698924731182797,0.5085832739521928,0.8649595870863216,2395.9380562291108
50-049,Quito,real_barrio_cne,4872,4025,0.07028488251195675,0.07523843164959379,0.20463875205254517,0.46551724137931033,0.09626436781609195,0.10837438423645321,0.0180623973727422,0.1828817733990148,0.3116109731316324,0.5946471733996156,2393.454872933453
50-121,Quito,real_barrio_cne,4688,3664,0.11715749039692702,0.11417769376181475,0.25831911262798635,0.4754692832764505,0.12819965870307168,0.13011945392491467,0.033276450511945395,0.22504266211604096,0.3537960303510952,0.6525392962564884,2390.903981483774
50-127,Quito,real_barrio_cne,3431,2865,0.08347978910369068,0.06942236354001059,0.232293791897406,0.46342174293208976,0.12153890993879335,0.11075488195861265,0.018070533372194695,0.21422325852521132,0.4850875215986778,0.8327154923399763,2385.729885554032
57-008,Cumbayá,real_parroquia,3216,2727,0.11574362165525824,0.051457975986277875,0.18407960199004975,0.4723258706467662,0.09328358208955224,0.09079601990049752,0.020833333333333332,0.16324626865671643,0.5085832739521928,0.8649595870863216,2358.744793984399
50-125,Quito,real_barrio_cne,4489,3611,0.09244820672755624,0.07062780269058296,0.2356872354644687,0.4900868790376476,0.12430385386500334,0.11138338159946536,0.022722209846290933,0.21296502561817776,0.3537960303510952,0.6525392962564884,2356.3193987821796
50-152,Quito,real_barrio_cne,2945,2584,0.026825127334465196,0.07445652173913044,0.15585738539898134,0.4617996604414261,0.07640067911714771,0.07945670628183361,0.004414261460101867,0.15144312393887946,0.5407232105252602,0.9090664173086987,2349.0276223256774
50-037,Quito,real_barrio_cne,4226,3436,0.047337278106508875,0.10722398909586552,0.20776147657359204,0.4616658778987222,0.10033128253667771,0.10743019403691434,0.008282063416942735,0.19947941315664933,0.3736230842911878,0.6797486997336066,2335.6165322846723
57-005,Cumbayá,real_parroquia,3486,2696,0.10269650028686174,0.03885480572597137,0.2217441193344808,0.48623063683304646,0.1069994262765347,0.11474469305794607,0.02667814113597246,0.19506597819850832,0.5085832739521928,0.8649595870863216,2331.931046784723
56-003,Conocoto,real_parroquia,4482,3545,0.10776439089692101,0.08455420678107994,0.25412762159750113,0.50111557340473,0.13096831771530568,0.12315930388219545,0.0285586791610888,0.22556894243641232,0.3563718564566261,0.6560741982143916,2325.783032670018
50-128,Quito,real_barrio_cne,3302,2791,0.06515151515151515,0.08012651555086979,0.2192610539067232,0.465778316172017,0.10660205935796487,0.11265899454875833,0.015748031496062992,0.20290732889158086,0.4850875215986778,0.8327154923399763,2324.108939120874
56-012,Conocoto,real_parroquia,4217,3526,0.04250238777459408,0.06529774127310062,0.21199905145838274,0.46691961109793695,0.1057623903248755,0.10623666113350723,0.00758833293810766,0.20393644771164335,0.3563718564566261,0.6560741982143916,2313.317622903945
50-196,Quito,real_barrio_cne,4214,3502,0.08875177978168011,0.10118319053447572,0.24513526340768865,0.4779307071665876,0.11627906976744186,0.1288561936402468,0.02064546748932131,0.22448979591836735,0.3569985221823446,0.6569341948950823,2300.583550522578
50-035,Quito,real_barrio_cne,4253,3374,0.04293465439962255,0.10532736884912566,0.2292499412179638,0.48177756877498235,0.11333176581236774,0.11591817540559606,0.011051022807430049,0.2160827651069833,0.3736230842911878,0.6797486997336066,2293.4721129011887
70-002,Nayón,real_parroquia,4087,3085,0.1257646195253242,0.07864654778235025,0.27183753364325913,0.486665035478346,0.13604110594568142,0.1357964276975777,0.03572302422314656,0.23611450942011256,0.4183705241307732,0.7411572755534023,2286.470195082246
77-004,Pomasqui,real_parroquia,5258,3829,0.20186808997331301,0.1149875400498398,0.25599087105363255,0.4786991251426398,0.12286040319513122,0.13313046785850133,0.05534423735260555,0.200456447318372,0.3126380000748475,0.596056600668248,2282.3007239587214
50-354,Quito,real_barrio_cne,5304,4092,0.07429756741467095,0.10600210600210601,0.24434389140271492,0.5026395173453997,0.1276395173453997,0.11670437405731524,0.01809954751131222,0.22624434389140272,0.2836121437422552,0.5562233385704759,2276.0659014303874
50-353,Quito,real_barrio_cne,5486,4089,0.15885464161955135,0.1404494382022472,0.25246080933284726,0.48323004010207804,0.12285818446955887,0.12960262486328836,0.037914691943127965,0.2145461173897193,0.2836121437422552,0.5562233385704759,2274.397231414676
50-193,Quito,real_barrio_cne,3606,3136,0.05660377358490566,0.07120605251446373,0.1844148641153633,0.4772601220188575,0.09151414309484193,0.09290072102052135,0.010815307820299502,0.1735995562950638,0.4061395759717314,0.7243722905338109,2271.631503114031
79-999,Puembo,real_parroquia,11798,8934,0.18564041705518353,0.10796723752792256,0.2600440752669944,0.4936429903373453,0.13154771995253434,0.12849635531446008,0.04865231395151721,0.2113917613154772,0.063518595904722,0.2541807777383696,2270.851068314594
56-010,Conocoto,real_parroquia,4380,3447,0.09292237442922374,0.0690803162713275,0.23378995433789954,0.47511415525114153,0.11598173515981736,0.1178082191780822,0.021004566210045664,0.21278538812785389,0.3563718564566261,0.6560741982143916,2261.4877612450077
51-909,Alangasí,real_parroquia,6062,4622,0.20515787733509672,0.11687144141444411,0.2617947871989442,0.48614318706697457,0.13130979874628834,0.13048498845265588,0.05377763114483669,0.20801715605410756,0.2334975369458128,0.48744919993436714,2252.990202096645
50-150,Quito,real_barrio_cne,3156,2693,0.04026632847178187,0.07477138246369015,0.2522179974651457,0.4550063371356147,0.12896070975918886,0.12325728770595691,0.012991128010139416,0.23922686945500635,0.4841885153611067,0.8314817526467053,2239.1803598775773
50-254,Quito,real_barrio_cne,4272,3463,0.06396438612933458,0.06265664160401002,0.2345505617977528,0.48525280898876405,0.12476591760299625,0.10978464419475656,0.017322097378277154,0.2169943820224719,0.3468807906114886,0.6430492555885968,2226.8795721033107
50-165,Quito,real_barrio_cne,3734,3005,0.11917514729512588,0.12954333643988816,0.2466523835029459,0.48393144081414036,0.12694161756829137,0.11971076593465453,0.02785216925549009,0.2188002142474558,0.4175,0.739962622914521,2223.5876818581355
50-116,Quito,real_barrio_cne,3199,2666,0.05876836511409816,0.07050952135872363,0.22694592060018756,0.4635823694904658,0.10815879962488277,0.11878712097530478,0.018130665833072834,0.2088152547671147,0.4850875215986778,0.8327154923399763,2220.019502578377
50-163,Quito,real_barrio_cne,3993,2994,0.2066115702479339,0.15891294334408107,0.28575006260956676,0.4901076884547959,0.14300025043826697,0.14274981217129978,0.05559729526671676,0.23015276734284998,0.4175,0.739962622914521,2215.448093006076
50-233,Quito,real_barrio_cne,4898,4007,0.07267144319344933,0.11086797957695113,0.22396896692527563,0.4587586770110249,0.10575745202123316,0.11821151490404247,0.014087382605144957,0.20967741935483872,0.2807270676816425,0.5522640413984111,2212.9220138834335
84-002,Tumbaco,real_parroquia,6151,4675,0.17903858731196862,0.09127228027043639,0.23004389530157698,0.4887010242237035,0.10990082913347424,0.12014306616810275,0.04080637294748821,0.18923752235408878,0.2229687262954856,0.4730001215193621,2211.275568103018
50-162,Quito,real_barrio_cne,4045,2960,0.20722057368941643,0.1461961503208066,0.2734239802224969,0.4843016069221261,0.1342398022249691,0.1391841779975278,0.06328800988875155,0.21013597033374537,0.4175,0.739962622914521,2190.289363826982
50-043,Quito,real_barrio_cne,3583,2946,0.06339011449315833,0.07678571428571429,0.2174155735417248,0.492883058889199,0.11945297236952275,0.09796260117220207,0.013396595032096009,0.20346078704995813,0.4198480067552553,0.7431848799055887,2189.4226562018644
77-006,Pomasqui,real_parroquia,4513,3670,0.06359406159982274,0.08144087705559906,0.2093950808774651,0.4642144914690893,0.10170618214048305,0.10768889873698205,0.009749612231331709,0.1996454686461334,0.3126380000748475,0.596056600668248,2187.52772445247
50-108,Quito,real_barrio_cne,4453,3674,0.065798338198967,0.058934642992066494,0.2045811812261397,0.4747361329440826,0.09993262968785088,0.1046485515382888,0.009207275993712105,0.19537390523242756,0.3121550160188366,0.595393783686324,2187.476761263554
51-908,Alangasí,real_parroquia,5660,4486,0.07331794780756258,0.09325458501709667,0.22314487632508834,0.48551236749116605,0.11254416961130742,0.11060070671378092,0.016607773851590107,0.20636042402826854,0.2334975369458128,0.48744919993436714,2186.697110905571
50-045,Quito,real_barrio_cne,3722,2937,0.1276195593766792,0.09176365264100268,0.24986566362170876,0.48549167114454594,0.12439548629768941,0.12547017732401936,0.03304674905964535,0.2168189145620634,0.4198480067552553,0.7431848799055887,2182.733992282714
50-172,Quito,real_barrio_cne,2687,2398,0.05818724356583364,0.029443838604143947,0.17193896538890957,0.4469668775586156,0.0744324525493115,0.09750651283959806,0.006326758466691477,0.1656122069222181,0.5407232105252602,0.9090664173086987,2179.9412687062595
56-027,Conocoto,real_parroquia,4081,3322,0.056848811565792697,0.07314974182444062,0.2445479049252634,0.48615535407988236,0.12643959813771136,0.11810830678755208,0.012006861063464836,0.23254104386179858,0.3563718564566261,0.6560741982143916,2179.4784864682088
50-194,Quito,real_barrio_cne,4068,3317,0.14282196503324304,0.09955947136563877,0.2497541789577188,0.4995083579154376,0.13298918387413963,0.11676499508357915,0.03736479842674533,0.21238938053097345,0.3569985221823446,0.6569341948950823,2179.050724466988
56-008,Conocoto,real_parroquia,4330,3308,0.03672710367271037,0.06424242424242424,0.17090069284064666,0.47736720554272516,0.08267898383371824,0.08822170900692841,0.007390300230946882,0.16351039260969977,0.3563718564566261,0.6560741982143916,2170.2934476932073
50-025,Quito,real_barrio_cne,4166,3176,0.08377340374459914,0.10286225402504472,0.23043686989918388,0.47479596735477675,0.11377820451272204,0.11665866538646183,0.018963034085453672,0.2114738358137302,0.3736230842911878,0.6797486997336066,2158.8818703539346
50-252,Quito,real_barrio_cne,4024,3347,0.0914740243599304,0.16544454628780936,0.235337972166998,0.4823558648111332,0.11903578528827037,0.11630218687872763,0.019135188866799206,0.21620278330019882,0.3468807906114886,0.6430492555885968,2152.2858584550336
77-007,Pomasqui,real_parroquia,4390,3577,0.2498861047835991,0.07922024056408129,0.18952164009111616,0.483371298405467,0.10091116173120729,0.08861047835990889,0.04191343963553531,0.14760820045558087,0.3126380000748475,0.596056600668248,2132.094460590323
50-040,Quito,real_barrio_cne,3730,3130,0.03672922252010724,0.08259717314487633,0.25576407506702414,0.46836461126005363,0.12466487935656836,0.13109919571045575,0.009919571045576408,0.24584450402144772,0.3736230842911878,0.6797486997336066,2127.6134301661887
50-225,Quito,real_barrio_cne,4547,3796,0.03188915768638663,0.09142857142857143,0.21684627226742909,0.4719595337585221,0.11480096767099186,0.10204530459643721,0.005937981086430614,0.21090829118099846,0.2855555061574712,0.5588902870852502,2121.5475297756097
50-109,Quito,real_barrio_cne,4786,3559,0.09109903886335144,0.11262421788737578,0.23861262014208107,0.48307563727538655,0.12097785206853322,0.11763476807354785,0.021938988717091518,0.21667363142498955,0.3121550160188366,0.595393783686324,2119.006476139627
50-177,Quito,real_barrio_cne,3798,3215,0.08700237279198524,0.035402097902097904,0.18878357030015797,0.4660347551342812,0.0889942074776198,0.09978936282253818,0.016324381253291206,0.17245918904686677,0.3569985221823446,0.6569341948950823,2112.0434365876895
50-156,Quito,real_barrio_cne,2673,2316,0.07594463150018706,0.054505005561735265,0.19528619528619529,0.4713804713804714,0.09053497942386832,0.10475121586232697,0.01646090534979424,0.17882528993640104,0.5407232105252602,0.9090664173086987,2105.397822486946
50-279,Quito,real_barrio_cne,3960,3244,0.11864406779661017,0.07866227037211493,0.2222222222222222,0.4712121212121212,0.1143939393939394,0.10782828282828283,0.024242424242424242,0.19722222222222222,0.3468807906114886,0.6430492555885968,2086.051785129408
50-056,Quito,real_barrio_cne,4802,3485,0.18908788004997917,0.17244094488188977,0.2809246147438567,0.49396084964598086,0.1447313619325281,0.1361932528113286,0.04914618908788005,0.23177842565597667,0.3121550160188366,0.595393783686324,2074.947336146839
50-266,Quito,real_barrio_cne,4611,3689,0.09412274994578182,0.07680945347119646,0.2565603990457601,0.47364996746909566,0.1296898720451095,0.12687052700065063,0.024289741921492084,0.23227065712426806,0.2855555061574712,0.5588902870852502,2061.746269057488
50-406,Quito,real_barrio_cne,6030,4525,0.040961857379767826,0.14231974921630094,0.27313432835820894,0.48275290215588723,0.1338308457711443,0.13930348258706468,0.010447761194029851,0.2626865671641791,0.2096615562626555,0.45473819719838554,2057.6903423226945
50-347,Quito,real_barrio_cne,4762,3698,0.09171410499683745,0.13528963414634146,0.24653506929861402,0.4882402351952961,0.12599748005039899,0.12053758924821503,0.02015959680806384,0.2259554808903822,0.2836121437422552,0.5562233385704759,2056.9139060336197
50-036,Quito,real_barrio_cne,3749,3023,0.047746065617498,0.09099393373775082,0.22646038943718325,0.4731928514270472,0.1165644171779141,0.10989597225926914,0.010136036276340358,0.2163243531608429,0.3736230842911878,0.6797486997336066,2054.880319294693
50-393,Quito,real_barrio_cne,5745,4514,0.031179237066713116,0.08986318407960199,0.26979982593559615,0.4762402088772846,0.13455178416013924,0.1352480417754569,0.007310704960835509,0.26214099216710185,0.2096615562626555,0.45473819719838554,2052.6882221535125
84-014,Tumbaco,real_parroquia,5753,4329,0.16582652529115244,0.10132839048501699,0.2718581609594994,0.48583347818529465,0.13349556752998434,0.13836259342951504,0.04154354249956545,0.23031461845993395,0.2229687262954856,0.4730001215193621,2047.6175260573186
55-022,Calderón,real_parroquia,7970,6001,0.07214554579673776,0.09827666511411272,0.24065244667503136,0.477038895859473,0.11794228356336262,0.12271016311166875,0.018444165621079048,0.22220828105395232,0.1266315416264707,0.3407930202813737,2045.0989147085236
51-001,Alangasí,real_parroquia,5378,4182,0.13982893268873187,0.10218219605126429,0.22833767199702493,0.4724804760133879,0.1119375232428412,0.11640014875418371,0.03402751952398661,0.19431015247303832,0.2334975369458128,0.48744919993436714,2038.5125541255234
50-168,Quito,real_barrio_cne,3185,2753,0.06364209199747953,0.06262729124236252,0.2216640502354788,0.47127158555729987,0.11271585557299843,0.10894819466248037,0.012558869701726845,0.20910518053375196,0.4175,0.739962622914521,2037.1171008836761
50-064,Quito,real_barrio_cne,4141,3406,0.05264428881912581,0.10022371364653244,0.2146824438541415,0.4667954600338083,0.11035981646945182,0.10432262738468968,0.012315865732914755,0.20236657812122677,0.3116109731316324,0.5946471733996156,2025.3682725990907
50-280,Quito,real_barrio_cne,3782,3132,0.05023796932839767,0.10609697551608258,0.2387625594923321,0.4785827604442094,0.11739820200951877,0.12136435748281332,0.010576414595452142,0.22818614489687997,0.3468807906114886,0.6430492555885968,2014.0302685034853
56-004,Conocoto,real_parroquia,3904,3069,0.113560625480646,0.09925925925925926,0.2336065573770492,0.4713114754098361,0.11372950819672131,0.11987704918032786,0.02817622950819672,0.20543032786885246,0.3563718564566261,0.6560741982143916,2013.491714319968
77-005,Pomasqui,real_parroquia,4374,3345,0.16601607347876005,0.09376344086021506,0.24005486968449932,0.4846822130772748,0.11979881115683585,0.12025605852766347,0.039323273891175126,0.2007315957933242,0.3126380000748475,0.596056600668248,1993.8093292352894
56-014,Conocoto,real_parroquia,3788,3031,0.09872611464968153,0.10214318285453716,0.2286166842661035,0.48125659978880675,0.117740232312566,0.11087645195353749,0.02296726504751848,0.20538542766631468,0.3563718564566261,0.6560741982143916,1988.5608947878209
50-181,Quito,real_barrio_cne,3177,2687,0.048223350253807105,0.08791208791208792,0.2215926975133774,0.46427447277305633,0.1111111111111111,0.11048158640226628,0.012275731822474031,0.2074283915643689,0.4175,0.739962622914521,1988.279567771318
50-164,Quito,real_barrio_cne,3347,2635,0.10218105766357932,0.1285034373347435,0.2766656707499253,0.49895428742157155,0.14371078577830892,0.13295488497161637,0.028084852106363908,0.2485808186435614,0.4175,0.739962622914521,1949.8015113797628
70-001,Nayón,real_parroquia,3360,2626,0.16611891245891844,0.08479067302596714,0.27053571428571427,0.48660714285714285,0.13005952380952382,0.14047619047619048,0.045535714285714284,0.2244047619047619,0.4183705241307732,0.7411572755534023,1946.2790056032343
56-009,Conocoto,real_parroquia,3878,2964,0.09386281588447654,0.07967557251908397,0.23491490458999484,0.48194945848375453,0.11681279009798866,0.1181021144920062,0.025012893243940175,0.20990201134605466,0.3563718564566261,0.6560741982143916,1944.6039235074568
50-093,Quito,real_barrio_cne,3938,3258,0.05693950177935943,0.10104688211197087,0.22143219908583037,0.45022854240731336,0.10335195530726257,0.1180802437785678,0.011934992381919756,0.20949720670391062,0.3116109731316324,0.5946471733996156,1937.3604909359476
50-369,Quito,real_barrio_cne,4470,3463,0.07941834451901567,0.09322742474916387,0.25100671140939596,0.4841163310961969,0.12550335570469798,0.12550335570469798,0.01901565995525727,0.2319910514541387,0.2836121437422552,0.5562233385704759,1926.201421469558
56-018,Conocoto,real_parroquia,3767,2931,0.04539421290151314,0.10205949656750572,0.2301566233076719,0.4746482612158216,0.11441465357048049,0.1157419697371914,0.013007698433766923,0.21714892487390497,0.3563718564566261,0.6560741982143916,1922.953474966382
50-329,Quito,real_barrio_cne,4378,3455,0.04431247144814984,0.1303964757709251,0.23275468250342624,0.46779351301964367,0.11489264504339881,0.11786203746002741,0.011649154865235267,0.22110552763819097,0.2836121437422552,0.5562233385704759,1921.7516347609942
50-046,Quito,real_barrio_cne,3292,2579,0.13005165603160135,0.08601036269430051,0.25820170109356017,0.49362089914945323,0.13608748481166463,0.1221142162818955,0.040097205346294046,0.2181044957472661,0.4198480067552553,0.7431848799055887,1916.6738052765131
50-147,Quito,real_barrio_cne,2602,2305,0.04620716211012707,0.08850129198966408,0.2086856264411991,0.46887009992313605,0.10876249039200615,0.09992313604919292,0.008839354342813221,0.19830899308224442,0.4841885153611067,0.8314817526467053,1916.5654398506558
50-314,Quito,real_barrio_cne,4221,3389,0.051855375832540435,0.11140235910878113,0.2544420753375977,0.474532101397773,0.1324330727315802,0.12200900260601753,0.014214641080312722,0.23880597014925373,0.2900763358778626,0.5650943898372349,1915.1048871583891
84-007,Tumbaco,real_parroquia,5095,4045,0.08431603773584906,0.05860048259220958,0.1988223748773307,0.48537782139352303,0.10382728164867518,0.09499509322865554,0.019823356231599608,0.17899901864573112,0.2229687262954856,0.4730001215193621,1913.2854915458197
50-250,Quito,real_barrio_cne,4333,3382,0.07170946102243812,0.1035653650254669,0.22778675282714056,0.4738056773597969,0.1165474267251327,0.11123932610200785,0.014078006000461574,0.21347795984306486,0.2900763358778626,0.5650943898372349,1911.1492264295284
50-327,Quito,real_barrio_cne,4481,3519,0.07757657053431702,0.10884631064003261,0.24815889310421782,0.4981031019861638,0.13233653202410176,0.11582236108011605,0.016960499888417763,0.23052889979915198,0.2735524622762896,0.5424180635817769,1908.7691657442729
50-355,Quito,real_barrio_cne,4422,3429,0.06763175752092287,0.11362627607634265,0.24287652645861602,0.48507462686567165,0.12324739936680235,0.11962912709181366,0.016282225237449117,0.2265943012211669,0.2836121437422552,0.5562233385704759,1907.2898279581618
50-065,Quito,real_barrio_cne,3916,3199,0.06920326864147089,0.10248306997742664,0.21756894790602654,0.4685903983656793,0.10801838610827375,0.10955056179775281,0.02017364657814096,0.1973953013278856,0.3116109731316324,0.5946471733996156,1902.2763077053703
50-161,Quito,real_barrio_cne,3298,2567,0.15312310491206793,0.10586944596818432,0.24408732565191024,0.4839296543359612,0.1212856276531231,0.12280169799878714,0.04002425712553062,0.20406306852637962,0.4175,0.739962622914521,1899.4840530215754
50-326,Quito,real_barrio_cne,4841,3723,0.1167114232596571,0.14089624545821558,0.2677132823796736,0.47841355091923154,0.1334435034083867,0.13426977897128692,0.03201817806238381,0.23569510431728982,0.2497268302374093,0.5097212626751959,1897.6922609397543
56-028,Conocoto,real_parroquia,3687,2892,0.03173311635475997,0.08517971442639094,0.199077841063195,0.4792514239218877,0.09764035801464606,0.10143748304854895,0.005153241117439653,0.19392459994575537,0.3563718564566261,0.6560741982143916,1897.3665812360205
50-346,Quito,real_barrio_cne,4354,3407,0.037436839687643546,0.13544792113159024,0.22783647220946257,0.4761139182361047,0.11414790996784566,0.1136885622416169,0.008497932935231971,0.21933853927423058,0.2836121437422552,0.5562233385704759,1895.0529145096114
56-023,Conocoto,real_parroquia,3763,2884,0.1772521923996811,0.08513779527559055,0.24926920010629816,0.46532022322614935,0.12463460005314908,0.12463460005314908,0.04650544778102578,0.20276375232527238,0.3563718564566261,0.6560741982143916,1892.1179876503054
56-024,Conocoto,real_parroquia,3686,2883,0.18204015192620726,0.07944643772424398,0.24633749321758003,0.4777536625067824,0.12669560499186108,0.11964188822571893,0.04557786218122626,0.20075963103635378,0.3563718564566261,0.6560741982143916,1891.461913452091
56-002,Conocoto,real_parroquia,3789,2882,0.10530482977038796,0.11255411255411256,0.26365795724465557,0.4819213512800211,0.1277381894959092,0.13591976774874637,0.026392187912377935,0.23726576933227764,0.3563718564566261,0.6560741982143916,1890.8058392538767
50-160,Quito,real_barrio_cne,3434,2551,0.13541059988351775,0.15121698601760747,0.2699475829935935,0.488351776354106,0.13278974956319162,0.13715783343040186,0.0343622597553873,0.23558532323820616,0.4175,0.739962622914521,1887.644651054943
50-345,Quito,real_barrio_cne,4266,3391,0.05231057940417546,0.12856516015796401,0.23417721518987342,0.48499765588373184,0.1183778715424285,0.11579934364744492,0.012658227848101266,0.22128457571495547,0.2836121437422552,0.5562233385704759,1886.1533410924837
50-342,Quito,real_barrio_cne,4500,3388,0.1844097995545657,0.12233400402414486,0.25733333333333336,0.4948888888888889,0.1282222222222222,0.12911111111111112,0.051111111111111114,0.206,0.2836121437422552,0.5562233385704759,1884.4846710767724
50-352,Quito,real_barrio_cne,4642,3691,0.07195174493752693,0.10732673267326732,0.24299870745368377,0.48211977595863853,0.12171477811288238,0.12128392934080137,0.021542438604049977,0.2214562688496338,0.2497268302374093,0.5097212626751959,1881.3811805341481
50-220,Quito,real_barrio_cne,3451,2859,0.10289855072463767,0.12373225152129817,0.2442770211532889,0.4737757171834251,0.12083454071283686,0.12344248044045204,0.027238481599536367,0.21703853955375255,0.3569985221823446,0.6569341948950823,1878.1748632050403
84-009,Tumbaco,real_parroquia,5101,3970,0.13076923076923078,0.0725314183123878,0.22172123113115075,0.46539894138404236,0.10076455596941776,0.12095667516173299,0.028425798862968046,0.19329543226818272,0.2229687262954856,0.4730001215193621,1877.8104824318675
56-001,Conocoto,real_parroquia,3814,2848,0.14735186156266386,0.11632453567937438,0.2758259045621395,0.4908232826428946,0.13869952805453592,0.13712637650760356,0.03959098059779759,0.2362349239643419,0.3563718564566261,0.6560741982143916,1868.4993165145872
50-259,Quito,real_barrio_cne,4056,3381,0.05376078914919852,0.0975609756097561,0.2445759368836292,0.47855029585798814,0.1222879684418146,0.1222879684418146,0.012080867850098619,0.23249506903353057,0.2807270676816425,0.5522640413984111,1867.204723968028
50-059,Quito,real_barrio_cne,4309,3125,0.15366759517177345,0.1521933751119069,0.28243211882107216,0.49036899512647947,0.13738686470178696,0.1450452541192852,0.04362961243908099,0.2388025063819912,0.3121550160188366,0.595393783686324,1860.6055740197626
50-343,Quito,real_barrio_cne,4204,3344,0.06446241674595624,0.12583668005354753,0.25190294957183634,0.4774024738344434,0.12868696479543293,0.12321598477640343,0.01736441484300666,0.23453853472882968,0.2836121437422552,0.5562233385704759,1860.0108441796715
55-012,Calderón,real_parroquia,7534,5454,0.16440903054448872,0.18647738209817133,0.2644013804088134,0.48141757366604726,0.12569684098752323,0.13870453942129016,0.04167772763472259,0.2224581895407486,0.1266315416264707,0.3407930202813737,1858.6851326146123
56-030,Conocoto,real_parroquia,3607,2832,0.09342944275020792,0.10401647785787847,0.23509841973939563,0.49708899362350983,0.1186581646797893,0.11644025505960633,0.02273357360687552,0.2123648461325201,0.3563718564566261,0.6560741982143916,1858.002129343157
50-124,Quito,real_barrio_cne,3513,2845,0.04896100199259892,0.05151064883605745,0.2166239681184173,0.4779390834044976,0.11215485340165102,0.1044691147167663,0.009109023626530032,0.2075149444918873,0.3537960303510952,0.6525392962564884,1856.4742978497095
50-195,Quito,real_barrio_cne,3291,2822,0.08875379939209727,0.07399687337154769,0.23579459130963232,0.4576116681859617,0.11941659070191431,0.11637800060771802,0.019143117593436645,0.21634761470677605,0.3569985221823446,0.6569341948950823,1853.8682979939224
50-258,Quito,real_barrio_cne,4126,3345,0.06669900557846228,0.08147174770039421,0.21497818710615607,0.4857004362578769,0.11076102762966554,0.10421715947649055,0.012603005332040717,0.20237518177411537,0.2807270676816425,0.5522640413984111,1847.3232184776853
50-230,Quito,real_barrio_cne,4211,3305,0.09095226786986464,0.15105241436236072,0.2671574447874614,0.48658275943956303,0.1306103063405367,0.13654713844692473,0.02825932082640703,0.2388981239610544,0.2855555061574712,0.5588902870852502,1847.1323988167521
50-308,Quito,real_barrio_cne,4362,3398,0.0991507918292403,0.1349274124679761,0.23429619440623567,0.4864740944520862,0.12173314993122421,0.11256304447501146,0.025905547913801008,0.20839064649243466,0.2735524622762896,0.5424180635817769,1843.136580050878
50-188,Quito,real_barrio_cne,2904,2485,0.058031088082901555,0.0669772859638905,0.25895316804407714,0.45179063360881544,0.11363636363636363,0.1453168044077135,0.015151515151515152,0.24311294765840222,0.4175,0.739962622914521,1838.8071179425847
50-106,Quito,real_barrio_cne,2374,2032,0.04259805989034163,0.0707442888725129,0.2005054759898905,0.4764111204717776,0.10067396798652065,0.09983150800336985,0.009267059814658803,0.19081718618365628,0.535782464962518,0.9022860484298614,1833.4452504094784
50-419,Quito,real_barrio_cne,5862,4014,0.12640736949846468,0.20131629887727448,0.2835209825997953,0.4767997270556124,0.1403957693619925,0.1431252132378028,0.03548277038553395,0.24803821221426134,0.2107060991505236,0.4561716622492717,1831.0730522685765
50-282,Quito,real_barrio_cne,4235,3239,0.11568674125208284,0.07945463093559003,0.25832349468713106,0.47461629279811096,0.12892561983471074,0.1293978748524203,0.02833530106257379,0.22880755608028336,0.2900763358778626,0.5650943898372349,1830.340728682804
50-323,Quito,real_barrio_cne,4603,3590,0.09515533347816642,0.15132924335378323,0.26786878122963287,0.4742559200521399,0.1346947642841625,0.13317401694547035,0.024331957419074516,0.24353682381055833,0.2497268302374093,0.5097212626751959,1829.8993330039534
50-033,Quito,real_barrio_cne,3626,2691,0.12244897959183673,0.15067024128686327,0.26365140650854935,0.4801434087148373,0.1321014892443464,0.13154991726420298,0.03337010479867623,0.23028130170987313,0.3736230842911878,0.6797486997336066,1829.2037509831355
50-328,Quito,real_barrio_cne,4195,3284,0.048414023372287146,0.1390051139005114,0.22598331346841477,0.4686531585220501,0.11513706793802145,0.11084624553039332,0.0100119189511323,0.21573301549463647,0.2836121437422552,0.5562233385704759,1826.637443865443
50-391,Quito,real_barrio_cne,5244,4010,0.049573973663826494,0.09819213045019497,0.2707856598016781,0.4792143401983219,0.13234172387490464,0.13844393592677345,0.016590389016018305,0.2429443173150267,0.2096615562626555,0.45473819719838554,1823.500170765526
84-006,Tumbaco,real_parroquia,4835,3854,0.06018614270941055,0.04652042360060514,0.20186142709410548,0.47735263702171665,0.0984488107549121,0.10341261633919338,0.012616339193381593,0.1892450879007239,0.2229687262954856,0.4730001215193621,1822.9424683356215
50-191,Quito,real_barrio_cne,2800,2513,0.1651673263763944,0.05519828510182208,0.25857142857142856,0.4496428571428571,0.115,0.14357142857142857,0.04071428571428572,0.21714285714285714,0.4061395759717314,0.7243722905338109,1820.347566111467
84-001,Tumbaco,real_parroquia,5211,3845,0.22529265016311648,0.12014519056261343,0.25772404528881215,0.48397620418345805,0.1247361350988294,0.13298791018998274,0.05776242563807331,0.19996161965073883,0.2229687262954856,0.4730001215193621,1818.6854672419472
50-330,Quito,real_barrio_cne,4097,3262,0.055162313888210884,0.08248423095584667,0.24456919697339516,0.484012692213815,0.1257017329753478,0.11886746399804735,0.011715889675372224,0.23285330729802295,0.2836121437422552,0.5562233385704759,1814.4005304168925
84-015,Tumbaco,real_parroquia,5183,3815,0.18432734993244548,0.08163992869875222,0.273972602739726,0.48176731622612384,0.13351340922245802,0.140459193517268,0.04842755161103608,0.22554505112868994,0.2229687262954856,0.4730001215193621,1804.4954635963663
50-100,Quito,real_barrio_cne,3956,3023,0.11880687563195147,0.11223087494273935,0.24772497472194135,0.4840748230535895,0.12714863498483317,0.12057633973710818,0.027805864509605663,0.2199191102123357,0.3121550160188366,0.595393783686324,1799.8754080837575
50-111,Quito,real_barrio_cne,3826,3022,0.23941453214845793,0.07890148212728858,0.21432305279665448,0.47987454260324097,0.10507056978567694,0.10925248301097752,0.04181913225300575,0.17250392054364871,0.3121550160188366,0.595393783686324,1799.2800143000711
84-010,Tumbaco,real_parroquia,4961,3795,0.14714775246926023,0.0653211009174312,0.2473291675065511,0.4793388429752066,0.1273936706309212,0.11993549687562992,0.038701874622052004,0.2086272928844991,0.2229687262954856,0.4730001215193621,1795.035461165979
50-178,Quito,real_barrio_cne,2191,1970,0.2491968793024323,0.0351506456241033,0.12779552715654952,0.4509356458238247,0.05568233683249658,0.07211319032405294,0.028297581013235967,0.09949794614331356,0.5407232105252602,0.9090664173086987,1790.8608420981366
56-020,Conocoto,real_parroquia,3435,2724,0.10742358078602621,0.10208333333333333,0.23406113537117904,0.46812227074235807,0.11062590975254731,0.12343522561863174,0.021834061135371178,0.21222707423580786,0.3563718564566261,0.6560741982143916,1787.1461159360028
50-207,Quito,real_barrio_cne,4127,2962,0.24376060092076568,0.10777300906056271,0.2735643324448752,0.48534044099830387,0.12866488975042403,0.14489944269445118,0.07123818754543251,0.2023261448994427,0.3176688362094704,0.6029606041892865,1785.9693096086667
77-003,Pomasqui,real_parroquia,3826,2988,0.11395713538944068,0.0931615460852329,0.23549398849973863,0.4683742812336644,0.11787767903815996,0.11761630946157867,0.02770517511761631,0.20778881338212232,0.3126380000748475,0.596056600668248,1781.0171227967248
50-375,Quito,real_barrio_cne,5002,3872,0.12674930027988804,0.15132547864506626,0.2632946821271491,0.49300279888044785,0.133546581367453,0.12974810075969612,0.029388244702119152,0.23390643742502998,0.2107060991505236,0.4561716622492717,1766.29667622918
50-151,Quito,real_barrio_cne,2220,1942,0.07117117117117117,0.04036827195467422,0.1783783783783784,0.4536036036036036,0.08333333333333333,0.09504504504504505,0.011711711711711712,0.16666666666666666,0.5407232105252602,0.9090664173086987,1765.4069824134929
50-167,Quito,real_barrio_cne,2778,2381,0.04576576576576576,0.07586206896551724,0.18934485241180707,0.44420446364290855,0.08999280057595392,0.09935205183585313,0.009719222462203024,0.17962562994960404,0.4175,0.739962622914521,1761.8510051594744
50-291,Quito,real_barrio_cne,3900,3217,0.03942282916774027,0.11228915662650603,0.2312820512820513,0.48205128205128206,0.12282051282051282,0.10846153846153846,0.007948717948717949,0.22076923076923077,0.2735524622762896,0.5424180635817769,1744.9589105425764
50-102,Quito,real_barrio_cne,3763,2929,0.14350252458145096,0.08236389018147976,0.2668083975551422,0.4876428381610417,0.13606165293648684,0.13074674461865532,0.0385330853042785,0.22827531225086367,0.3121550160188366,0.595393783686324,1743.908392417243
55-011,Calderón,real_parroquia,7001,5114,0.14526737203317128,0.1414419372592185,0.2809598628767319,0.4916440508498786,0.13383802313955148,0.1471218397371804,0.038708755892015424,0.24225110698471647,0.1266315416264707,0.3407930202813737,1742.8155057189451
50-267,Quito,real_barrio_cne,3956,3113,0.1307206068268015,0.09283088235294118,0.24721941354903942,0.4924165824064712,0.12942366026289182,0.11779575328614762,0.03564206268958544,0.211577350859454,0.2855555061574712,0.5588902870852502,1739.825463696384
50-260,Quito,real_barrio_cne,4751,3805,0.07666385846672283,0.0980465815176559,0.23952852031151337,0.4784255946116607,0.1292359503262471,0.11029256998526626,0.01725952431067144,0.22226899600084193,0.210236634531113,0.4555273984929733,1733.2817512657634
50-253,Quito,real_barrio_cne,3223,2693,0.06053042121684867,0.06980703745743473,0.23859757989450822,0.4762643499844865,0.12503878374185542,0.11355879615265281,0.018305926155755506,0.2202916537387527,0.3468807906114886,0.6430492555885968,1731.7316453000913
50-265,Quito,real_barrio_cne,3958,3088,0.10864072764022234,0.11242344706911636,0.2791814047498737,0.4946942900454775,0.14679130874178878,0.13239009600808488,0.03461344113188479,0.24456796361798888,0.2855555061574712,0.5588902870852502,1725.8532065192528
55-049,Calderón,real_parroquia,6740,5059,0.12201276532581268,0.09946091644204852,0.25089020771513354,0.4916913946587537,0.12537091988130564,0.1255192878338279,0.026706231454005934,0.2241839762611276,0.1266315416264707,0.3407930202813737,1724.0718896034696
50-057,Quito,real_barrio_cne,4069,2891,0.21643087614792753,0.157644824311491,0.2695994101744901,0.47825018432047184,0.1292700909314328,0.14032931924305725,0.050872450233472595,0.21479478987466208,0.3121550160188366,0.595393783686324,1721.2834286371626
50-058,Quito,real_barrio_cne,3947,2872,0.2133265771472004,0.15585079202861524,0.288066886242716,0.4834051178109957,0.1418799087914872,0.14618697745122877,0.061565746136306054,0.22650114010640993,0.3121550160188366,0.595393783686324,1709.9709467471225
50-066,Quito,real_barrio_cne,2777,2290,0.07505438723712836,0.094375,0.2329852358660425,0.4692113791861721,0.11847317248829672,0.11451206337774576,0.016564638098667626,0.21570039611091105,0.4198480067552553,0.7431848799055887,1701.8933749837981
50-092,Quito,real_barrio_cne,3384,2859,0.0357565011820331,0.06909090909090909,0.2157210401891253,0.45656028368794327,0.10815602836879433,0.10756501182033097,0.0076832151300236405,0.20803782505910165,0.3116109731316324,0.5946471733996156,1700.096268749501
50-281,Quito,real_barrio_cne,3821,2987,0.10159727677402461,0.10492923377257199,0.24470034022507198,0.4836430253860246,0.12195760272180058,0.1227427375032714,0.021983773881182937,0.22271656634388903,0.2900763358778626,0.5650943898372349,1687.9369424438207
50-032,Quito,real_barrio_cne,3330,2481,0.08858858858858859,0.12813211845102507,0.27807807807807805,0.4936936936936937,0.13753753753753753,0.14054054054054055,0.021021021021021023,0.25705705705705706,0.3736230842911878,0.6797486997336066,1686.456524039078
70-999,Nayón,real_parroquia,2920,2274,0.11883561643835616,0.04619076184763048,0.20410958904109588,0.48356164383561645,0.10821917808219178,0.0958904109589041,0.0273972602739726,0.17671232876712328,0.4183705241307732,0.7411572755534023,1685.3916446084368
57-012,Cumbayá,real_parroquia,2677,1947,0.14904744116548374,0.11072664359861592,0.2812850205453866,0.49570414643257377,0.15016809861785582,0.13111692192753083,0.04333208815838625,0.23795293238700038,0.5085832739521928,0.8649595870863216,1684.0763160570682
50-289,Quito,real_barrio_cne,3261,2617,0.057344372891751,0.08328736900165472,0.22355105795768168,0.4676479607482367,0.11683532658693652,0.10671573137074516,0.012572830420116528,0.21097822753756518,0.3468807906114886,0.6430492555885968,1682.859901875358
50-257,Quito,real_barrio_cne,3691,3043,0.06800325115144946,0.09702660406885759,0.22785153075047412,0.48523435383364943,0.11108100785694934,0.11677052289352478,0.015984827959902467,0.21186670279057165,0.2807270676816425,0.5522640413984111,1680.5394779753651
50-170,Quito,real_barrio_cne,2113,1844,0.04838709677419355,0.04953998584571833,0.19451017510648366,0.45858968291528635,0.08802650260293422,0.10648367250354945,0.00709891150023663,0.18646474207288216,0.5407232105252602,0.9090664173086987,1676.3184735172406
50-408,Quito,real_barrio_cne,4957,3677,0.09683276175105911,0.14441519368183528,0.2757716360702038,0.4926366754085132,0.13798668549525922,0.13778495057494453,0.028242888844058907,0.24752874722614485,0.2096615562626555,0.45473819719838554,1672.0723510984637
50-189,Quito,real_barrio_cne,2667,2308,0.07741935483870968,0.09441805225653206,0.23697037870266216,0.47844019497562806,0.1177352830896138,0.11923509561304838,0.021747281589801274,0.2144731908511436,0.4061395759717314,0.7243722905338109,1671.8512465520355
50-251,Quito,real_barrio_cne,3689,2954,0.061513336962438755,0.10689655172413794,0.2350230414746544,0.4730279208457577,0.11114123068582271,0.12388181078883166,0.013553808620222282,0.22065600433721877,0.2900763358778626,0.5650943898372349,1669.288827579192
50-031,Quito,real_barrio_cne,3205,2452,0.09734789391575663,0.08349900596421471,0.2645865834633385,0.49578783151326056,0.12854914196567863,0.1360374414976599,0.022776911076443057,0.24180967238689546,0.3736230842911878,0.6797486997336066,1666.7438117468034
56-029,Conocoto,real_parroquia,3203,2540,0.08680664368536509,0.08955223880597014,0.22822354043084608,0.49953168904152356,0.12113643459256947,0.10708710583827662,0.02123009678426475,0.20699344364658134,0.3563718564566261,0.6560741982143916,1666.4284634645546
50-263,Quito,real_barrio_cne,3801,2981,0.08287292817679558,0.11063829787234042,0.2430939226519337,0.47750591949486976,0.12154696132596685,0.12154696132596685,0.02157327019205472,0.22152065245987898,0.2855555061574712,0.5588902870852502,1666.051945801131
56-005,Conocoto,real_parroquia,3280,2538,0.10548780487804878,0.074034902168165,0.2274390243902439,0.48323170731707316,0.11310975609756098,0.11432926829268293,0.028658536585365855,0.19878048780487806,0.3563718564566261,0.6560741982143916,1665.116315068126
57-011,Cumbayá,real_parroquia,2598,1925,0.13212634822804314,0.05960729312762973,0.24749807544264818,0.4942263279445728,0.12509622786759045,0.12240184757505773,0.03464203233256351,0.2128560431100847,0.5085832739521928,0.8649595870863216,1665.0472051411691
50-309,Quito,real_barrio_cne,3713,3053,0.11284675464583895,0.13484302624806999,0.2456234850525182,0.4834365741987611,0.1252356584971721,0.12038782655534608,0.03043361163479666,0.21518987341772153,0.2735524622762896,0.5424180635817769,1656.002348115165
50-383,Quito,real_barrio_cne,4957,3615,0.2729473471857979,0.17602848101265822,0.2931208392172685,0.49989913253984264,0.15311680451886223,0.1400040346984063,0.08008876336493848,0.21303207585233003,0.2107060991505236,0.4561716622492717,1649.0605590311172
50-294,Quito,real_barrio_cne,3896,3037,0.11575975359342916,0.11466165413533834,0.23562628336755648,0.4797227926078029,0.11036960985626283,0.12525667351129363,0.029774127310061602,0.20585215605749488,0.2735524622762896,0.5424180635817769,1647.3236590978565
50-123,Quito,real_barrio_cne,3362,2516,0.16750966974114848,0.0824353448275862,0.24925639500297442,0.47501487209994053,0.12135633551457466,0.12790005948839978,0.04045211183819155,0.20880428316478286,0.3537960303510952,0.6525392962564884,1641.788869381325
56-026,Conocoto,real_parroquia,2970,2493,0.04676380887834632,0.05020673360897814,0.198989898989899,0.4727272727272727,0.09932659932659933,0.09966329966329966,0.011784511784511785,0.18686868686868688,0.3563718564566261,0.6560741982143916,1635.5929761484783
50-288,Quito,real_barrio_cne,3767,2890,0.09641434262948208,0.09435846230654019,0.2402442261746748,0.4850013273161667,0.11892752853729759,0.12131669763737722,0.023626227767454207,0.21608707194053622,0.2900763358778626,0.5650943898372349,1633.122786629609
50-208,Quito,real_barrio_cne,3676,2705,0.18090315560391731,0.1098546042003231,0.25217627856365615,0.4839499455930359,0.12540805223068552,0.1267682263329706,0.03890097932535364,0.2132752992383025,0.3176688362094704,0.6029606041892865,1631.00843433202
50-386,Quito,real_barrio_cne,4893,3532,0.17923564275495607,0.1508,0.28448804414469653,0.47782546494992845,0.13733905579399142,0.14714898835070508,0.044962190884937664,0.23952585325975884,0.2107060991505236,0.4561716622492717,1611.1983110644276
50-171,Quito,real_barrio_cne,2038,1771,0.05156172533465543,0.05644546147978642,0.17124631992149167,0.4646712463199215,0.08194308145240432,0.08930323846908735,0.010794896957801767,0.1604514229636899,0.5407232105252602,0.9090664173086987,1609.9566250537055
50-344,Quito,real_barrio_cne,3629,2886,0.0840683572216097,0.11226725082146768,0.22898870212179664,0.4789198126205566,0.11463213006337834,0.1143565720584183,0.01956461835216313,0.2094240837696335,0.2836121437422552,0.5562233385704759,1605.2605551143934
84-013,Tumbaco,real_parroquia,4540,3392,0.13566062748563854,0.07177225340817964,0.21894273127753303,0.4797356828193833,0.10859030837004405,0.11035242290748899,0.033480176211453744,0.18546255506607928,0.2229687262954856,0.4730001215193621,1604.4164121936763
50-113,Quito,real_barrio_cne,2051,1777,0.047992164544564155,0.056255247691015954,0.2052657240370551,0.46318868844466116,0.10336421257922965,0.10190151145782544,0.0078010726474890294,0.19746465138956606,0.535782464962518,0.9022860484298614,1603.3623080598636
50-227,Quito,real_barrio_cne,3830,2861,0.24621409921671017,0.14319359397079603,0.2906005221932115,0.48485639686684073,0.1381201044386423,0.1524804177545692,0.07258485639686683,0.21801566579634465,0.2855555061574712,0.5588902870852502,1598.985111350901
50-231,Quito,real_barrio_cne,3664,2858,0.0968886462882096,0.10014374700527072,0.2603711790393013,0.4814410480349345,0.12718340611353712,0.1331877729257642,0.02237991266375546,0.23799126637554585,0.2855555061574712,0.5588902870852502,1597.3084404896451
84-003,Tumbaco,real_parroquia,4408,3369,0.15403811252268604,0.07837384744341995,0.25499092558983666,0.4922867513611615,0.12477313974591651,0.13021778584392016,0.041742286751361164,0.2132486388384755,0.2229687262954856,0.4730001215193621,1593.537409398731
55-027,Calderón,real_parroquia,6042,4664,0.04850993377483444,0.105,0.24280039721946375,0.47831843760344256,0.12363455809334657,0.11916583912611718,0.009930486593843098,0.23270440251572327,0.1266315416264707,0.3407930202813737,1589.4586465923269
50-211,Quito,real_barrio_cne,3283,2634,0.14559853792263175,0.1207910208444682,0.24703015534572037,0.4931465123362778,0.12610417301248858,0.1209259823332318,0.031373743527261654,0.21565641181845874,0.3176688362094704,0.6029606041892865,1588.1982314345807
50-310,Quito,real_barrio_cne,3614,2925,0.07470946319867183,0.17737917289486796,0.2379634753735473,0.484781405644715,0.12313226342003321,0.11483121195351412,0.01466519092418373,0.2232982844493636,0.2735524622762896,0.5424180635817769,1586.5728359766974
50-091,Quito,real_barrio_cne,3176,2668,0.06405806248027769,0.09448818897637795,0.2169395465994962,0.4593828715365239,0.10138539042821158,0.11555415617128463,0.01102015113350126,0.20591939546599497,0.3116109731316324,0.5946471733996156,1586.5186586301743
50-399,Quito,real_barrio_cne,4777,3462,0.16229817571817992,0.1686451084731887,0.27129997906635966,0.48272974670295166,0.13041657944316518,0.14088339962319446,0.04563533598492778,0.2248272974670295,0.2096615562626555,0.45473819719838554,1574.3036387008108
50-203,Quito,real_barrio_cne,3147,2600,0.058187599364069954,0.10998206814106395,0.22529393072767714,0.4687003495392437,0.11312360978709883,0.11217032094057833,0.01271051795360661,0.21226564982523038,0.3176688362094704,0.6029606041892865,1567.697570892145
50-402,Quito,real_barrio_cne,4738,3428,0.16293794850147741,0.1982164572355087,0.28936260025327143,0.49493457154917686,0.14774166314900802,0.1416209371042634,0.04411143942591811,0.24525116082735332,0.2096615562626555,0.45473819719838554,1558.8425399960656
56-007,Conocoto,real_parroquia,3090,2374,0.06666666666666667,0.06647887323943662,0.21650485436893205,0.4961165048543689,0.11553398058252427,0.10097087378640776,0.014563106796116505,0.20194174757281552,0.3563718564566261,0.6560741982143916,1557.5201465609657
50-190,Quito,real_barrio_cne,2380,2143,0.05143338954468803,0.054187192118226604,0.23067226890756304,0.4810924369747899,0.10336134453781512,0.1273109243697479,0.010924369747899159,0.21932773109243697,0.4061395759717314,0.7243722905338109,1552.3298186139568
50-198,Quito,real_barrio_cne,2795,2362,0.07275985663082438,0.07269279393173199,0.23255813953488372,0.46833631484794275,0.10590339892665473,0.12665474060822898,0.016100178890876567,0.21645796064400716,0.3569985221823446,0.6569341948950823,1551.6785683421845
56-025,Conocoto,real_parroquia,2862,2362,0.0700280112044818,0.08080155138978669,0.20475192173305382,0.4640111809923131,0.09154437456324249,0.11320754716981132,0.015373864430468204,0.18867924528301888,0.3563718564566261,0.6560741982143916,1549.647256182393
50-331,Quito,real_barrio_cne,3553,2851,0.05206867435969603,0.12230971128608924,0.22994652406417113,0.47115113988179,0.1080776808330988,0.12186884323107233,0.011820996341120181,0.21812552772305094,0.2735524622762896,0.5424180635817769,1546.433899271646
50-290,Quito,real_barrio_cne,3437,2850,0.08149010477299184,0.10264721772015127,0.21268548152458538,0.4652313063718359,0.10154204247890602,0.11114343904567937,0.013092813500145475,0.19959266802443992,0.2735524622762896,0.5424180635817769,1545.8914812080643
50-374,Quito,real_barrio_cne,4358,3385,0.09141019751952228,0.12132505175983437,0.25631023405231756,0.4726938962826985,0.1312528682882056,0.12505736576411197,0.01973382285452042,0.23657641119779715,0.2107060991505236,0.4561716622492717,1544.1410767137847
50-368,Quito,real_barrio_cne,3517,2770,0.03298265567244811,0.1319796954314721,0.24168325277224909,0.46971851009383,0.12453795848734717,0.1171452942849019,0.006255331248222917,0.23542792152402617,0.2836121437422552,0.5562233385704759,1540.7386478402182
80-007,San Antonio,real_parroquia,6317,4886,0.10708062727704737,0.10935637663885578,0.2327053981320247,0.4783916416020263,0.11524457812252652,0.11746082000949817,0.02501187272439449,0.2076935254076302,0.1078990375885237,0.3150857083405627,1539.5087709519894
84-004,Tumbaco,real_parroquia,4290,3247,0.14085494043447794,0.07537248028045573,0.24545454545454545,0.47692307692307695,0.12167832167832168,0.12377622377622377,0.03636363636363636,0.20909090909090908,0.2229687262954856,0.4730001215193621,1535.8313945733687
55-026,Calderón,real_parroquia,6018,4503,0.0988188321410747,0.10139103554868624,0.24343635759388502,0.49534729145895645,0.12246593552675307,0.12097042206713193,0.025257560651379195,0.2181787969425058,0.1266315416264707,0.3407930202813737,1534.5909703270258
50-351,Quito,real_barrio_cne,3983,3009,0.08059251820236003,0.13090229079008883,0.2671353251318102,0.4853125784584484,0.13557619884509164,0.13155912628671856,0.025106703489831784,0.24202862164197841,0.2497268302374093,0.5097212626751959,1533.7512793896644
55-053,Calderón,real_parroquia,6047,4497,0.13858111460228212,0.10003195909236177,0.2487183727468166,0.4837109310401852,0.12386307259798247,0.12485530014883413,0.03654704812303622,0.21217132462378038,0.1266315416264707,0.3407930202813737,1532.5462122053375
50-110,Quito,real_barrio_cne,3333,2573,0.13861386138613863,0.10631578947368421,0.24692469246924692,0.5046504650465047,0.12151215121512152,0.1254125412541254,0.032403240324032405,0.2145214521452145,0.3121550160188366,0.595393783686324,1531.9482054249117
50-389,Quito,real_barrio_cne,4353,3357,0.04870204456696531,0.14792899408284024,0.25223983459682975,0.4824259131633356,0.12795773030094187,0.12428210429588789,0.01286469101768895,0.23937514357914083,0.2107060991505236,0.4561716622492717,1531.368270170805
55-009,Calderón,real_parroquia,6144,4479,0.17220052083333334,0.1163101604278075,0.2809244791666667,0.4962565104166667,0.14176432291666666,0.13916015625,0.04931640625,0.23160807291666666,0.1266315416264707,0.3407930202813737,1526.411937840273
50-029,Quito,real_barrio_cne,2850,2245,0.10158730158730159,0.09817945383615084,0.2687719298245614,0.48771929824561405,0.13649122807017544,0.13228070175438597,0.023508771929824562,0.24385964912280703,0.3736230842911878,0.6797486997336066,1526.0358309019468
55-040,Calderón,real_parroquia,5729,4476,0.10754189944134078,0.10614702154626109,0.26287310176296036,0.4775702565892826,0.12829464129865595,0.1345784604643044,0.030371792633967533,0.23250130912899283,0.1266315416264707,0.3407930202813737,1525.3895587794286
50-261,Quito,real_barrio_cne,4479,3336,0.1455682071891047,0.12372448979591837,0.2554141549453003,0.48135744585845053,0.12525117213663764,0.13016298280866265,0.035052467068542086,0.2203616878767582,0.210236634531113,0.4555273984929733,1519.639401372559
50-316,Quito,real_barrio_cne,3879,2968,0.05568445475638051,0.10013780431786863,0.2552204176334107,0.48672338231502965,0.13302397525135345,0.12219644238205724,0.012889920082495489,0.24233049755091518,0.2497268302374093,0.5097212626751959,1512.8527076199814
55-048,Calderón,real_parroquia,5730,4436,0.05462478184991274,0.10269773145309626,0.2542757417102967,0.47853403141361256,0.12303664921465969,0.131239092495637,0.013961605584642234,0.24031413612565444,0.1266315416264707,0.3407930202813737,1511.7578379681738
55-031,Calderón,real_parroquia,5738,4435,0.09097246427326594,0.108927381745503,0.23300801673056815,0.48187521784593934,0.11415127222028582,0.11885674451028233,0.01917044266294876,0.21383757406761938,0.1266315416264707,0.3407930202813737,1511.4170449478925
50-228,Quito,real_barrio_cne,3441,2700,0.11188607962801511,0.1078838174273859,0.24237140366172624,0.4742807323452485,0.11508282476024412,0.12728857890148212,0.02964254577157803,0.21272885789014823,0.2855555061574712,0.5588902870852502,1509.0037751301757
50-444,Quito,real_barrio_cne,4638,3317,0.14273393704182838,0.1685761047463175,0.29064251832686505,0.49374730487279,0.14359637774902975,0.14704614057783527,0.043553255713669685,0.24708926261319533,0.2096615562626555,0.45473819719838554,1508.3666001070449
50-135,Quito,real_barrio_cne,2908,2310,0.13651994497936726,0.09709887507400829,0.2733837689133425,0.4889958734525447,0.13961485557083905,0.13376891334250343,0.03782668500687758,0.23555708390646493,0.3537960303510952,0.6525392962564884,1507.3657743524882
50-210,Quito,real_barrio_cne,3209,2497,0.17827037152669373,0.11211267605633803,0.259582424431287,0.48737924587098785,0.1305702711124961,0.1290121533187909,0.04954814583982549,0.2100342785914615,0.3176688362094704,0.6029606041892865,1505.5926286606484
55-038,Calderón,real_parroquia,5890,4414,0.14872665534804755,0.09181701030927836,0.24787775891341257,0.4904923599320883,0.12427843803056027,0.12359932088285229,0.03242784380305603,0.21544991511035655,0.1266315416264707,0.3407930202813737,1504.2603915219836
50-202,Quito,real_barrio_cne,2970,2489,0.045899426257171784,0.08298001211387038,0.24882154882154883,0.45016835016835016,0.11986531986531987,0.12895622895622896,0.010437710437710438,0.2367003367003367,0.3176688362094704,0.6029606041892865,1500.7689438271343
77-002,Pomasqui,real_parroquia,3383,2517,0.09608540925266904,0.08854166666666667,0.19834466449896543,0.47679574342299735,0.09488619568430387,0.10345846881466154,0.023056458764410287,0.17469701448418565,0.3126380000748475,0.596056600668248,1500.2744638819802
51-905,Alangasí,real_parroquia,3870,3068,0.10832471561530507,0.07317073170731707,0.22144702842377262,0.47984496124031006,0.11627906976744186,0.10516795865633075,0.022997416020671835,0.19844961240310077,0.2334975369458128,0.48744919993436714,1495.4941453986385
50-094,Quito,real_barrio_cne,3183,2503,0.07948476280238768,0.10582306830907055,0.25227772541627397,0.4728243795161797,0.12880929940307886,0.1234684260131951,0.021049324536600692,0.23122840087967325,0.3121550160188366,0.595393783686324,1490.270640566869
50-028,Quito,real_barrio_cne,2819,2190,0.08123448031216743,0.10160771704180065,0.27314650585313943,0.4870521461511174,0.1376374600922313,0.13550904576090814,0.02092940759134445,0.25221709826179495,0.3736230842911878,0.6797486997336066,1488.6496524165984
56-019,Conocoto,real_parroquia,2806,2267,0.07030692362598144,0.06613756613756613,0.2398431931575196,0.47719173200285103,0.11938702779757662,0.12045616535994298,0.017462580185317177,0.22238061297220243,0.3563718564566261,0.6560741982143916,1487.3202073520258
84-011,Tumbaco,real_parroquia,4068,3138,0.1607669616519174,0.05691418408181414,0.22664700098328416,0.4776302851524091,0.11012782694198624,0.11651917404129794,0.04400196656833825,0.18264503441494592,0.2229687262954856,0.4730001215193621,1484.2743813277582
55-015,Calderón,real_parroquia,5895,4351,0.08753180661577609,0.11795373085695667,0.26293469041560646,0.47955894826123835,0.12366412213740458,0.13927056827820186,0.020525869380831212,0.24240882103477523,0.1266315416264707,0.3407930202813737,1482.790431244257
80-008,San Antonio,real_parroquia,6119,4683,0.07214297425807509,0.10964253529588465,0.26180748488315086,0.4870076809936264,0.13155744402680178,0.1302500408563491,0.018467069782644223,0.24186958653374735,0.1078990375885237,0.3150857083405627,1475.546372158855
56-031,Conocoto,real_parroquia,2796,2248,0.05945558739255014,0.05949966193373901,0.2349785407725322,0.4803290414878398,0.1223175965665236,0.11266094420600858,0.011802575107296138,0.22317596566523606,0.3563718564566261,0.6560741982143916,1474.8547975859524
50-317,Quito,real_barrio_cne,3698,2883,0.05037919826652221,0.1108891108891109,0.23093564088696591,0.47863710113574903,0.11627906976744186,0.11465657111952407,0.012709572742022715,0.21741481882098432,0.2497268302374093,0.5097212626751959,1469.5264002925899
50-350,Quito,real_barrio_cne,3886,2877,0.15079773546062789,0.1398825413774693,0.27328872876994337,0.4930519814719506,0.13252702007205353,0.14076170869788987,0.03937210499227998,0.2339166237776634,0.2497268302374093,0.5097212626751959,1466.4680727165387
50-103,Quito,real_barrio_cne,3009,2459,0.07019294743845642,0.07481162540365985,0.23595879029577932,0.4675972083748754,0.11399135925556664,0.1219674310402127,0.018943170488534396,0.21668328348288468,0.3121550160188366,0.595393783686324,1464.0733140846708
50-298,Quito,real_barrio_cne,4086,3206,0.13631913852178168,0.10461828463713478,0.24498286833088595,0.4845814977973568,0.11674008810572688,0.1282427802251591,0.03352912383749388,0.21145374449339208,0.210236634531113,0.4555273984929733,1460.4208395684725
50-226,Quito,real_barrio_cne,3412,2611,0.21277842907385697,0.11767895878524946,0.2828253223915592,0.4862250879249707,0.1392145369284877,0.14361078546307152,0.06184056271981243,0.22098475967174677,0.2855555061574712,0.5588902870852502,1459.2625395795883
50-270,Quito,real_barrio_cne,3494,2610,0.13222667429879795,0.12043010752688173,0.2601602747567258,0.48397252432741844,0.12593016599885518,0.13423010875787064,0.0294791070406411,0.2306811677160847,0.2855555061574712,0.5588902870852502,1458.703649292503
50-200,Quito,real_barrio_cne,2970,2414,0.11318795430944964,0.07512805919180421,0.2468013468013468,0.4841750841750842,0.12188552188552189,0.12491582491582491,0.025252525252525252,0.21616161616161617,0.3176688362094704,0.6029606041892865,1455.5468985129378
51-907,Alangasí,real_parroquia,3636,2969,0.064891846921797,0.06885919835560124,0.2004950495049505,0.47112211221122113,0.09625962596259625,0.10423542354235424,0.015126512651265127,0.18536853685368537,0.2334975369458128,0.48744919993436714,1447.236674605136
50-274,Quito,real_barrio_cne,3300,2616,0.12212121212121212,0.13633834168057873,0.24181818181818182,0.49727272727272726,0.1193939393939394,0.12242424242424242,0.030303030303030304,0.21151515151515152,0.2807270676816425,0.5522640413984111,1444.7227322982435
50-205,Quito,real_barrio_cne,3195,2388,0.2112676056338028,0.1387419165196943,0.2672926447574335,0.48450704225352115,0.12769953051643193,0.13959311424100157,0.05226917057902973,0.21502347417840376,0.3176688362094704,0.6029606041892865,1439.8699228040164
50-276,Quito,real_barrio_cne,3349,2606,0.08689160943565244,0.09453302961275627,0.24305762914302778,0.4896984174380412,0.1224246043595103,0.12063302478351746,0.022394744699910422,0.22066288444311735,0.2807270676816425,0.5522640413984111,1439.2000918842593
50-434,Quito,real_barrio_cne,5137,3873,0.1064823827136461,0.12256049960967993,0.25540198559470506,0.49328401790928555,0.1323729803387191,0.12302900525598598,0.02803192524819934,0.22737006034650575,0.1484117340739454,0.37068278836811225,1435.6544393496988
50-387,Quito,real_barrio_cne,4337,3141,0.13151822796492849,0.1634928007431491,0.2570901544846668,0.49365921143647684,0.12842979017754208,0.12866036430712474,0.027207747290753977,0.22988240719391284,0.2107060991505236,0.4561716622492717,1432.8351911249624
84-012,Tumbaco,real_parroquia,3973,3029,0.13239365718600554,0.08244557665585919,0.23961741756858798,0.4797382330732444,0.11276113767933552,0.12685627988925247,0.03246916687641581,0.20714825069217216,0.2229687262954856,0.4730001215193621,1432.717368082148
56-006,Conocoto,real_parroquia,2763,2182,0.0329352153456388,0.05733662145499383,0.22439377488237422,0.4661599710459645,0.1067680057908071,0.11762576909156713,0.00579080709373869,0.21860296778863555,0.3563718564566261,0.6560741982143916,1431.5539005038024
50-213,Quito,real_barrio_cne,2903,2374,0.10731538992408558,0.12162162162162163,0.24733034791594902,0.4726145366861867,0.12400964519462625,0.12332070272132277,0.02445745780227351,0.2228728901136755,0.3176688362094704,0.6029606041892865,1431.4284743453663
50-082,Quito,real_barrio_cne,5265,4065,0.1637226970560304,0.13013698630136986,0.2651471984805318,0.48679962013295347,0.13466286799620134,0.13048433048433047,0.0389363722697056,0.22621082621082622,0.1346153846153845,0.35174954492894334,1429.8619001361546
50-243,Quito,real_barrio_cne,3505,2736,0.19411092052601486,0.13785900783289817,0.24536376604850213,0.49186875891583454,0.12639087018544937,0.11897289586305278,0.04736091298145506,0.1971469329529244,0.2588697583477287,0.5222684429404858,1428.9264598851692
50-388,Quito,real_barrio_cne,4106,3130,0.06601705237515225,0.10440835266821345,0.26035070628348755,0.4909887968826108,0.13151485630784218,0.1288358499756454,0.01826595226497808,0.24208475401850948,0.2107060991505236,0.4561716622492717,1427.8173028402205
50-023,Quito,real_barrio_cne,4655,3875,0.04665226781857451,0.05308464849354376,0.19634801288936626,0.46702470461868956,0.09172932330827067,0.1046186895810956,0.007303974221267454,0.18904403866809882,0.1464780130293159,0.36802907106475014,1426.1126503759067
85-999,Yaruquí,real_parroquia,15288,11213,0.32539422888176406,0.12988007144679764,0.2762297226582941,0.4861329147043433,0.13768969126111982,0.13854003139717425,0.08457613814756672,0.19165358451072737,-0.0291039692860238,0.12707138695467146,1424.851461922731
50-398,Quito,real_barrio_cne,4242,3125,0.10278170674210278,0.20811945870275314,0.24752475247524752,0.49104196133899103,0.12446958981612447,0.12305516265912306,0.02545968882602546,0.22206506364922207,0.2096615562626555,0.45473819719838554,1421.0568662449548
50-244,Quito,real_barrio_cne,3654,2788,0.16484118291347208,0.08383233532934131,0.2547892720306513,0.47509578544061304,0.12424740010946908,0.13054187192118227,0.04351395730706076,0.2110016420361248,0.2491197815621182,0.508888187202352,1418.7802659201573
50-192,Quito,real_barrio_cne,2223,1957,0.07535179300953246,0.0593841642228739,0.206927575348628,0.4678362573099415,0.09671614934772829,0.11021142600089968,0.012145748987854251,0.19298245614035087,0.4061395759717314,0.7243722905338109,1417.596572574668
55-030,Calderón,real_parroquia,5254,4155,0.07575180814617434,0.13218188227000352,0.2626570232204035,0.4822992006090598,0.13247049866768176,0.13018652455272173,0.016368481157213552,0.24628854206318995,0.1266315416264707,0.3407930202813737,1415.9949992691077
50-030,Quito,real_barrio_cne,2731,2083,0.09630172098132553,0.11323529411764706,0.2541193701940681,0.46429879165140975,0.11937019406810692,0.13474917612596118,0.020139143170999633,0.23398022702306848,0.3736230842911878,0.6797486997336066,1415.9165415451025
50-179,Quito,real_barrio_cne,1744,1557,0.21679125934445084,0.041264266900790166,0.17947247706422018,0.45298165137614677,0.0860091743119266,0.09346330275229357,0.0430045871559633,0.13474770642201836,0.5407232105252602,0.9090664173086987,1415.4164117496439
52-999,Amaguaña,real_parroquia,8929,6602,0.4646067415730337,0.1291074341645304,0.27315488856534886,0.4897524918803897,0.1374174039646097,0.13573748460073917,0.12599395229029006,0.14581700078396237,0.0344240670609761,0.21425327379965584,1414.500113625328
55-019,Calderón,real_parroquia,5562,4139,0.1096727795756922,0.14979619565217392,0.2781373606616325,0.48058252427184467,0.13592233009708737,0.14221503056454513,0.03290183387270766,0.24523552678892485,0.1266315416264707,0.3407930202813737,1410.5423109446058
55-023,Calderón,real_parroquia,5641,4130,0.1389824499202269,0.127,0.25527388760858005,0.4850203864563021,0.12763694380429003,0.12763694380429003,0.037404715475979435,0.2178691721326006,0.1266315416264707,0.3407930202813737,1407.4751737620734
50-201,Quito,real_barrio_cne,2762,2332,0.10780669144981413,0.09336609336609336,0.2661115133960898,0.48587979724837077,0.13504706734250543,0.13106444605358436,0.025343953656770456,0.23606082548877624,0.3176688362094704,0.6029606041892865,1406.1041289694163
50-221,Quito,real_barrio_cne,2519,2139,0.06510520047637952,0.13106796116504854,0.24692338229456134,0.46963080587534733,0.12187375942834458,0.12504962286621676,0.015085351329892815,0.2318380309646685,0.3569985221823446,0.6569341948950823,1405.182242880581
50-262,Quito,real_barrio_cne,3276,2512,0.09568939162335677,0.1452070334656835,0.26282051282051283,0.4884004884004884,0.12698412698412698,0.13583638583638583,0.025946275946275948,0.23687423687423687,0.2855555061574712,0.5588902870852502,1403.9324011581487
50-325,Quito,real_barrio_cne,3651,2749,0.10079430293070392,0.15467239527389903,0.26595453300465627,0.48452478772938923,0.13010134209805532,0.13585319090660092,0.027937551355792935,0.2380169816488633,0.2497268302374093,0.5097212626751959,1401.2237510941136
50-313,Quito,real_barrio_cne,3234,2581,0.0671203216826477,0.12402636309167166,0.22325293753865183,0.4771181199752628,0.11255411255411256,0.11069882498453927,0.015151515151515152,0.2077922077922078,0.2735524622762896,0.5424180635817769,1399.9810221045661
50-219,Quito,real_barrio_cne,3347,2680,0.118491921005386,0.10123855681206247,0.24350164326262325,0.4867045115028384,0.1275769345682701,0.11592470869435315,0.031072602330445176,0.21123394084254557,0.2588697583477287,0.5222684429404858,1399.679427080502
50-320,Quito,real_barrio_cne,3351,2577,0.07194029850746268,0.11189956331877729,0.25246195165622204,0.4819456878543718,0.12056102655923605,0.13190092509698598,0.016711429424052522,0.23545210384959714,0.2735524622762896,0.5424180635817769,1397.8113498502391
50-099,Quito,real_barrio_cne,2927,2343,0.04304748889648104,0.07473928157589803,0.22309531943969935,0.4701059104885548,0.1100102494021182,0.11308507003758114,0.008199521694567818,0.21489579774513154,0.3121550160188366,0.595393783686324,1395.0076351770572
50-212,Quito,real_barrio_cne,2868,2307,0.12264150943396226,0.10057288351368555,0.23186889818688983,0.47175732217573224,0.11331938633193864,0.11854951185495119,0.028242677824267783,0.20327754532775452,0.3176688362094704,0.6029606041892865,1391.0301138646842
55-029,Calderón,real_parroquia,5315,4073,0.07419962335216572,0.11796610169491525,0.26190028222013173,0.4810912511759172,0.13226716839134525,0.12963311382878645,0.020319849482596426,0.24158043273753527,0.1266315416264707,0.3407930202813737,1388.0499716060351
50-319,Quito,real_barrio_cne,3298,2558,0.051562026084319076,0.10677382319173363,0.24711946634323834,0.4724075197089145,0.1130988477865373,0.13402061855670103,0.008793208004851425,0.23832625833838691,0.2735524622762896,0.5424180635817769,1387.5054066421853
50-304,Quito,real_barrio_cne,4141,3044,0.17169765757063513,0.14977533699450823,0.2682926829268293,0.46727843516058926,0.12605650808983337,0.14223617483699588,0.04201883602994446,0.22627384689688482,0.210236634531113,0.4555273984929733,1386.6254010126108
55-042,Calderón,real_parroquia,5350,4056,0.12023186237845923,0.11392857142857143,0.24093457943925234,0.4921495327102804,0.12373831775700934,0.117196261682243,0.02280373831775701,0.21813084112149533,0.1266315416264707,0.3407930202813737,1382.2564902612517
55-008,Calderón,real_parroquia,5743,4036,0.26432178304022286,0.15631469979296067,0.2761622845202856,0.4858088107261013,0.1339021417377677,0.14226014278251783,0.07365488420686053,0.20250740031342504,0.1266315416264707,0.3407930202813737,1375.4406298556244
50-239,Quito,real_barrio_cne,3711,2694,0.361455525606469,0.13555787278415016,0.260846133117758,0.4858528698464026,0.12584209108057126,0.13500404203718674,0.09027216383724064,0.17030450013473458,0.2491197815621182,0.508888187202352,1370.9447763231362
77-001,Pomasqui,real_parroquia,2980,2296,0.06991596638655462,0.06825106642291286,0.24899328859060402,0.4778523489932886,0.12080536912751678,0.12818791946308725,0.01476510067114094,0.2332214765100671,0.3126380000748475,0.596056600668248,1368.5459551342974
50-073,Quito,real_barrio_cne,5093,3887,0.14518664047151278,0.1198361215431888,0.26585509522874534,0.4802670331827999,0.12919693697231494,0.1366581582564304,0.03691341056351855,0.22874533673669742,0.1346153846153845,0.35174954492894334,1367.2504811388028
50-229,Quito,real_barrio_cne,3278,2437,0.14211491442542787,0.13093858632676708,0.2687614399023795,0.4923733984136669,0.1293471629042099,0.1394142769981696,0.03965832824893228,0.2287980475899939,0.2855555061574712,0.5588902870852502,1362.0156296267548
50-411,Quito,real_barrio_cne,3892,2992,0.06227483273288729,0.13282828282828282,0.2592497430626927,0.49126413155190135,0.13103802672147996,0.12821171634121276,0.014902363823227132,0.24357656731757452,0.2096615562626555,0.45473819719838554,1360.5766860175695
50-027,Quito,real_barrio_cne,2673,1998,0.0912832023943135,0.1111111111111111,0.23082678638234194,0.46950991395435837,0.10325476992143659,0.12757201646090535,0.01945379723157501,0.21137298915076694,0.3736230842911878,0.6797486997336066,1358.1379020677462
50-062,Quito,real_barrio_cne,2990,2279,0.10033444816053512,0.09499683343888538,0.23779264214046822,0.4725752508361204,0.11705685618729098,0.12073578595317726,0.02274247491638796,0.21505016722408027,0.3121550160188366,0.595393783686324,1356.9024330211323
56-017,Conocoto,real_parroquia,2800,2061,0.1925,0.1851106639839034,0.2764285714285714,0.4835714285714286,0.13785714285714284,0.13857142857142857,0.05285714285714286,0.22357142857142856,0.3563718564566261,0.6560741982143916,1352.168922519861
50-277,Quito,real_barrio_cne,3113,2448,0.11343860779890429,0.0778232884727911,0.23835528429168004,0.4844201734661099,0.12238997751365242,0.11596530677802763,0.031159653067780277,0.2059106970767748,0.2807270676816425,0.5522640413984111,1351.9423733433105
50-397,Quito,real_barrio_cne,3935,2971,0.13316391359593394,0.15251055842327546,0.2917407878017789,0.49758576874205845,0.14968233799237612,0.1420584498094028,0.03481575603557815,0.25692503176620074,0.2096615562626555,0.45473819719838554,1351.0271838764033
50-209,Quito,real_barrio_cne,2866,2238,0.13712491277041172,0.1590909090909091,0.26517794836008374,0.4842986741102582,0.1346824842986741,0.13049546406140963,0.031053733426378228,0.23412421493370553,0.3176688362094704,0.6029606041892865,1349.4258321756233
50-305,Quito,real_barrio_cne,3867,2961,0.15205585725368503,0.13563692625064466,0.26066718386346005,0.4952159296612361,0.13369537108869925,0.1269718127747608,0.037755365916731315,0.22291181794672874,0.210236634531113,0.4555273984929733,1348.8166269376939
50-303,Quito,real_barrio_cne,3945,2956,0.15817490494296577,0.12962025316455697,0.2567807351077313,0.4755386565272497,0.12522179974651457,0.13155893536121674,0.034727503168567805,0.2220532319391635,0.210236634531113,0.4555273984929733,1346.538989945229
50-295,Quito,real_barrio_cne,3685,2944,0.08928086838534599,0.1139615194869265,0.2610583446404342,0.4830393487109905,0.13025780189959293,0.13080054274084124,0.01791044776119403,0.24314789687924016,0.210236634531113,0.4555273984929733,1341.0726611633133
50-101,Quito,real_barrio_cne,3072,2250,0.18359375,0.14924433249370278,0.251953125,0.48046875,0.12044270833333333,0.13151041666666666,0.0517578125,0.2001953125,0.3121550160188366,0.595393783686324,1339.636013294229
50-186,Quito,real_barrio_cne,2167,1801,0.06284658040665435,0.1,0.23996308260267651,0.47623442547300415,0.11998154130133826,0.11998154130133826,0.016151361329026302,0.22242731887401937,0.4175,0.739962622914521,1332.6726838690522
55-007,Calderón,real_parroquia,5538,3909,0.26868905742145177,0.14924270410048024,0.27193932827735645,0.4942217407006139,0.13127482845792704,0.14066449981942938,0.07367280606717226,0.19826652221018418,0.1266315416264707,0.3407930202813737,1332.1599162798898
50-264,Quito,real_barrio_cne,3007,2381,0.0857998004655803,0.09119696010132995,0.2427668772863319,0.49052211506484866,0.1260392417692052,0.1167276355171267,0.022946458264050548,0.21982041902228133,0.2855555061574712,0.5588902870852502,1330.7177735499808
50-241,Quito,real_barrio_cne,3597,2605,0.28301362246316375,0.13067552602436322,0.25076452599388377,0.493744787322769,0.1278843480678343,0.12288017792604948,0.07617458993605783,0.17458993605782597,0.2491197815621182,0.508888187202352,1325.6537276621268
50-356,Quito,real_barrio_cne,3141,2383,0.12424338961452693,0.10266591038003403,0.26552053486150906,0.48774275708373127,0.13371537726838587,0.1318051575931232,0.028971665074816938,0.23654886978669212,0.2836121437422552,0.5562233385704759,1325.4802158134441
50-443,Quito,real_barrio_cne,4041,2909,0.11086364761197723,0.1571072319201995,0.27641672853254146,0.4924523632764167,0.13066072754268745,0.145756000989854,0.030438010393466965,0.2459787181390745,0.2096615562626555,0.45473819719838554,1322.8334156501035
50-293,Quito,real_barrio_cne,2925,2431,0.08512820512820513,0.1560880829015544,0.23282051282051283,0.4584615384615385,0.11076923076923077,0.12205128205128205,0.018803418803418803,0.214017094017094,0.2735524622762896,0.5424180635817769,1318.6183125672997
50-378,Quito,real_barrio_cne,3905,2889,0.16696542893725994,0.11619537275064268,0.2629961587708067,0.482202304737516,0.12701664532650447,0.13597951344430217,0.0412291933418694,0.22176696542893726,0.2107060991505236,0.4561716622492717,1317.879932238146
55-032,Calderón,real_parroquia,4920,3864,0.0871951219512195,0.13365963855421686,0.23434959349593495,0.4654471544715447,0.11565040650406504,0.11869918699186992,0.01483739837398374,0.21951219512195122,0.1266315416264707,0.3407930202813737,1316.824230367228
50-242,Quito,real_barrio_cne,3583,2587,0.3173318448227742,0.1206620395088094,0.27351381523862683,0.5085124197599776,0.14261791794585543,0.13089589729277143,0.09740440971253139,0.17610940552609544,0.2491197815621182,0.508888187202352,1316.4937402924845
50-292,Quito,real_barrio_cne,2953,2422,0.0555367422959702,0.10258023914411579,0.221469691838808,0.4761259735861835,0.10565526583135794,0.11581442600745005,0.01388418557399255,0.20758550626481545,0.2735524622762896,0.5424180635817769,1313.7365499950636
50-256,Quito,real_barrio_cne,3022,2376,0.114162806088683,0.1090458488228005,0.2614162806088683,0.485440105890139,0.13070814030443414,0.13070814030443414,0.030774321641297155,0.23064195896757114,0.2807270676816425,0.5522640413984111,1312.1793623626247
50-396,Quito,real_barrio_cne,3862,2883,0.06809943034697048,0.11418853255587949,0.2581563956499223,0.4971517348524081,0.13231486276540652,0.1258415328845158,0.012169860176074573,0.24598653547384774,0.2096615562626555,0.45473819719838554,1311.0102225229455
84-008,Tumbaco,real_parroquia,3760,2768,0.18723404255319148,0.11233797407585214,0.2699468085106383,0.49148936170212765,0.13670212765957446,0.13324468085106383,0.04654255319148936,0.22340425531914893,0.2229687262954856,0.4730001215193621,1309.2643363655943
50-275,Quito,real_barrio_cne,2954,2370,0.08669150016931934,0.10785536159600997,0.24001354096140826,0.4664861205145565,0.12220717670954638,0.11780636425186188,0.022004062288422478,0.21800947867298578,0.2807270676816425,0.5522640413984111,1308.8657781142344
51-906,Alangasí,real_parroquia,3301,2677,0.04542664211172499,0.07186290768380321,0.1975159042714329,0.4753105119660709,0.10390790669494093,0.09360799757649198,0.009996970614965161,0.18751893365646774,0.2334975369458128,0.48744919993436714,1304.9015082243009
50-018,Quito,real_barrio_cne,4659,3540,0.11569006224511698,0.10974610974610975,0.27666881305001073,0.48014595406739646,0.13264649066323245,0.14402232238677828,0.028546898476067825,0.24812191457394292,0.1464780130293159,0.36802907106475014,1302.8229115692154
50-442,Quito,real_barrio_cne,3946,2857,0.07399898631525595,0.15991799077396207,0.26431829700963,0.4903699949315763,0.12721743537759755,0.13710086163203244,0.016725798276735936,0.24759249873289407,0.2096615562626555,0.45473819719838554,1299.1870293957875
50-206,Quito,real_barrio_cne,2944,2142,0.19130139313625552,0.10046573519627412,0.25373641304347827,0.48947010869565216,0.12262228260869565,0.13111413043478262,0.04653532608695652,0.20720108695652173,0.3176688362094704,0.6029606041892865,1291.5416141734518
86-001,Zámbiza,real_parroquia,3918,3001,0.13450740173557937,0.07521286660359508,0.24170495150587035,0.4908116385911179,0.12327718223583461,0.11842776927003573,0.031138335885655948,0.2105666156202144,0.1917040358744394,0.4300944241412338,1290.7133668478425
50-297,Quito,real_barrio_cne,3656,2833,0.1575492341356674,0.13694951664876476,0.24507658643326038,0.4800328227571116,0.12035010940919037,0.12472647702407003,0.039934354485776806,0.2051422319474836,0.210236634531113,0.4555273984929733,1290.5091199305934
50-169,Quito,real_barrio_cne,1627,1419,0.057585139318885446,0.06523765144454799,0.2169637369391518,0.4665027658266749,0.10510141364474493,0.11186232329440689,0.00921942224953903,0.2071296865396435,0.5407232105252602,0.9090664173086987,1289.9652461610435
50-055,Quito,real_barrio_cne,4994,3498,0.20388933440256615,0.14950419527078565,0.2873448137765318,0.486784140969163,0.14357228674409292,0.14377252703243892,0.05847016419703644,0.22827392871445734,0.1464780130293159,0.36802907106475014,1287.365690584496
50-119,Quito,real_barrio_cne,2661,1972,0.12664411875234874,0.14751869476546567,0.263434798947764,0.4926719278466742,0.13002630590003758,0.13340849304772642,0.03344607290492296,0.22998872604284104,0.3537960303510952,0.6525392962564884,1286.8074922177952
50-204,Quito,real_barrio_cne,2828,2124,0.16442715700141441,0.14304812834224598,0.25777934936350777,0.48833097595473834,0.12906647807637905,0.12871287128712872,0.04101838755304102,0.21676096181046675,0.3176688362094704,0.6029606041892865,1280.6883232980447
50-021,Quito,real_barrio_cne,4669,3478,0.10430499036196188,0.1193561052218296,0.2683658170914543,0.4808310130648961,0.13343328335832083,0.13493253373313344,0.02741486399657314,0.24095095309488113,0.1464780130293159,0.36802907106475014,1280.005109163201
84-005,Tumbaco,real_parroquia,3460,2705,0.16184971098265896,0.12793068297655455,0.2361271676300578,0.47167630057803467,0.11502890173410404,0.12109826589595375,0.042485549132947976,0.1936416184971098,0.2229687262954856,0.4730001215193621,1279.4653287098745
50-312,Quito,real_barrio_cne,3068,2357,0.04302477183833116,0.11658653846153846,0.22913950456323337,0.4833767926988266,0.11440677966101695,0.11473272490221642,0.01075619295958279,0.2183833116036506,0.2735524622762896,0.5424180635817769,1278.4793758622482
55-024,Calderón,real_parroquia,5382,3749,0.3426235600148644,0.12552301255230125,0.2677443329617243,0.4884801189149015,0.13154960981047936,0.1361947231512449,0.09345968041620216,0.1742846525455221,0.1266315416264707,0.3407930202813737,1277.63303303487
50-271,Quito,real_barrio_cne,3862,2794,0.1374935266701191,0.13470205307961944,0.2749870533402382,0.48886587260486797,0.1364577938891766,0.13852925945106162,0.03210771620921802,0.2428793371310202,0.210236634531113,0.4555273984929733,1272.7435513893674
50-013,Quito,real_barrio_cne,4748,3449,0.12510530749789384,0.1489113530326594,0.2923336141533277,0.4867312552653749,0.14595619208087615,0.14637742207245155,0.03369839932603201,0.2586352148272957,0.1464780130293159,0.36802907106475014,1269.3322661023233
50-450,Quito,real_barrio_cne,5143,3852,0.14971806338712815,0.12791572610985705,0.2831032471320241,0.49348629204744315,0.14680147773672952,0.13630176939529456,0.042193272409099744,0.24090997472292436,0.1172714411348602,0.3279478062807397,1263.2549497934094
50-283,Quito,real_barrio_cne,3009,2233,0.15729963418689724,0.12508361204013377,0.256563642406115,0.4898637421070123,0.13393153871718178,0.1226321036889332,0.037221668328348285,0.2193419740777667,0.2900763358778626,0.5650943898372349,1261.8557725065457
50-315,Quito,real_barrio_cne,2915,2232,0.1565187478500172,0.13002680965147453,0.2713550600343053,0.4939965694682676,0.14648370497427102,0.1248713550600343,0.044596912521440824,0.2260720411663808,0.2900763358778626,0.5650943898372349,1261.2906781167082
50-016,Quito,real_barrio_cne,4573,3419,0.2003061447627378,0.15753129046180406,0.28777607697354035,0.48283402580363,0.14541876230045922,0.14235731467308113,0.05313798381806254,0.23463809315547782,0.1464780130293159,0.36802907106475014,1258.2913939703808
50-376,Quito,real_barrio_cne,3720,2740,0.139247311827957,0.19390304847576212,0.26129032258064516,0.4876344086021505,0.12258064516129032,0.13870967741935483,0.03682795698924731,0.22446236559139784,0.2107060991505236,0.4561716622492717,1249.9103545630044
50-285,Quito,real_barrio_cne,3012,2204,0.16799468791500663,0.12288686605981794,0.2642762284196547,0.4674634794156706,0.1298140770252324,0.1344621513944223,0.04150066401062417,0.22277556440903054,0.2900763358778626,0.5650943898372349,1245.4680352012658
50-348,Quito,real_barrio_cne,3223,2440,0.10114799875892026,0.11351667641895846,0.25969593546385356,0.4747130003102699,0.12069500465404902,0.13900093080980452,0.02854483400558486,0.2311511014582687,0.2497268302374093,0.5097212626751959,1243.719880927478
80-006,San Antonio,real_parroquia,5201,3935,0.09203642704902151,0.12014652014652015,0.2647567775427802,0.4762545664295328,0.13285906556431457,0.13189771197846567,0.02211113247452413,0.24168429148240722,0.1078990375885237,0.3150857083405627,1239.8622623201143
50-248,Quito,real_barrio_cne,2953,2189,0.27124957670165933,0.13261421319796954,0.27395868608195056,0.47443278022350155,0.1388418557399255,0.13511683034202507,0.07314595326786319,0.20081273281408737,0.2900763358778626,0.5650943898372349,1236.9916193537072
55-045,Calderón,real_parroquia,4602,3625,0.10734463276836158,0.09922779922779923,0.25575836592785745,0.4908735332464146,0.13255106475445458,0.12320730117340287,0.024337244676227728,0.23142112125162972,0.1266315416264707,0.3407930202813737,1235.3746985199796
50-255,Quito,real_barrio_cne,2792,2231,0.07954138301683984,0.10690571049136786,0.2238538681948424,0.4799426934097421,0.11210601719197708,0.11174785100286533,0.017191977077363897,0.20630372492836677,0.2807270676816425,0.5522640413984111,1232.1010763598551
50-247,Quito,real_barrio_cne,3272,2419,0.18551344743276282,0.1328883495145631,0.254278728606357,0.48105134474327627,0.12255501222493888,0.13172371638141808,0.04798288508557457,0.2062958435207824,0.2491197815621182,0.508888187202352,1231.0005248424893
50-403,Quito,real_barrio_cne,3588,2701,0.10033444816053512,0.14574468085106382,0.28678929765886285,0.4891304347826087,0.14743589743589744,0.13935340022296544,0.025919732441471572,0.2608695652173913,0.2096615562626555,0.45473819719838554,1228.2478706328393
50-050,Quito,real_barrio_cne,4119,3320,0.05678771630514258,0.07631359466221851,0.20538965768390385,0.46613255644573925,0.1002670551104637,0.10512260257344015,0.011410536537994658,0.1939791211459092,0.1464780130293159,0.36802907106475014,1221.8565159349705
50-183,Quito,real_barrio_cne,1927,1648,0.06382978723404255,0.06775067750677506,0.2018681888946549,0.4421380384016606,0.09548521017125065,0.10638297872340426,0.015568240788790867,0.18629994810586403,0.4175,0.739962622914521,1219.4584025631307
50-379,Quito,real_barrio_cne,3653,2671,0.1541199014508623,0.12590529247910864,0.2570490008212428,0.4812482890774706,0.12236517930468109,0.13468382151656172,0.04078839310156036,0.21626060771968245,0.2107060991505236,0.4561716622492717,1218.4345098678048
55-044,Calderón,real_parroquia,4535,3573,0.07719453021614468,0.0804464973056197,0.25424476295479603,0.491289966923925,0.1278941565600882,0.12635060639470783,0.017420066152149943,0.2368246968026461,0.1266315416264707,0.3407930202813737,1217.6534614653483
50-370,Quito,real_barrio_cne,2757,2189,0.08632571635836053,0.14540647719762062,0.2618788538266231,0.490025389916576,0.13674283641639462,0.1251360174102285,0.023213638012332245,0.2386652158142909,0.2836121437422552,0.5562233385704759,1217.5728881307718
50-187,Quito,real_barrio_cne,2423,2019,0.10299003322259136,0.13646702047005307,0.26537350392075937,0.4733801073049938,0.13082955014444902,0.13454395377631037,0.020635575732562937,0.24473792818819645,0.3176688362094704,0.6029606041892865,1217.3774598581695
55-010,Calderón,real_parroquia,4873,3563,0.1485737738559409,0.1728292480265891,0.28832341473424994,0.48861071208701007,0.14364867638005335,0.14467473835419659,0.03857993022778576,0.2497434845064642,0.1266315416264707,0.3407930202813737,1214.2455312625345
55-002,Calderón,real_parroquia,4801,3563,0.1558008748177463,0.145447378793851,0.29077275567590083,0.489897937929598,0.14559466777754634,0.1451780878983545,0.0416579879191835,0.24911476775671734,0.1266315416264707,0.3407930202813737,1214.2455312625345
80-010,San Antonio,real_parroquia,4878,3833,0.02907216494845361,0.07410071942446043,0.20602706027060272,0.479909799097991,0.10926609266092661,0.09676096760967609,0.004305043050430504,0.2017220172201722,0.1078990375885237,0.3150857083405627,1207.723520069377
50-380,Quito,real_barrio_cne,3505,2643,0.08530670470756063,0.15934356802541028,0.2579172610556348,0.48530670470756065,0.12838801711840228,0.12952924393723253,0.02368045649072753,0.23423680456490728,0.2107060991505236,0.4561716622492717,1205.661703324825
55-033,Calderón,real_parroquia,4525,3531,0.10160427807486631,0.1302503182011031,0.24441988950276244,0.47734806629834253,0.11977900552486188,0.12464088397790055,0.02298342541436464,0.22121546961325966,0.1266315416264707,0.3407930202813737,1203.3401546135306
50-417,Quito,real_barrio_cne,4380,3246,0.10594965675057208,0.17374005305039789,0.28378995433789955,0.4849315068493151,0.14383561643835616,0.13995433789954337,0.03264840182648402,0.25068493150684934,0.1484117340739454,0.37068278836811225,1203.2363310428923
50-214,Quito,real_barrio_cne,2471,1994,0.11638280616382807,0.08258774948382656,0.22784297855119384,0.4941319303925536,0.11776608660461352,0.11007689194658034,0.025900445163901255,0.2019425333872926,0.3176688362094704,0.6029606041892865,1202.3034447534374
65-002,Llano Chico,real_parroquia,4510,3371,0.21793164669329781,0.08690068493150685,0.24478935698447893,0.48093126385809315,0.11796008869179601,0.12682926829268293,0.05432372505543237,0.19046563192904656,0.1378352258999758,0.3561682528675731,1200.6431804165888
55-013,Calderón,real_parroquia,4777,3498,0.17584257902449235,0.1531387445021991,0.2669039145907473,0.4919405484613774,0.13774335356918568,0.12916056102156165,0.044169981159723676,0.22273393343102366,0.1266315416264707,0.3407930202813737,1192.0939849442452
50-460,Quito,real_barrio_cne,4484,3210,0.12932767478222024,0.13999044433827043,0.2778768956289028,0.48862622658340765,0.14272970561998216,0.13514719000892061,0.03256021409455843,0.24420160570918822,0.1484117340739454,0.37068278836811225,1189.8917506616403
55-047,Calderón,real_parroquia,4434,3485,0.052097428958051424,0.09331197436924309,0.25620207487595853,0.494361750112765,0.13261163734776726,0.12359043752819125,0.012178619756427604,0.24402345511953089,0.1266315416264707,0.3407930202813737,1187.6636756805874
50-318,Quito,real_barrio_cne,2769,2187,0.05200433369447454,0.11118421052631579,0.24196460816179127,0.4738172625496569,0.11664860960635609,0.12531599855543518,0.009389671361502348,0.2325749368002889,0.2735524622762896,0.5424180635817769,1186.268305053346
50-199,Quito,real_barrio_cne,2111,1801,0.09064748201438849,0.07599309153713299,0.26811937470393177,0.47749881572714353,0.13642823306489815,0.13169114163903364,0.018948365703458078,0.24585504500236854,0.3569985221823446,0.6569341948950823,1183.1384850060433
50-005,Quito,real_barrio_cne,4343,3211,0.07045820861155883,0.08805309734513274,0.26916877734285055,0.49389822703200553,0.13400874971218052,0.13516002763067003,0.01819019111213447,0.2509785862307161,0.1464780130293159,0.36802907106475014,1181.7413471889126
50-216,Quito,real_barrio_cne,2756,2260,0.1081179468511103,0.10779220779220779,0.24564586357039186,0.4836719883889695,0.12010159651669086,0.125544267053701,0.024310595065312045,0.22060957910014514,0.2588697583477287,0.5222684429404858,1180.326681045498
50-022,Quito,real_barrio_cne,4219,3207,0.061151931737378526,0.14314762098413988,0.2552737615548708,0.4925337757762503,0.12941455321166154,0.1258592083432093,0.013036264517658214,0.24223749703721262,0.1464780130293159,0.36802907106475014,1180.2692309046538
50-223,Quito,real_barrio_cne,2577,2109,0.03802871556072953,0.09282700421940929,0.22623205277454406,0.47147846332945287,0.10748932867675592,0.11874272409778813,0.006984866123399301,0.21924718665114473,0.2855555061574712,0.5588902870852502,1178.6996154627927
50-405,Quito,real_barrio_cne,3524,2585,0.0981838819523269,0.15486961149547632,0.264472190692395,0.49404086265607267,0.12258796821793416,0.14188422247446084,0.019012485811577752,0.24545970488081725,0.2096615562626555,0.45473819719838554,1175.4982397578267
50-497,Quito,real_barrio_cne,4991,3583,0.1582849128431176,0.13333333333333333,0.2851132037667802,0.48647565618112604,0.13844920857543577,0.14666399519134443,0.04427970346623923,0.240833500300541,0.1172714411348602,0.3279478062807397,1175.0369899038903
50-404,Quito,real_barrio_cne,3500,2583,0.09714285714285714,0.15942028985507245,0.2722857142857143,0.4848571428571429,0.13485714285714287,0.13742857142857143,0.02542857142857143,0.24685714285714286,0.2096615562626555,0.45473819719838554,1174.58876336343
50-182,Quito,real_barrio_cne,1818,1578,0.052805280528052806,0.07524932003626474,0.20352035203520352,0.4361936193619362,0.08525852585258525,0.11826182618261827,0.00825082508250825,0.19526952695269528,0.4175,0.739962622914521,1167.661018959114
50-286,Quito,real_barrio_cne,2690,2062,0.06059479553903346,0.11133603238866396,0.24460966542750928,0.4788104089219331,0.12118959107806691,0.12342007434944238,0.010408921933085501,0.2342007434944238,0.2900763358778626,0.5650943898372349,1165.2246318443783
50-249,Quito,real_barrio_cne,2750,2057,0.16363636363636364,0.16070222822417285,0.27236363636363636,0.4898181818181818,0.14181818181818182,0.13054545454545455,0.042545454545454546,0.2298181818181818,0.2900763358778626,0.5650943898372349,1162.3991598951923
50-424,Quito,real_barrio_cne,4262,3134,0.07538750587130108,0.13719085394307046,0.2571562646644768,0.48709526044110746,0.12365086813702487,0.13350539652745191,0.017597372125762553,0.2390896292820272,0.1484117340739454,0.37068278836811225,1161.7198587456637
50-296,Quito,real_barrio_cne,3250,2535,0.17046855733662145,0.14149253731343284,0.25476923076923075,0.48430769230769233,0.13476923076923078,0.12,0.04953846153846154,0.20523076923076924,0.210236634531113,0.4555273984929733,1154.7619551796872
50-173,Quito,real_barrio_cne,1429,1270,0.05108467459762071,0.05186721991701245,0.18824352694191743,0.46815955213435967,0.09517144856543037,0.09307207837648705,0.00979706088173548,0.17844646606018194,0.5407232105252602,0.9090664173086987,1154.5143499820474
50-218,Quito,real_barrio_cne,2802,2210,0.20785302593659943,0.08841463414634146,0.2416131334760885,0.48394004282655245,0.1206281227694504,0.12098501070663811,0.05424696645253391,0.18665239114917917,0.2588697583477287,0.5222684429404858,1154.2132588984737
50-001,Quito,real_barrio_cne,4416,3131,0.21195652173913043,0.12978819287967552,0.2864583333333333,0.479393115942029,0.13609601449275363,0.1503623188405797,0.06136775362318841,0.22509057971014493,0.1464780130293159,0.36802907106475014,1152.2990215037328
50-416,Quito,real_barrio_cne,4194,3105,0.11992355470616341,0.15533088235294118,0.2718168812589413,0.491654744873629,0.13710061993323797,0.13471626132570338,0.0340963280877444,0.23700524558893657,0.1484117340739454,0.37068278836811225,1150.9700578829886
50-429,Quito,real_barrio_cne,4222,3097,0.07748815165876777,0.08925233644859813,0.24396020843202273,0.4661297963050687,0.11250592136428234,0.1314542870677404,0.020132638559924206,0.2235907153008053,0.1484117340739454,0.37068278836811225,1148.0045955760436
50-367,Quito,real_barrio_cne,2670,2061,0.05131086142322097,0.1157580283793876,0.24531835205992508,0.4655430711610487,0.1101123595505618,0.1352059925093633,0.010112359550561797,0.2352059925093633,0.2836121437422552,0.5562233385704759,1146.376300793751
50-224,Quito,real_barrio_cne,2652,2051,0.1610105580693816,0.12789017341040462,0.22209653092006032,0.4709653092006033,0.111236802413273,0.11085972850678733,0.043363499245852186,0.17873303167420815,0.2855555061574712,0.5588902870852502,1146.2839788118483
50-299,Quito,real_barrio_cne,3360,2508,0.17232142857142857,0.12051569506726457,0.2550595238095238,0.49375,0.13095238095238096,0.12410714285714286,0.04196428571428571,0.2130952380952381,0.210236634531113,0.4555273984929733,1142.462715420377
55-014,Calderón,real_parroquia,4502,3348,0.15504220346512662,0.1488833746898263,0.2732119058196357,0.4828964904486895,0.13238560639715682,0.1408262994224789,0.03864948911594847,0.23456241670368724,0.1266315416264707,0.3407930202813737,1140.975031902039
50-060,Quito,real_barrio_cne,2567,1910,0.15504479937670432,0.11965811965811966,0.27580833657966497,0.49318270354499416,0.15114920140241528,0.1246591351772497,0.04596805609661083,0.22984028048305416,0.3121550160188366,0.595393783686324,1137.202126840879
79-001,Puembo,real_parroquia,5982,4462,0.19809428284854563,0.08361306072627403,0.24841190237378802,0.4933132731527917,0.12671347375459713,0.1216984286191909,0.04831160147107991,0.2001003009027081,0.063518595904722,0.2541807777383696,1134.1546302686052
55-046,Calderón,real_parroquia,4444,3325,0.09763246899661782,0.11269906084115966,0.265976597659766,0.4855985598559856,0.12983798379837982,0.13613861386138615,0.024302430243024302,0.24144914491449146,0.1266315416264707,0.3407930202813737,1133.1367924355675
50-423,Quito,real_barrio_cne,4119,3048,0.07356154406409322,0.11442080378250591,0.25710123816460306,0.48118475358096624,0.12575867929109008,0.13134255887351298,0.016994416120417577,0.2401068220441855,0.1484117340739454,0.37068278836811225,1129.8411389460061
55-041,Calderón,real_parroquia,4329,3315,0.12728112728112728,0.13030035335689047,0.2513282513282513,0.486024486024486,0.12843612843612845,0.1228921228921229,0.03164703164703165,0.21968121968121967,0.1266315416264707,0.3407930202813737,1129.7288622327537
50-120,Quito,real_barrio_cne,2427,1729,0.16604861969509682,0.15022761760242792,0.2826534816646065,0.4861969509682736,0.14091470951792337,0.14173877214668315,0.043675319324268644,0.23897816234033786,0.3537960303510952,0.6525392962564884,1128.2404432274684
50-184,Quito,real_barrio_cne,1777,1523,0.045454545454545456,0.07870837537840565,0.28137310073157007,0.4563871693866066,0.12661789532920653,0.15475520540236354,0.010129431626336522,0.25604952166572875,0.4175,0.739962622914521,1126.9630746988155
80-005,San Antonio,real_parroquia,4816,3576,0.11648671096345516,0.09568788501026694,0.26806478405315615,0.4833887043189369,0.13434385382059802,0.13372093023255813,0.025539867109634552,0.2425249169435216,0.1078990375885237,0.3150857083405627,1126.7464930258523
50-390,Quito,real_barrio_cne,3109,2471,0.0369893856545513,0.1494376004284949,0.30170472820842714,0.48472177549051143,0.1521389514313284,0.14956577677709876,0.009327758121582503,0.29237697008684466,0.2096615562626555,0.45473819719838554,1123.6580852772106
50-052,Quito,real_barrio_cne,4169,3051,0.16358839050131926,0.10078594544613963,0.26625089949628206,0.4936435596066203,0.1376828975773567,0.1285680019189254,0.04197649316382825,0.22427440633245382,0.1464780130293159,0.36802907106475014,1122.8566958185527
50-287,Quito,real_barrio_cne,2458,1975,0.06305939788445891,0.10293012772351616,0.2449145646867372,0.49227013832384053,0.1277461350691619,0.11716842961757526,0.016680227827502035,0.22823433685923514,0.2900763358778626,0.5650943898372349,1116.061419928539
50-232,Quito,real_barrio_cne,2632,1996,0.25037993920972645,0.09071428571428572,0.26253799392097266,0.49164133738601823,0.12158054711246201,0.14095744680851063,0.06458966565349544,0.1979483282674772,0.2855555061574712,0.5588902870852502,1115.5450130221595
50-217,Quito,real_barrio_cne,2684,2134,0.16841317365269462,0.12467532467532468,0.2406855439642325,0.4903129657228018,0.12369597615499255,0.11698956780923994,0.042101341281669154,0.19821162444113263,0.2588697583477287,0.5222684429404858,1114.5208572349966
50-307,Quito,real_barrio_cne,3159,2444,0.08793650793650794,0.10390355912743972,0.25546058879392214,0.4716682494460272,0.12187401076289965,0.13358657803102247,0.02310857866413422,0.2323520101297879,0.210236634531113,0.4555273984929733,1113.3089619168268
55-021,Calderón,real_parroquia,4329,3257,0.07022407022407022,0.1536502546689304,0.25571725571725573,0.4781704781704782,0.1245091245091245,0.1312081312081312,0.01824901824901825,0.23746823746823748,0.1266315416264707,0.3407930202813737,1109.962867056434
50-222,Quito,real_barrio_cne,2651,1981,0.1961523953225198,0.14657534246575343,0.2802715956242927,0.4930215013202565,0.13881554130516785,0.14145605431912486,0.04979253112033195,0.23047906450396077,0.2855555061574712,0.5588902870852502,1107.1616587158808
50-002,Quito,real_barrio_cne,4098,2997,0.14250854075158614,0.11770381090207428,0.287701317715959,0.486090775988287,0.14006832601268912,0.14763299170326988,0.0424597364568082,0.2452415812591508,0.1464780130293159,0.36802907106475014,1102.9831259810562
50-185,Quito,real_barrio_cne,1728,1489,0.06778679026651217,0.14699792960662525,0.29108796296296297,0.4774305555555556,0.14525462962962962,0.14583333333333334,0.02141203703703704,0.26967592592592593,0.4175,0.739962622914521,1101.8043455197217
50-377,Quito,real_barrio_cne,3217,2403,0.11377059372085795,0.11723329425556858,0.2738576313335406,0.4762200808206403,0.13397575380789556,0.13988187752564502,0.02953061858874728,0.2443270127447933,0.2107060991505236,0.4561716622492717,1096.180504385
50-015,Quito,real_barrio_cne,4031,2977,0.15628876209377326,0.16234072675790467,0.28553708757132223,0.4768047630860829,0.13470602828082362,0.15083105929049864,0.04341354502604813,0.24212354254527413,0.1464780130293159,0.36802907106475014,1095.622544559761
50-489,Quito,real_barrio_cne,4675,3399,0.1499465240641711,0.16923754958131335,0.2793582887700535,0.480427807486631,0.1383957219251337,0.14096256684491978,0.0374331550802139,0.24192513368983956,0.1117982324572535,0.32043671846741983,1089.16440607076
50-322,Quito,real_barrio_cne,2839,2135,0.09451659451659451,0.1082036775106082,0.25678055653399084,0.4973582247270166,0.14054244452271927,0.11623811201127157,0.03099682986967242,0.22578372666431842,0.2497268302374093,0.5097212626751959,1088.2548958115433
50-061,Quito,real_barrio_cne,2357,1826,0.1302503182011031,0.11517509727626458,0.2613491726771319,0.49045396690708526,0.1357658039881205,0.12558336868901146,0.03818413237165889,0.22316504030547307,0.3121550160188366,0.595393783686324,1087.1890490112276
50-395,Quito,real_barrio_cne,3076,2386,0.12858072916666666,0.11013215859030837,0.26983094928478546,0.479518855656697,0.12971391417425226,0.14011703511053317,0.026657997399219768,0.24317295188556567,0.2096615562626555,0.45473819719838554,1085.0053385153478
50-476,Quito,real_barrio_cne,4507,3291,0.06279121366762813,0.1140495867768595,0.2438429110272909,0.47304193476813844,0.11426669625027734,0.12957621477701353,0.015309518526736189,0.22853339250055468,0.1172714411348602,0.3279478062807397,1079.2762304699145
50-098,Quito,real_barrio_cne,2153,1812,0.14305620065025546,0.08174603174603175,0.222480260102183,0.4528564793311658,0.10171853228053879,0.12076172782164422,0.03158383650719926,0.19089642359498374,0.3121550160188366,0.595393783686324,1078.853536039619
50-486,Quito,real_barrio_cne,4653,3363,0.1404905335628227,0.10269058295964126,0.26713947990543735,0.4831291639802278,0.13238770685579196,0.1347517730496454,0.03438641736514077,0.23210831721470018,0.1117982324572535,0.32043671846741983,1077.6286842059328
50-412,Quito,real_barrio_cne,3112,2363,0.06298200514138817,0.07971445568114217,0.2474293059125964,0.4685089974293059,0.12660668380462725,0.12082262210796915,0.012210796915167094,0.2352185089974293,0.2096615562626555,0.45473819719838554,1074.546359979785
50-051,Quito,real_barrio_cne,3776,2917,0.13159989387105334,0.088491517652453,0.2489406779661017,0.4729872881355932,0.12129237288135593,0.12764830508474576,0.031514830508474576,0.21716101694915255,0.1464780130293159,0.36802907106475014,1073.5408002958761
50-003,Quito,real_barrio_cne,4058,2916,0.19120553359683795,0.1707438841737394,0.28881222276983737,0.4874322326269098,0.14243469689502217,0.14637752587481517,0.05224248398225727,0.23607688516510597,0.1464780130293159,0.36802907106475014,1073.1727712248114
55-028,Calderón,real_parroquia,4041,3135,0.06731007176441475,0.1091148115687993,0.2625587725810443,0.47884187082405344,0.1267013115565454,0.1358574610244989,0.019549616431576343,0.24300915614946794,0.1266315416264707,0.3407930202813737,1068.3861185821065
50-269,Quito,real_barrio_cne,2401,1890,0.10162432319866722,0.13063063063063063,0.26697209496043317,0.48854643898375677,0.1407746772178259,0.12619741774260726,0.025406080799666806,0.24156601416076634,0.2855555061574712,0.5588902870852502,1056.302642591123
50-268,Quito,real_barrio_cne,2414,1885,0.06379453189726594,0.08448415922014622,0.23487986743993372,0.49585749792874895,0.11764705882352941,0.11723280861640431,0.012427506213753107,0.22245236122618062,0.2855555061574712,0.5588902870852502,1053.5081911556967
50-407,Quito,real_barrio_cne,3121,2312,0.07241268824094842,0.14894859813084113,0.2826017302146748,0.474847805190644,0.13841717398269784,0.14418455623197693,0.014738865748157642,0.26786286446651714,0.2096615562626555,0.45473819719838554,1051.3547119226673
50-245,Quito,real_barrio_cne,2549,2065,0.10592389172224402,0.09152798789712557,0.2569635151039623,0.4778344448803452,0.13887799136916437,0.11808552373479796,0.029423303256178895,0.22754021184778345,0.2491197815621182,0.508888187202352,1050.8541065728568
55-001,Calderón,real_parroquia,3957,3082,0.05357594136972454,0.12603938730853392,0.25802375537023,0.4778872883497599,0.1324235531968663,0.12560020217336365,0.010361384887541066,0.2476623704826889,0.1266315416264707,0.3407930202813737,1050.3240885071937
50-235,Quito,real_barrio_cne,2657,2010,0.27060594655626646,0.16005873715124816,0.25479864508844563,0.4734663153933007,0.12194203989461799,0.13285660519382764,0.07150922092585622,0.1832894241625894,0.2588697583477287,0.5222684429404858,1049.7595703103764
50-392,Quito,real_barrio_cne,2990,2299,0.037123745819397994,0.09526627218934912,0.26053511705685617,0.47190635451505014,0.12508361204013377,0.1354515050167224,0.007692307692307693,0.2528428093645485,0.2096615562626555,0.45473819719838554,1045.4431153590883
50-006,Quito,real_barrio_cne,3917,2837,0.14373244830227214,0.1082995951417004,0.27112586162879754,0.49119223895838654,0.13556293081439877,0.13556293081439877,0.034209854480469745,0.2369160071483278,0.1464780130293159,0.36802907106475014,1044.098474610696
55-004,Calderón,real_parroquia,4215,3041,0.23938315539739027,0.15433499773036768,0.2948991696322657,0.4979833926453143,0.14638196915776988,0.14851720047449585,0.06405693950177936,0.23084223013048635,0.1266315416264707,0.3407930202813737,1036.3515746756575
50-466,Quito,real_barrio_cne,4632,3227,0.1932210708117444,0.2198237885462555,0.29533678756476683,0.4876943005181347,0.14205526770293608,0.15328151986183075,0.0535405872193437,0.24179620034542315,0.1117982324572535,0.32043671846741983,1034.0492904943637
50-371,Quito,real_barrio_cne,2337,1854,0.07445442875481387,0.1357142857142857,0.24561403508771928,0.4813863928112965,0.12323491655969192,0.12237911852802738,0.015832263585793753,0.22978177150192555,0.2836121437422552,0.5562233385704759,1031.2380697096623
50-234,Quito,real_barrio_cne,2612,1970,0.23479318734793186,0.12441679626749612,0.25344563552833077,0.4820061255742726,0.1282542113323124,0.12519142419601836,0.055130168453292494,0.19218989280245022,0.2588697583477287,0.5222684429404858,1028.868832592757
50-493,Quito,real_barrio_cne,4609,3209,0.31742243436754175,0.15468306527909176,0.2920373182903016,0.49229767845519634,0.1431980906921241,0.14883922759817747,0.09025819049685398,0.20177912779344762,0.1117982324572535,0.32043671846741983,1028.2814295619503
50-363,Quito,real_barrio_cne,4708,3324,0.18724760892667375,0.16198347107438016,0.28759558198810536,0.48555649957519115,0.143160577740017,0.14443500424808836,0.05055225148683093,0.23661852166525063,0.1033504697748626,0.3088435395716225,1026.5959255360733
50-324,Quito,real_barrio_cne,2625,2014,0.07657142857142857,0.1282820705176294,0.26057142857142856,0.4819047619047619,0.12,0.14057142857142857,0.023238095238095238,0.23733333333333334,0.2497268302374093,0.5097212626751959,1026.5786230278445
65-004,Llano Chico,real_parroquia,3865,2857,0.23777490297542045,0.20508905852417303,0.26597671410090556,0.47917205692108666,0.1314359637774903,0.13454075032341525,0.06364812419146183,0.20232858990944372,0.1378352258999758,0.3561682528675731,1017.5726984426564
75-999,Pifo,real_parroquia,9216,6586,0.2900239599215857,0.11913895993179881,0.2671440972222222,0.4898003472222222,0.13216145833333334,0.1349826388888889,0.06944444444444445,0.1968315972222222,-0.0091183278389562,0.15449842596537686,1017.526633407972
50-236,Quito,real_barrio_cne,2612,1931,0.3056633048875097,0.11381531853972798,0.27488514548238896,0.5072741194486983,0.1439509954058193,0.13093415007656967,0.08192955589586524,0.19104134762633998,0.2588697583477287,0.5222684429404858,1008.500363318078
50-008,Quito,real_barrio_cne,3876,2737,0.19736842105263158,0.15080213903743314,0.27502579979360164,0.48581011351909187,0.13673890608875128,0.13828689370485037,0.054695562435500514,0.22033023735810114,0.1464780130293159,0.36802907106475014,1007.2955675042211
50-414,Quito,real_barrio_cne,2938,2213,0.04883879781420765,0.13482428115015974,0.275357385976855,0.47481279782164737,0.13921034717494896,0.13614703880190607,0.01259360108917631,0.2627637848876787,0.2096615562626555,0.45473819719838554,1006.3356304000272
50-439,Quito,real_barrio_cne,3991,3066,0.03708343773490353,0.11804922515952598,0.2738661989476322,0.48058130794287146,0.14031571034828363,0.13355048859934854,0.00851916812828865,0.2653470308193435,0.1172714411348602,0.3279478062807397,1005.4879740567479
50-302,Quito,real_barrio_cne,3031,2206,0.19663477400197954,0.158953722334004,0.26195974925767074,0.48564830089079514,0.12999010227647642,0.13196964698119432,0.04717914879577697,0.21478060046189376,0.210236634531113,0.4555273984929733,1004.8934410754991
50-415,Quito,real_barrio_cne,3540,2687,0.07146892655367232,0.10967741935483871,0.2782485875706215,0.4864406779661017,0.14152542372881355,0.1367231638418079,0.016101694915254237,0.2621468926553672,0.1484117340739454,0.37068278836811225,996.0246523451176
55-025,Calderón,real_parroquia,4218,2917,0.27084818246614395,0.12715930902111325,0.27833096254148887,0.4796111901375059,0.1289710763394974,0.14935988620199148,0.07491702228544334,0.2031768610715979,0.1266315416264707,0.3407930202813737,994.0932401607671
50-382,Quito,real_barrio_cne,2853,2175,0.10655450403084472,0.13168724279835392,0.27269540834209605,0.4819488257974062,0.13354363827549948,0.13915177006659657,0.027690150718541886,0.24500525762355416,0.2107060991505236,0.4561716622492717,992.1733653921659
50-004,Quito,real_barrio_cne,3681,2695,0.15593588698723174,0.1473899692937564,0.2762836185819071,0.4892692203205651,0.1339309970116816,0.1423526215702255,0.04210812279271937,0.23417549578918773,0.1464780130293159,0.36802907106475014,991.8383465195017
50-418,Quito,real_barrio_cne,3625,2655,0.13131034482758622,0.15091299677765843,0.2813793103448276,0.48,0.14289655172413793,0.13848275862068965,0.035586206896551724,0.24579310344827587,0.1484117340739454,0.37068278836811225,984.1628031173381
50-456,Quito,real_barrio_cne,4340,3067,0.15,0.15210355987055016,0.2638248847926267,0.48870967741935484,0.12995391705069123,0.1338709677419355,0.035483870967741936,0.22834101382488478,0.1117982324572535,0.32043671846741983,982.7794155395766
55-043,Calderón,real_parroquia,3800,2880,0.07789473684210527,0.1062874251497006,0.24157894736842106,0.49526315789473685,0.12289473684210526,0.1186842105263158,0.016052631578947367,0.22552631578947369,0.1266315416264707,0.3407930202813737,981.4838984103562
50-492,Quito,real_barrio_cne,4461,3061,0.23918403945303743,0.16414488766620816,0.2757229320780094,0.5032503922887245,0.13875812598072182,0.13696480609728762,0.06231786594933871,0.2134050661286707,0.1117982324572535,0.32043671846741983,980.8567952287721
80-009,San Antonio,real_parroquia,3920,3098,0.05892857142857143,0.12873563218390804,0.23137755102040816,0.47270408163265304,0.11377551020408164,0.11760204081632653,0.01173469387755102,0.21964285714285714,0.1078990375885237,0.3150857083405627,976.1355244390633
50-017,Quito,real_barrio_cne,3612,2638,0.12486157253599114,0.19045120671563484,0.2754706533776301,0.4808970099667774,0.13372093023255813,0.14174972314507198,0.032668881506090805,0.2428017718715393,0.1464780130293159,0.36802907106475014,970.8606894688108
50-469,Quito,real_barrio_cne,4103,3023,0.134535705581282,0.11928429423459244,0.27321472093590055,0.4906166219839142,0.13867901535461857,0.134535705581282,0.03314647818669266,0.2400682427492079,0.1117982324572535,0.32043671846741983,968.6801999270101
50-491,Quito,real_barrio_cne,4220,3018,0.15781990521327013,0.14558472553699284,0.28507109004739334,0.48104265402843605,0.13080568720379146,0.1542654028436019,0.04407582938388625,0.2409952606635071,0.1117982324572535,0.32043671846741983,967.0780163346731
50-054,Quito,real_barrio_cne,3645,2624,0.153360768175583,0.11312700106723586,0.2943758573388203,0.4858710562414266,0.1421124828532236,0.1522633744855967,0.041700960219478736,0.25267489711934155,0.1464780130293159,0.36802907106475014,965.7082824739043
52-911,Amaguaña,real_parroquia,5819,4499,0.25743254854786046,0.0990680013807387,0.26344732771953944,0.4966489087472074,0.13129403677607837,0.13215329094346107,0.06358480838632068,0.19986251933321877,0.0344240670609761,0.21425327379965584,963.9254788246516
50-321,Quito,real_barrio_cne,2361,1890,0.08813559322033898,0.09669421487603305,0.25497670478610757,0.4866581956797967,0.12664125370605675,0.12833545108005082,0.022024565861922914,0.23295213892418468,0.2497268302374093,0.5097212626751959,963.3731864561203
50-384,Quito,real_barrio_cne,2971,2109,0.2278694042409963,0.19174603174603175,0.276001346348031,0.4823291820935712,0.13025917199596096,0.14574217435207001,0.05452709525412319,0.22147425109390778,0.2107060991505236,0.4561716622492717,962.066035683714
55-034,Calderón,real_parroquia,3628,2819,0.06947890818858561,0.11488511488511488,0.2486218302094818,0.48180815876515987,0.11907386990077178,0.12954796030871002,0.012403528114663727,0.23594266813671444,0.1266315416264707,0.3407930202813737,960.6955241731924
50-474,Quito,real_barrio_cne,4046,2928,0.11047948591201186,0.18234723569350145,0.28818586258032625,0.48640632723677707,0.1453287197231834,0.14285714285714285,0.026445872466633713,0.26173999011369253,0.1172714411348602,0.3279478062807397,960.2311767900059
50-284,Quito,real_barrio_cne,2365,1698,0.2156448202959831,0.16583747927031509,0.27568710359408033,0.48921775898520087,0.13488372093023257,0.1408033826638478,0.0638477801268499,0.21183932346723044,0.2900763358778626,0.5650943898372349,959.5302739436249
50-482,Quito,real_barrio_cne,4026,2925,0.12593144560357675,0.1300383877159309,0.2821659215101838,0.4883258817685047,0.1403378042722305,0.1418281172379533,0.029309488325881768,0.252856433184302,0.1172714411348602,0.3279478062807397,959.2473333711637
50-364,Quito,real_barrio_cne,4351,3103,0.181107791312342,0.1730937773882559,0.2895886003217651,0.48563548609515056,0.14180648126867387,0.14778211905309124,0.048264766720294186,0.24132383360147092,0.1033504697748626,0.3088435395716225,958.3415032907448
50-472,Quito,real_barrio_cne,4093,2921,0.15123381382848766,0.20837642192347466,0.2819447837771806,0.4683606156853164,0.1402394331785976,0.14170535059858294,0.04202296603957977,0.2399218177376008,0.1172714411348602,0.3279478062807397,957.9355421460407
50-306,Quito,real_barrio_cne,2810,2099,0.15338078291814947,0.13608666215301288,0.2526690391459075,0.47686832740213525,0.1298932384341637,0.12277580071174377,0.03558718861209965,0.21708185053380782,0.210236634531113,0.4555273984929733,956.152009436751
50-449,Quito,real_barrio_cne,4043,2901,0.20059361860004946,0.1567622950819672,0.28320554044026713,0.4964135542913678,0.14494187484541182,0.1382636655948553,0.06109324758842444,0.2221122928518427,0.1172714411348602,0.3279478062807397,951.376586020426
55-052,Calderón,real_parroquia,3700,2779,0.1643243243243243,0.12748789671866595,0.25972972972972974,0.482972972972973,0.12567567567567567,0.13405405405405404,0.03945945945945946,0.22027027027027027,0.1266315416264707,0.3407930202813737,947.0638033619375
50-041,Quito,real_barrio_cne,3514,2687,0.06760240618733887,0.07463414634146341,0.22879908935685828,0.4800796812749004,0.12094479225953329,0.10785429709732498,0.016220830961866817,0.21257825839499148,0.1346153846153845,0.35174954492894334,945.1510272240707
50-338,Quito,real_barrio_cne,4133,3050,0.11256671518680253,0.11138014527845036,0.26155335107669975,0.4725381079119284,0.12267118315993225,0.13888216791676747,0.026615049600774255,0.2346963464795548,0.1033504697748626,0.3088435395716225,941.9727956934487
50-084,Quito,real_barrio_cne,3497,2675,0.15413211323991993,0.10401761144744083,0.2587932513583071,0.49699742636545613,0.12668001143837576,0.13211323991993137,0.04032027452101802,0.2184729768372891,0.1346153846153845,0.35174954492894334,940.9300326849234
50-401,Quito,real_barrio_cne,2890,2069,0.1384083044982699,0.14726027397260275,0.2930795847750865,0.49377162629757787,0.14498269896193772,0.14809688581314878,0.04013840830449827,0.2529411764705882,0.2096615562626555,0.45473819719838554,940.8533300034596
55-036,Calderón,real_parroquia,3515,2746,0.10241820768136557,0.08384146341463415,0.24096728307254622,0.465149359886202,0.12062588904694167,0.12034139402560455,0.029871977240398292,0.21109530583214794,0.1266315416264707,0.3407930202813737,935.8176336926522
50-420,Quito,real_barrio_cne,3413,2513,0.13214181072370348,0.14394829612220916,0.27864049223556986,0.48315265162613535,0.1394667447992968,0.13917374743627306,0.033987694110753,0.24465279812481688,0.1484117340739454,0.37068278836811225,931.5258471690661
50-373,Quito,real_barrio_cne,2626,2042,0.12051868802440885,0.09103840682788052,0.2654226961157654,0.4946686976389947,0.13861386138613863,0.1268088347296268,0.025514089870525513,0.2399086062452399,0.2107060991505236,0.4561716622492717,931.5025343130128
50-426,Quito,real_barrio_cne,2744,2046,0.05766423357664233,0.11065006915629322,0.27368804664723034,0.49271137026239065,0.14212827988338192,0.1315597667638484,0.015306122448979591,0.25801749271137026,0.2096615562626555,0.45473819719838554,930.3943514678969
50-496,Quito,real_barrio_cne,4228,2898,0.36920529801324503,0.1634419551934827,0.28240302743614004,0.4817880794701987,0.1326868495742668,0.14971617786187322,0.1000473036896878,0.18235572374645223,0.1117982324572535,0.32043671846741983,928.6256101185827
50-074,Quito,real_barrio_cne,3614,2640,0.2111234089651356,0.1304588170259812,0.2650802434975097,0.487825124515772,0.13171001660210294,0.13337022689540676,0.05617044825677919,0.2089097952407305,0.1346153846153845,0.35174954492894334,928.6187986124104
77-999,Pomasqui,real_parroquia,2098,1552,0.18779790276453764,0.11003521126760564,0.2349857006673022,0.4833174451858913,0.11487130600571974,0.12011439466158245,0.05004766444232602,0.18493803622497618,0.3126380000748475,0.596056600668248,925.0798442371208
50-394,Quito,real_barrio_cne,2661,2034,0.036076662908680945,0.08082832331329326,0.2750845546786922,0.46523863209319805,0.13115370161593387,0.14393085306275835,0.008267568583239383,0.26681698609545285,0.2096615562626555,0.45473819719838554,924.9374931015162
50-019,Quito,real_barrio_cne,3425,2494,0.13313868613138685,0.13415315818893236,0.251970802919708,0.4899270072992701,0.13226277372262774,0.11970802919708029,0.03240875912408759,0.21956204379562044,0.1464780130293159,0.36802907106475014,917.8645032354868
50-078,Quito,real_barrio_cne,3459,2609,0.1540907776814108,0.13745130773511408,0.250361376120266,0.4906042208730847,0.12691529343740965,0.12344608268285631,0.030355594102341718,0.22000578201792426,0.1346153846153845,0.35174954492894334,917.7145627196131
55-020,Calderón,real_parroquia,3658,2678,0.10524876981957354,0.1295647823911956,0.24603608529250956,0.5030071077091307,0.12383816293056316,0.12219792236194642,0.02433023510114817,0.2217058501913614,0.1266315416264707,0.3407930202813737,912.6437083135188
50-349,Quito,real_barrio_cne,2432,1789,0.12088815789473684,0.1523730224812656,0.2676809210526316,0.4925986842105263,0.13898026315789475,0.12870065789473684,0.03700657894736842,0.23067434210526316,0.2497268302374093,0.5097212626751959,911.8913389259254
50-083,Quito,real_barrio_cne,3434,2574,0.1322073383808969,0.12241475684740079,0.2667443214909726,0.48689574839836924,0.13570180547466512,0.1310425160163075,0.033197437390797904,0.2335468841001747,0.1346153846153845,0.35174954492894334,905.4033286471001
55-039,Calderón,real_parroquia,3429,2654,0.10411198600174978,0.11146161934805468,0.268299795858851,0.48498104403616216,0.12715077282006415,0.14114902303878682,0.028288130650335374,0.2400116652085156,0.1266315416264707,0.3407930202813737,904.4646758267658
55-018,Calderón,real_parroquia,3655,2642,0.2482191780821918,0.20651013874066168,0.2952120383036936,0.5012311901504788,0.1545827633378933,0.14062927496580027,0.07222982216142271,0.22243502051983585,0.1266315416264707,0.3407930202813737,900.3751595833893
50-238,Quito,real_barrio_cne,2324,1719,0.31958315240990015,0.1384850803366488,0.2641996557659208,0.48752151462994836,0.12736660929432014,0.1368330464716007,0.08691910499139414,0.1712564543889845,0.2588697583477287,0.5222684429404858,897.7794534146951
50-215,Quito,real_barrio_cne,2086,1718,0.1185515873015873,0.10053722179585571,0.2339405560882071,0.48178331735378715,0.10977948226270375,0.12416107382550336,0.02205177372962608,0.20661553211888783,0.2588697583477287,0.5222684429404858,897.2571849717546
50-372,Quito,real_barrio_cne,2619,1963,0.09674952198852772,0.10670511896178803,0.25925925925925924,0.47002672775868654,0.12523864070255822,0.13402061855670103,0.022527682321496753,0.23634975181366935,0.2107060991505236,0.4561716622492717,895.4649729953203
50-007,Quito,real_barrio_cne,3185,2431,0.16372239747634068,0.11450381679389313,0.25588697017268447,0.4976452119309262,0.12904238618524333,0.12684458398744114,0.03956043956043956,0.2141287284144427,0.1464780130293159,0.36802907106475014,894.6786717584076
50-240,Quito,real_barrio_cne,2376,1750,0.2441077441077441,0.1455592105263158,0.24368686868686867,0.47769360269360267,0.11531986531986532,0.12836700336700338,0.05808080808080808,0.1856060606060606,0.2491197815621182,0.508888187202352,890.5543276041159
55-006,Calderón,real_parroquia,3612,2613,0.2909745293466224,0.1557075223566544,0.28820598006644516,0.501937984496124,0.14424141749723146,0.14396456256921372,0.08277962347729789,0.2054263565891473,0.1266315416264707,0.3407930202813737,890.4921619952295
50-180,Quito,real_barrio_cne,1396,1223,0.05903527717782577,0.06801275239107332,0.1812320916905444,0.45988538681948427,0.083810888252149,0.09742120343839542,0.011461318051575931,0.16977077363896848,0.4061395759717314,0.7243722905338109,885.9073113228508
80-003,San Antonio,real_parroquia,3946,2772,0.28072412034676186,0.12915129151291513,0.2833248859604663,0.4944247339077547,0.14419665484034466,0.13912823112012165,0.07957425240750127,0.19944247339077548,0.1078990375885237,0.3150857083405627,873.4175835200398
50-477,Quito,real_barrio_cne,3718,2660,0.06024744486282948,0.1198179979777553,0.26169983862291557,0.46207638515330823,0.12103281334050565,0.1406670252824099,0.01694459386767079,0.24475524475524477,0.1172714411348602,0.3279478062807397,872.3411647067677
50-433,Quito,real_barrio_cne,3226,2345,0.09361438313701177,0.14086294416243655,0.27526348419094854,0.4885306881587105,0.13825170489770613,0.1370117792932424,0.025728456292622444,0.2495350278983261,0.1484117340739454,0.37068278836811225,869.2511387232232
50-427,Quito,real_barrio_cne,2486,1910,0.057924376508447305,0.11336032388663968,0.24255832662912308,0.4887369267900241,0.12188254223652453,0.12067578439259855,0.015687851971037812,0.22687047465808527,0.2096615562626555,0.45473819719838554,868.5499566489163
50-413,Quito,real_barrio_cne,2562,1907,0.05503512880562061,0.1331953071083506,0.25175644028103045,0.4960967993754879,0.12958626073380172,0.12217017954722872,0.01288056206088993,0.2388758782201405,0.2096615562626555,0.45473819719838554,867.1857420573212
50-471,Quito,real_barrio_cne,3608,2637,0.1316518847006652,0.15692821368948248,0.2774390243902439,0.4825388026607539,0.1385809312638581,0.1388580931263858,0.03325942350332594,0.24417960088691795,0.1172714411348602,0.3279478062807397,864.7983651623107
65-003,Llano Chico,real_parroquia,3306,2418,0.16606170598911071,0.13663133097762073,0.25499092558983666,0.48880822746521474,0.12280701754385964,0.13218390804597702,0.04053236539624924,0.21445856019358742,0.1378352258999758,0.3561682528675731,861.2148354337917
50-081,Quito,real_barrio_cne,3116,2433,0.20089858793324775,0.10585141354372124,0.2615532734274711,0.49133504492939667,0.11264441591784338,0.14890885750962773,0.04813863928112965,0.21341463414634146,0.1346153846153845,0.35174954492894334,855.8066428121191
80-999,San Antonio,real_parroquia,3717,2684,0.3392808867261422,0.11941904249596558,0.26768899650255584,0.484530535377993,0.13505515200430454,0.13263384449825127,0.08259348937315039,0.1802528921172989,0.1078990375885237,0.3150857083405627,845.6900411860703
50-459,Quito,real_barrio_cne,3692,2630,0.11971830985915492,0.20851293103448276,0.3001083423618635,0.4894366197183099,0.1454496208017335,0.15465872156013002,0.03927410617551463,0.2608342361863489,0.1117982324572535,0.32043671846741983,842.7485695693142
55-037,Calderón,real_parroquia,3425,2470,0.24963503649635035,0.11104910714285714,0.2697810218978102,0.4913868613138686,0.1343065693430657,0.13547445255474452,0.07357664233576643,0.19620437956204378,0.1266315416264707,0.3407930202813737,841.758760094993
50-494,Quito,real_barrio_cne,3583,2623,0.13787329053865477,0.16254805052169138,0.27239743231928554,0.493720346078705,0.13815238626849008,0.13424504605079543,0.036840636338264024,0.2355567959810215,0.1117982324572535,0.32043671846741983,840.5055125400422
80-002,San Antonio,real_parroquia,3622,2666,0.24156992813709233,0.12249322493224932,0.2642186637217007,0.5008282716731087,0.13694091662065158,0.12727774710104914,0.06653782440640531,0.19768083931529543,0.1078990375885237,0.3150857083405627,840.0184984359402
50-451,Quito,real_barrio_cne,3564,2600,0.1574074074074074,0.10054945054945055,0.2769360269360269,0.48681257014590346,0.1360830527497194,0.14085297418630752,0.04489337822671156,0.23204264870931537,0.1117982324572535,0.32043671846741983,833.1354680152916
50-428,Quito,real_barrio_cne,2867,2226,0.08347886831994411,0.1202365308804205,0.25462155563306593,0.48971049877921174,0.13114754098360656,0.12347401464945937,0.01918381583536798,0.23543773979769794,0.1484117340739454,0.37068278836811225,825.1398869074179
50-445,Quito,real_barrio_cne,3683,2511,0.20255226717349986,0.07749077490774908,0.30464295411349446,0.4906326364376867,0.16155308172685312,0.14308987238664134,0.057018734727124626,0.2476242193863698,0.1172714411348602,0.3279478062807397,823.4769415709375
50-075,Quito,real_barrio_cne,3038,2340,0.12738643844634628,0.14277071990320628,0.2468729427254773,0.49144173798551677,0.12804476629361422,0.11882817643186307,0.025016458196181698,0.2218564845292956,0.1346153846153845,0.35174954492894334,823.0939351337274
50-085,Quito,real_barrio_cne,3057,2336,0.12626758259731763,0.09156193895870736,0.24403009486424598,0.4991822047759241,0.11710827608766765,0.12692181877657835,0.029113509977101732,0.21491658488714427,0.1346153846153845,0.35174954492894334,821.6869369540117
50-237,Quito,real_barrio_cne,2113,1569,0.34826589595375723,0.11976549413735343,0.27307146237576907,0.4798864174159962,0.13677236157122574,0.1362991008045433,0.09749171793658305,0.17510648367250356,0.2588697583477287,0.5222684429404858,819.4391869736222
50-425,Quito,real_barrio_cne,3001,2186,0.07430856381206265,0.1550131926121372,0.27224258580473176,0.48317227590803064,0.1372875708097301,0.13495501499500168,0.018327224258580473,0.2539153615461513,0.1484117340739454,0.37068278836811225,810.3125753726933
50-446,Quito,real_barrio_cne,3465,2470,0.21028307336799537,0.15243179122182682,0.2958152958152958,0.494949494949495,0.15151515151515152,0.1443001443001443,0.0608946608946609,0.23492063492063492,0.1172714411348602,0.3279478062807397,810.0310815134271
52-939,Amaguaña,real_parroquia,5073,3769,0.22393061304947762,0.10213478442863122,0.2820816085156712,0.4780208949339641,0.13660555884092254,0.14547604967474867,0.058742361521781986,0.2233392469938892,0.0344240670609761,0.21425327379965584,807.5205889509028
50-455,Quito,real_barrio_cne,3496,2496,0.07122425629290619,0.1550028918449971,0.2780320366132723,0.4834096109839817,0.1450228832951945,0.1330091533180778,0.020594965675057208,0.2574370709382151,0.1117982324572535,0.32043671846741983,799.8100492946799
50-437,Quito,real_barrio_cne,3384,2494,0.10017730496453901,0.13105726872246695,0.28812056737588654,0.48965721040189125,0.1385933806146572,0.1495271867612293,0.027777777777777776,0.26034278959810875,0.1117982324572535,0.32043671846741983,799.169175857745
50-079,Quito,real_barrio_cne,3015,2269,0.15953565505804312,0.1396083385975995,0.2723051409618574,0.4779436152570481,0.13665008291873965,0.13565505804311775,0.03449419568822554,0.23781094527363184,0.1346153846153845,0.35174954492894334,798.1197174437724
50-362,Quito,real_barrio_cne,3472,2584,0.13767281105990783,0.1440185830429733,0.26411290322580644,0.48934331797235026,0.12816820276497695,0.1359447004608295,0.03542626728110599,0.22868663594470046,0.1033504697748626,0.3088435395716225,798.0517062530727
65-001,Llano Chico,real_parroquia,3060,2238,0.2130718954248366,0.19233004067402673,0.28169934640522876,0.492483660130719,0.14183006535947712,0.13986928104575164,0.05718954248366013,0.22450980392156863,0.1378352258999758,0.3561682528675731,797.1045499176286
50-341,Quito,real_barrio_cne,3459,2580,0.18444637178375253,0.11203549639489739,0.2596126047990749,0.48337669846776526,0.12807169702226076,0.1315409077768141,0.04625614339404452,0.21335646140503037,0.1033504697748626,0.3088435395716225,796.8163320947862
50-300,Quito,real_barrio_cne,2336,1749,0.24871575342465754,0.16719745222929935,0.2752568493150685,0.4978595890410959,0.14340753424657535,0.13184931506849315,0.06806506849315068,0.2071917808219178,0.210236634531113,0.4555273984929733,796.7174199642103
55-005,Calderón,real_parroquia,3228,2336,0.27447335811648077,0.19593345656192238,0.2738537794299876,0.48946716232961585,0.13723667905824039,0.1366171003717472,0.07342007434944238,0.20043370508054523,0.1266315416264707,0.3407930202813737,796.092495377289
50-461,Quito,real_barrio_cne,3106,2136,0.30304010349288485,0.10888252148997135,0.29684481648422406,0.5048293625241468,0.15067611075338055,0.14616870573084353,0.0952994204764971,0.19993560849967804,0.1484117340739454,0.37068278836811225,791.7784359542877
50-246,Quito,real_barrio_cne,1913,1550,0.06600314300680984,0.109,0.2247778358599059,0.48823836905384216,0.1170935703084161,0.10768426555148981,0.01097752221641401,0.2138003136434919,0.2491197815621182,0.508888187202352,788.7766901636455
50-080,Quito,real_barrio_cne,2883,2237,0.23204994797086367,0.1297043010752688,0.26881720430107525,0.5081512313562262,0.14464099895941726,0.12417620534165799,0.05966007630939993,0.20915712799167535,0.1346153846153845,0.35174954492894334,786.8637320060462
50-490,Quito,real_barrio_cne,3394,2451,0.12581025338833235,0.18545020870602266,0.27253977607542723,0.48173246906305245,0.12993517972893343,0.1426045963464938,0.030053034767236298,0.24248674130819092,0.1117982324572535,0.32043671846741983,785.390396963646
50-012,Quito,real_barrio_cne,2920,2098,0.1323277339732602,0.13919178960872355,0.28493150684931506,0.47876712328767124,0.14383561643835616,0.1410958904109589,0.031506849315068496,0.25273972602739725,0.1464780130293159,0.36802907106475014,772.1249910938458
50-485,Quito,real_barrio_cne,3238,2353,0.0849289684990735,0.11953727506426735,0.2618900555898703,0.4913526868437307,0.13063619518221123,0.13125386040765905,0.021000617665225447,0.24088943792464484,0.1172714411348602,0.3279478062807397,771.6611881785806
50-010,Quito,real_barrio_cne,2971,2093,0.3426455738808482,0.22015915119363394,0.2877818916189835,0.5021878155503198,0.14742510939077752,0.140356782228206,0.08818579602827331,0.1995960955907102,0.1464780130293159,0.36802907106475014,770.284845738522
55-003,Calderón,real_parroquia,3105,2249,0.2959742351046699,0.11920103092783506,0.2811594202898551,0.4750402576489533,0.12657004830917876,0.15458937198067632,0.0782608695652174,0.2028985507246377,0.1266315416264707,0.3407930202813737,766.4435026128094
50-014,Quito,real_barrio_cne,2820,2069,0.20602836879432623,0.1750865051903114,0.26170212765957446,0.4975177304964539,0.13120567375886524,0.13049645390070921,0.042907801418439716,0.21879432624113476,0.1464780130293159,0.36802907106475014,761.452148032968
50-410,Quito,real_barrio_cne,2316,1672,0.07728842832469776,0.1686241610738255,0.24438687392055267,0.49093264248704666,0.12651122625215888,0.11787564766839378,0.01468048359240069,0.229706390328152,0.2096615562626555,0.45473819719838554,760.3222657157006
50-335,Quito,real_barrio_cne,3308,2460,0.12484885126964934,0.1506524317912218,0.2669286577992745,0.47702539298669894,0.12726723095525996,0.1396614268440145,0.036275695284159616,0.23065296251511488,0.1033504697748626,0.3088435395716225,759.7551073461914
50-467,Quito,real_barrio_cne,3277,2370,0.1007018614586512,0.1389937106918239,0.2908147696063473,0.4848947207812023,0.13915166310649985,0.15166310649984743,0.022276472383277388,0.2685382972230699,0.1117982324572535,0.32043671846741983,759.435022767785
50-400,Quito,real_barrio_cne,2289,1658,0.2968954962833406,0.08707865168539326,0.28658802970729574,0.4801223241590214,0.1363040629095675,0.15028396679772826,0.0856269113149847,0.20096111839231107,0.2096615562626555,0.45473819719838554,753.9559309549232
80-001,San Antonio,real_parroquia,3396,2385,0.2773851590106007,0.25226480836236936,0.2841578327444052,0.482037691401649,0.13663133097762073,0.14752650176678445,0.07685512367491167,0.20730270906949352,0.1078990375885237,0.3150857083405627,751.479414392242
72-999,Pacto,real_parroquia,3006,2190,0.7075848303393214,0.033432392273402674,0.22022621423819028,0.5056553559547572,0.1027944111776447,0.11743180306054557,0.15535595475715236,0.06487025948103792,0.127842655193608,0.34245507647007534,749.9766174694649
55-016,Calderón,real_parroquia,2986,2200,0.11286001339584728,0.1554341226472374,0.27427997320830544,0.4768921634293369,0.13127930341594105,0.14300066979236437,0.030475552578700604,0.24380442062960483,0.1266315416264707,0.3407930202813737,749.7446446190221
50-333,Quito,real_barrio_cne,3175,2426,0.05574803149606299,0.08708357685563997,0.23905511811023622,0.4752755905511811,0.11433070866141733,0.1247244094488189,0.014173228346456693,0.22488188976377954,0.1033504697748626,0.3088435395716225,749.2544270007562
50-462,Quito,real_barrio_cne,2819,2021,0.21958141184817312,0.20687186828919113,0.28804540617240154,0.47818375310393757,0.1479247960269599,0.14012061014544164,0.060305072720822986,0.22774033345157857,0.1484117340739454,0.37068278836811225,749.1499152919548
50-430,Quito,real_barrio_cne,2787,2016,0.08575529242913527,0.18431635388739948,0.2640832436311446,0.47434517402224613,0.12450663796196627,0.13957660566917832,0.022604951560818085,0.2414782920703265,0.1484117340739454,0.37068278836811225,747.2965013501143
50-272,Quito,real_barrio_cne,2196,1639,0.19398907103825136,0.11013215859030837,0.25591985428051,0.4949908925318761,0.12887067395264118,0.12704918032786885,0.05009107468123861,0.2058287795992714,0.210236634531113,0.4555273984929733,746.6094061299832
50-479,Quito,real_barrio_cne,3188,2272,0.09190715181932246,0.1537112799532437,0.2719573400250941,0.48713927227101633,0.12233375156838143,0.14962358845671267,0.021957340025094103,0.25,0.1172714411348602,0.3279478062807397,745.0974158698407
55-051,Calderón,real_parroquia,2948,2184,0.2691785471826205,0.0764832022873481,0.26221166892808684,0.48100407055630934,0.1248303934871099,0.13738127544097695,0.07293080054274084,0.1889416553595658,0.1266315416264707,0.3407930202813737,744.2919562945202
50-009,Quito,real_barrio_cne,2789,2018,0.15847974184295446,0.1352265043948614,0.28863391896737184,0.49372534958766584,0.13947651487988527,0.14915740408748657,0.048404446038006456,0.24022947292936536,0.1464780130293159,0.36802907106475014,742.6826654086658
50-360,Quito,real_barrio_cne,3365,2404,0.11233283803863299,0.1638702460850112,0.26983655274888557,0.4823179791976226,0.1364041604754829,0.13343239227340267,0.02763744427934621,0.24219910846953938,0.1033504697748626,0.3088435395716225,742.4598691301806
50-481,Quito,real_barrio_cne,3034,2251,0.08042188529993408,0.13509933774834437,0.27785102175346077,0.4878048780487805,0.14765985497692816,0.13019116677653264,0.01977587343441002,0.25807514831905076,0.1172714411348602,0.3279478062807397,738.2105119379451
54-001,Calacalí,real_parroquia,3275,2501,0.15760537568723273,0.10985074626865672,0.26748091603053437,0.48916030534351146,0.1282442748091603,0.13923664122137405,0.03603053435114504,0.2314503816793893,0.092994265769135,0.29463133567412936,736.8729705209976
50-498,Quito,real_barrio_cne,3125,2234,0.2688,0.17847222222222223,0.29536,0.4704,0.13696,0.1584,0.07264,0.22272,0.1172714411348602,0.3279478062807397,732.6353992311725
52-003,Amaguaña,real_parroquia,4465,3379,0.15122061482820975,0.11728665207877462,0.24300111982082867,0.47816349384098544,0.12071668533034714,0.12228443449048153,0.03471444568868981,0.20559910414333707,0.0344240670609761,0.21425327379965584,723.9618121690371
50-463,Quito,real_barrio_cne,3247,2246,0.18878965198644904,0.23979912115505336,0.300277178934401,0.48598706498306127,0.14659685863874344,0.15368032029565754,0.049584231598398525,0.25069294733600245,0.1117982324572535,0.32043671846741983,719.7008696778249
50-053,Quito,real_barrio_cne,2697,1945,0.26881720430107525,0.09505409582689335,0.27845754542083795,0.4938820912124583,0.13941416388579903,0.13904338153503892,0.07415647015202076,0.20430107526881722,0.1464780130293159,0.36802907106475014,715.816543220939
50-421,Quito,real_barrio_cne,2584,1927,0.16292569659442724,0.14661354581673305,0.2921826625386997,0.4856811145510836,0.15673374613003097,0.13544891640866874,0.04914860681114551,0.24303405572755418,0.1484117340739454,0.37068278836811225,714.3057331853523
80-004,San Antonio,real_parroquia,3165,2243,0.15481832543443919,0.14517174335709657,0.27014218009478674,0.49225908372827804,0.130173775671406,0.13996840442338074,0.043601895734597156,0.22654028436018958,0.1078990375885237,0.3150857083405627,706.7372438078821
50-385,Quito,real_barrio_cne,2191,1542,0.40118667275216796,0.17785843920145192,0.298037425832953,0.4924691921497033,0.15061615700593337,0.1474212688270196,0.12140575079872204,0.17663167503423094,0.2107060991505236,0.4561716622492717,703.4167031883769
50-435,Quito,real_barrio_cne,2925,2195,0.14803418803418802,0.11406844106463879,0.2694017094017094,0.49777777777777776,0.13299145299145299,0.13641025641025642,0.03794871794871795,0.23145299145299145,0.1117982324572535,0.32043671846741983,703.3585970359866
50-273,Quito,real_barrio_cne,1980,1529,0.12373737373737374,0.1175925925925926,0.255050505050505,0.49343434343434345,0.1292929292929293,0.12575757575757576,0.03080808080808081,0.22424242424242424,0.210236634531113,0.4555273984929733,696.5013922957562
50-361,Quito,real_barrio_cne,3094,2253,0.14091790562378798,0.13315926892950392,0.27020038784744665,0.48998060762766643,0.13800904977375567,0.13219133807369102,0.03878474466709761,0.23141564318034907,0.1033504697748626,0.3088435395716225,695.8244946548656
50-011,Quito,real_barrio_cne,2676,1883,0.1955140186915888,0.1678370786516854,0.26831091180866967,0.4872944693572496,0.13303437967115098,0.1352765321375187,0.0515695067264574,0.21674140508221226,0.1464780130293159,0.36802907106475014,692.9987408149245
50-339,Quito,real_barrio_cne,2908,2240,0.07255845942228335,0.10051880674448768,0.25034387895460797,0.46939477303988997,0.1155433287482806,0.13480055020632736,0.015130674002751032,0.23521320495185694,0.1033504697748626,0.3088435395716225,691.8095286404345
50-475,Quito,real_barrio_cne,2935,2100,0.11175468483816013,0.13924050632911392,0.2824531516183986,0.4831345826235094,0.13764906303236799,0.14480408858603067,0.025894378194207836,0.2565587734241908,0.1172714411348602,0.3279478062807397,688.6903931895534
50-381,Quito,real_barrio_cne,2003,1508,0.10084872690963555,0.11401869158878504,0.25062406390414377,0.4947578632051922,0.11982026959560658,0.1308037943085372,0.02496255616575137,0.22566150773839241,0.2107060991505236,0.4561716622492717,687.9068666719018
50-340,Quito,real_barrio_cne,2953,2215,0.12440677966101694,0.11387434554973822,0.260074500507958,0.4812055536742296,0.12665086352861496,0.13342363697934304,0.028445648493057907,0.2316288520149001,0.1033504697748626,0.3088435395716225,684.0884401511439
50-465,Quito,real_barrio_cne,3112,2134,0.3402956298200514,0.18604651162790697,0.3065552699228792,0.480719794344473,0.1449228791773779,0.1616323907455013,0.10539845758354756,0.2011568123393316,0.1117982324572535,0.32043671846741983,683.8119572094739
50-470,Quito,real_barrio_cne,2739,2073,0.11427528294998175,0.1397006414825374,0.2756480467323841,0.47973713033953996,0.13472070098576122,0.14092734574662286,0.028842643300474625,0.24680540343190946,0.1172714411348602,0.3279478062807397,679.8358024199734
50-301,Quito,real_barrio_cne,2022,1491,0.2032640949554896,0.11414634146341464,0.2734915924826904,0.4792284866468843,0.12660731948565776,0.14688427299703263,0.050939663699307615,0.22255192878338279,0.210236634531113,0.4555273984929733,679.1913511530232
50-359,Quito,real_barrio_cne,2997,2199,0.10744077410744077,0.1665551839464883,0.2682682682682683,0.49416082749416085,0.13213213213213212,0.13613613613613615,0.025025025025025027,0.24324324324324326,0.1033504697748626,0.3088435395716225,679.1469435179979
50-432,Quito,real_barrio_cne,2514,1824,0.1428003182179793,0.14251968503937007,0.28162291169451076,0.49443118536197295,0.13762927605409706,0.14399363564041368,0.03778838504375497,0.24383452665075578,0.1484117340739454,0.37068278836811225,676.1254059834367
55-017,Calderón,real_parroquia,2625,1975,0.1382857142857143,0.1663003663003663,0.27695238095238095,0.4895238095238095,0.1299047619047619,0.14704761904761904,0.03619047619047619,0.24076190476190476,0.1266315416264707,0.3407930202813737,673.0662150557131
50-020,Quito,real_barrio_cne,2538,1825,0.1362559241706161,0.13859111791730475,0.26083530338849487,0.483451536643026,0.12529550827423167,0.1355397951142632,0.031126871552403467,0.2289204097714736,0.1464780130293159,0.36802907106475014,671.653054693169
50-448,Quito,real_barrio_cne,2922,2044,0.15537303216974674,0.12555066079295155,0.27652292950034224,0.4678302532511978,0.13415468856947296,0.14236824093086928,0.039014373716632446,0.2375085557837098,0.1172714411348602,0.3279478062807397,670.325316037832
70-908,Nayón,real_parroquia,1203,903,0.1546134663341646,0.03566121842496285,0.2427265170407315,0.485453034081463,0.1172069825436409,0.1255195344970906,0.04405652535328346,0.19866999168744803,0.4183705241307732,0.7411572755534023,669.2650198247222
50-457,Quito,real_barrio_cne,2755,2088,0.07332123411978221,0.15954415954415954,0.26279491833030855,0.479491833030853,0.13139745916515427,0.13139745916515427,0.015245009074410164,0.24754990925589837,0.1117982324572535,0.32043671846741983,669.0718681599726
50-431,Quito,real_barrio_cne,2430,1798,0.1411522633744856,0.15373021853805577,0.26995884773662554,0.4794238683127572,0.12880658436213993,0.1411522633744856,0.03374485596707819,0.23621399176954733,0.1484117340739454,0.37068278836811225,666.4876534858658
55-050,Calderón,real_parroquia,2586,1943,0.14037122969837587,0.12248062015503876,0.23781902552204176,0.4903325599381284,0.11910286156225831,0.11871616395978345,0.033642691415313224,0.20417633410672853,0.1266315416264707,0.3407930202813737,662.1608384067091
50-473,Quito,real_barrio_cne,2834,1996,0.12702893436838392,0.20431765612952968,0.2836979534227241,0.46683133380381087,0.12808750882145378,0.1556104446012703,0.035285815102328866,0.24841213832039521,0.1172714411348602,0.3279478062807397,654.5838213363564
50-077,Quito,real_barrio_cne,2500,1855,0.1381657989587505,0.12044374009508717,0.2636,0.482,0.1256,0.138,0.0376,0.226,0.1346153846153845,0.35174954492894334,652.4954058431899
50-076,Quito,real_barrio_cne,2420,1851,0.11363636363636363,0.12295719844357976,0.2743801652892562,0.48925619834710743,0.13760330578512397,0.13677685950413224,0.02975206611570248,0.24462809917355371,0.1346153846153845,0.35174954492894334,651.0884076634741
50-365,Quito,real_barrio_cne,2880,2059,0.15520833333333334,0.12048192771084337,0.2857638888888889,0.49027777777777776,0.14305555555555555,0.14270833333333333,0.03923611111111111,0.2465277777777778,0.1033504697748626,0.3088435395716225,635.9088479779708
50-422,Quito,real_barrio_cne,2313,1708,0.07868568958063121,0.09437229437229437,0.26026805015131865,0.4669260700389105,0.12667531344574146,0.13359273670557717,0.016861219195849545,0.24340683095546908,0.1484117340739454,0.37068278836811225,633.1262025327358
50-453,Quito,real_barrio_cne,2769,1975,0.13651137594799567,0.1308623298033283,0.27049476345250995,0.48970747562296857,0.13253882267966774,0.13795594077284218,0.037197544239797764,0.23329721921271218,0.1117982324572535,0.32043671846741983,632.8625189731541
76-999,Píntag,real_parroquia,16629,11944,0.42263515545131997,0.17697114745379605,0.2674243790967587,0.48944614829514704,0.1318780443802995,0.1355463347164592,0.10722232244873414,0.16020205664802453,-0.0832582679191868,0.05275342897754169,630.086955707758
50-499,Quito,real_barrio_cne,2659,1911,0.20082737871380218,0.13256006628003314,0.2978563369687853,0.5005641218503196,0.15080857465212485,0.1470477623166604,0.05866867243324558,0.2391876645355397,0.1172714411348602,0.3279478062807397,626.7082578024936
55-035,Calderón,real_parroquia,2276,1835,0.0682218309859155,0.11726907630522089,0.23154657293497363,0.4718804920913884,0.11731107205623902,0.11423550087873462,0.016695957820738138,0.2148506151142355,0.1266315416264707,0.3407930202813737,625.3551922163208
50-336,Quito,real_barrio_cne,2829,2017,0.2530929657122658,0.13517338995046002,0.2757158006362672,0.4987628137150937,0.14280664545775892,0.13290915517850832,0.07317073170731707,0.20254506892895016,0.1033504697748626,0.3088435395716225,622.9374193159626
50-447,Quito,real_barrio_cne,2578,1895,0.13964313421256788,0.18774243599689683,0.2843289371605896,0.49767261442979055,0.1470131885182312,0.1373157486423584,0.037238169123351435,0.24709076803723817,0.1172714411348602,0.3279478062807397,621.4610929020017
50-086,Quito,real_barrio_cne,2325,1766,0.11612903225806452,0.12740384615384615,0.26064516129032256,0.47698924731182796,0.13161290322580646,0.12903225806451613,0.03053763440860215,0.23010752688172043,0.1346153846153845,0.35174954492894334,621.1896963445139
52-904,Amaguaña,real_parroquia,3787,2899,0.14813836810139952,0.1187308085977482,0.2595722207552152,0.4827039873250594,0.1288618959598627,0.13071032479535252,0.03723263797200951,0.2223395827832057,0.0344240670609761,0.21425327379965584,621.1202407452023
50-464,Quito,real_barrio_cne,2833,1938,0.2089657606777268,0.1934156378600823,0.2982703847511472,0.4772326156018355,0.1415460642428521,0.1567243205082951,0.05930109424638193,0.23896929050476526,0.1117982324572535,0.32043671846741983,621.0063603898597
50-332,Quito,real_barrio_cne,2507,1992,0.04547267650578381,0.10036363636363636,0.23015556441962504,0.46390107698444355,0.10849621061029119,0.12165935380933386,0.011567610690067811,0.21858795372955725,0.1033504697748626,0.3088435395716225,615.2163308266721
75-003,Pifo,real_parroquia,5248,3898,0.203813155386082,0.10894660894660894,0.2762957317073171,0.48647103658536583,0.1326219512195122,0.14367378048780488,0.053353658536585365,0.2227515243902439,-0.0091183278389562,0.15449842596537686,602.234864413039
50-357,Quito,real_barrio_cne,2614,1934,0.15493496557000766,0.14285714285714285,0.2712318286151492,0.48087222647283856,0.1327467482785004,0.1384850803366488,0.03940321346595256,0.23182861514919664,0.1033504697748626,0.3088435395716225,597.303405531518
50-440,Quito,real_barrio_cne,2378,1821,0.08200168208578637,0.09443954104148279,0.280067283431455,0.48233809924306137,0.14592094196804037,0.13414634146341464,0.017661900756938603,0.2624053826745164,0.1172714411348602,0.3279478062807397,597.192955237227
50-436,Quito,real_barrio_cne,2505,1857,0.07544910179640718,0.13862120088954782,0.26027944111776447,0.48982035928143713,0.1313373253493014,0.12894211576846307,0.015169660678642715,0.24510978043912177,0.1117982324572535,0.32043671846741983,595.0509861939986
50-903,Quito,real_barrio_cne,2000,1615,0.061,0.07049608355091384,0.232,0.4895,0.116,0.116,0.0165,0.2155,0.1464780130293159,0.36802907106475014,594.3669497695714
50-409,Quito,real_barrio_cne,1815,1303,0.12899669239250275,0.1122334455667789,0.26170798898071623,0.48705234159779615,0.1278236914600551,0.13388429752066117,0.027548209366391185,0.23415977961432508,0.2096615562626555,0.45473819719838554,592.5238709494963
50-438,Quito,real_barrio_cne,2378,1839,0.058452481076534904,0.08828382838283828,0.27375946173254834,0.48486122792262404,0.13162321278385197,0.1421362489486964,0.016400336417157275,0.25735912531539107,0.1117982324572535,0.32043671846741983,589.283125261585
50-042,Quito,real_barrio_cne,2135,1667,0.12833723653395784,0.12762520193861066,0.26557377049180325,0.4889929742388759,0.12552693208430912,0.14004683840749416,0.03325526932084309,0.2323185011709602,0.1346153846153845,0.35174954492894334,586.3664913965486
50-468,Quito,real_barrio_cne,2531,1827,0.14737258000790202,0.12169735788630905,0.2935598577637297,0.4843935203476887,0.1410509679968392,0.15250888976689056,0.04543658632951403,0.24812327143421573,0.1117982324572535,0.32043671846741983,585.437884639976
50-454,Quito,real_barrio_cne,2424,1798,0.11303630363036303,0.14817813765182186,0.2677392739273927,0.4806105610561056,0.12128712871287128,0.14645214521452146,0.0297029702970297,0.23803630363036304,0.1117982324572535,0.32043671846741983,576.1452198044209
52-902,Amaguaña,real_parroquia,3492,2674,0.1276962899050906,0.12737430167597766,0.23424971363115693,0.49054982817869414,0.12056128293241695,0.11368843069873998,0.024054982817869417,0.20962199312714777,0.0344240670609761,0.21425327379965584,572.9132541402797
50-480,Quito,real_barrio_cne,2413,1746,0.024865312888520515,0.13552188552188552,0.26854537919602156,0.48114380439287197,0.1384169084127642,0.13012847078325734,0.005801906340654786,0.26274347285536676,0.1172714411348602,0.3279478062807397,572.5968697661715
50-495,Quito,real_barrio_cne,2387,1757,0.16422287390029325,0.13155555555555556,0.271889400921659,0.4976958525345622,0.13280268118977798,0.13908671973188103,0.041474654377880185,0.2304147465437788,0.1117982324572535,0.32043671846741983,563.0073143472566
50-484,Quito,real_barrio_cne,2384,1712,0.1266778523489933,0.1328847771236333,0.26971476510067116,0.47818791946308725,0.13296979865771813,0.13674496644295303,0.02936241610738255,0.24035234899328858,0.1172714411348602,0.3279478062807397,561.4466443526264
50-358,Quito,real_barrio_cne,2483,1817,0.10592025775271849,0.1803921568627451,0.2670157068062827,0.49577124446234394,0.1401530406766009,0.12686266612968183,0.023358840112766815,0.2436568666935159,0.1033504697748626,0.3088435395716225,561.1687114016381
50-441,Quito,real_barrio_cne,2388,1711,0.10217755443886097,0.16216216216216217,0.2701005025125628,0.48785594639866,0.13651591289782244,0.13358458961474037,0.024706867671691793,0.245393634840871,0.1172714411348602,0.3279478062807397,561.1186965463456
50-483,Quito,real_barrio_cne,2354,1710,0.14783347493627869,0.1566265060240964,0.27909940526762955,0.4872557349192863,0.14061172472387426,0.13848768054375532,0.03993203058623619,0.23916737468139337,0.1172714411348602,0.3279478062807397,560.7907487400649
50-487,Quito,real_barrio_cne,2402,1743,0.14862614487926729,0.16942148760330578,0.28601165695253955,0.48542880932556204,0.13738551207327226,0.14862614487926729,0.04121565362198168,0.24479600333055787,0.1117982324572535,0.32043671846741983,558.5212002887127
63-999,Guayllabamba,real_parroquia,5371,4065,0.36994973003165144,0.09904912836767037,0.2584248743250791,0.4948799106311674,0.12660584621113385,0.13181902811394527,0.09998138149320425,0.1584434928318749,-0.0218018839258584,0.1370923102541907,557.2802411832852
50-478,Quito,real_barrio_cne,2281,1672,0.041209995615957916,0.08489096573208722,0.23936869793950022,0.4901359053046909,0.11530030688294608,0.12406839105655414,0.00789127575624726,0.23147742218325296,0.1172714411348602,0.3279478062807397,548.3287321013968
50-488,Quito,real_barrio_cne,2339,1679,0.14126712328767124,0.17341549295774647,0.29884566053869177,0.49380076955964086,0.1526293287729799,0.14621633176571183,0.03548525010688328,0.26336041043180847,0.1117982324572535,0.32043671846741983,538.0132503067979
68-999,Nanegal,real_parroquia,2270,1681,0.4669603524229075,0.19733333333333333,0.239647577092511,0.5180616740088105,0.12555066079295155,0.11409691629955947,0.10396475770925111,0.1356828193832599,0.1052631578947367,0.31146839261014214,523.5783679776489
50-334,Quito,real_barrio_cne,2210,1693,0.09683257918552036,0.0777479892761394,0.25882352941176473,0.49321266968325794,0.132579185520362,0.1262443438914027,0.02171945701357466,0.23710407239819004,0.1033504697748626,0.3088435395716225,522.872112494757
50-452,Quito,real_barrio_cne,2278,1620,0.1585419411506368,0.150278293135436,0.2835820895522388,0.4978050921861282,0.14354697102721686,0.14003511852502196,0.04433713784021071,0.2392449517120281,0.1117982324572535,0.32043671846741983,519.1074839172202
52-002,Amaguaña,real_parroquia,3251,2416,0.22116271916333435,0.12406483790523691,0.2697631498000615,0.48692709935404493,0.13134420178406644,0.13841894801599508,0.0602891418025223,0.2094740079975392,0.0344240670609761,0.21425327379965584,517.6359094999685
50-366,Quito,real_barrio_cne,2238,1669,0.09852216748768473,0.12597066436583262,0.2587131367292225,0.46961572832886506,0.11751563896336015,0.14119749776586238,0.02100089365504915,0.23681858802502234,0.1033504697748626,0.3088435395716225,515.459867545038
83-001,Tababela,real_parroquia,2005,1595,0.18912175648702595,0.10666666666666667,0.2314214463840399,0.48927680798004985,0.11471321695760599,0.11670822942643391,0.04389027431421447,0.18753117206982545,0.1098765432098766,0.31779951284688207,506.8902229907769
50-458,Quito,real_barrio_cne,2141,1574,0.12207670720299345,0.17300724637681159,0.2849135917795423,0.48995796356842597,0.14385801027557216,0.1410555815039701,0.03362914525922466,0.2512844465203176,0.1117982324572535,0.32043671846741983,504.3673948677188
86-999,Zámbiza,real_parroquia,1563,1148,0.6500319897632757,0.112,0.2751119641714651,0.4952015355086372,0.14587332053742802,0.12923864363403711,0.18809980806142035,0.08701215611004479,0.1917040358744394,0.4300944241412338,493.7483989141364
63-004,Guayllabamba,real_parroquia,4833,3583,0.16652789342214822,0.07677543186180422,0.2813987171529071,0.4909993792675357,0.14380302089799296,0.13759569625491413,0.044278915787295675,0.23711980136561142,-0.0218018839258584,0.1370923102541907,491.20174764076523
70-910,Nayón,real_parroquia,860,653,0.019767441860465116,0.012903225806451613,0.12441860465116279,0.48953488372093024,0.053488372093023255,0.07093023255813953,0.004651162790697674,0.11976744186046512,0.4183705241307732,0.7411572755534023,483.9757009363717
85-001,Yaruquí,real_parroquia,5080,3803,0.21520490991882796,0.10548048048048048,0.28090551181102363,0.4996062992125984,0.13976377952755906,0.14114173228346458,0.06062992125984252,0.2169291338582677,-0.0291039692860238,0.12707138695467146,483.2524845886156
50-337,Quito,real_barrio_cne,2129,1563,0.18929074682949742,0.11056268509378085,0.275716298731799,0.4823860967590418,0.13715359323626117,0.1385627054955378,0.04837952090183185,0.2273367778299671,0.1033504697748626,0.3088435395716225,482.722452350446
52-001,Amaguaña,real_parroquia,2912,2223,0.23660714285714285,0.13706293706293707,0.25824175824175827,0.49141483516483514,0.13667582417582416,0.12156593406593406,0.057692307692307696,0.20054945054945056,0.0344240670609761,0.21425327379965584,476.2850276566349
52-903,Amaguaña,real_parroquia,2805,2172,0.12442067736185383,0.09065934065934066,0.23422459893048128,0.49554367201426025,0.12085561497326203,0.11336898395721925,0.02459893048128342,0.20962566844919786,0.0344240670609761,0.21425327379965584,465.35811069285245
75-001,Pifo,real_parroquia,4203,2984,0.229758777167423,0.14374170720919946,0.2900309302878896,0.4798953128717583,0.14608612895550796,0.14394480133238163,0.06067094932191292,0.22935998096597668,-0.0091183278389562,0.15449842596537686,461.0233030806845
69-999,Nanegalito,real_parroquia,1746,1282,0.5372706422018348,0.15130023640661938,0.2542955326460481,0.49026345933562426,0.12371134020618557,0.13058419243986255,0.13917525773195877,0.11512027491408934,0.1385565418757236,0.3571581416063598,457.87673753935326
64-999,La Merced,real_parroquia,6714,4906,0.327226690497468,0.1603864734299517,0.2759904676794757,0.4941912421805183,0.13881441763479296,0.13717605004468275,0.09159964253798034,0.18439082514149538,-0.0548078482244202,0.09179699797711448,450.3560720757236
83-999,Tababela,real_parroquia,1846,1364,0.26275787187839306,0.10615079365079365,0.2930660888407367,0.47020585048754066,0.14084507042253522,0.15222101841820151,0.08017334777898158,0.21180931744312026,0.1098765432098766,0.31779951284688207,433.4785355231472
62-001,Guangopolo,real_parroquia,2452,1831,0.2765089722675367,0.09876543209876543,0.2769168026101142,0.4836867862969005,0.1366231647634584,0.1402936378466558,0.08727569331158239,0.1896411092985318,0.0427198291206835,0.22563785658814114,413.14291541288645
63-003,Guayllabamba,real_parroquia,3779,2858,0.20435244161358812,0.1042793900639449,0.2749404604392697,0.500396930404869,0.1423657052130193,0.13257475522625034,0.05768721884096322,0.21698862132839375,-0.0218018839258584,0.1370923102541907,391.809822706477
85-003,Yaruquí,real_parroquia,4161,3049,0.25925925925925924,0.12530120481927712,0.2686854121605383,0.49170872386445563,0.1377072819033886,0.13097813025714972,0.06272530641672674,0.20596010574381157,-0.0291039692860238,0.12707138695467146,387.4406588247933
75-002,Pifo,real_parroquia,3417,2494,0.17647058823529413,0.11515800749866095,0.28182616330114135,0.479075212174422,0.13520632133450394,0.1466198419666374,0.05297044190810653,0.22885572139303484,-0.0091183278389562,0.15449842596537686,385.31907435764987
54-999,Calacalí,real_parroquia,1689,1266,0.5287152161042037,0.1375796178343949,0.2581409117821196,0.47661338069863823,0.12255772646536411,0.13558318531675548,0.1267021906453523,0.13143872113676733,0.092994265769135,0.29463133567412936,373.0032709634478
81-001,San José de Minas,real_parroquia,2929,2194,0.1974674880219028,0.06301575393848462,0.2294298395356777,0.4871969955616251,0.11164219870262888,0.11778764083304882,0.04199385455786958,0.1874359849778081,-0.0054421768707482,0.1595433446526916,350.0380981680054
77-905,Pomasqui,real_parroquia,700,568,0.03142857142857143,0.022675736961451247,0.2042857142857143,0.4714285714285714,0.1,0.10428571428571429,0.007142857142857143,0.19714285714285715,0.3126380000748475,0.596056600668248,338.56014917956486
81-999,San José de Minas,real_parroquia,2660,2046,0.7183151560737119,0.09932659932659933,0.2169172932330827,0.5225563909774437,0.11353383458646617,0.10338345864661654,0.1545112781954887,0.06203007518796992,-0.0054421768707482,0.1595433446526916,326.425683159407
60-999,El Quinche,real_parroquia,6396,4742,0.29674287503914815,0.11412177239400702,0.27470293933708567,0.49499687304565354,0.14165103189493433,0.13305190744215134,0.07692307692307693,0.19715447154471544,-0.0721124044355672,0.06804931194346399,322.6898372359062
62-999,Guangopolo,real_parroquia,1884,1399,0.3832271762208068,0.14029535864978904,0.2749469214437367,0.487791932059448,0.13004246284501061,0.1449044585987261,0.1040339702760085,0.17091295116772823,0.0427198291206835,0.22563785658814114,315.6673613668095
71-908,Nono,real_parroquia,1815,1267,0.6831955922865014,0.17879948914431673,0.28539944903581266,0.5013774104683195,0.13829201101928373,0.14710743801652892,0.20110192837465565,0.08429752066115702,0.0584518167456555,0.2472274482681896,313.2371769557962
50-916,Quito,real_barrio_cne,1168,839,0.5573630136986302,0.16545454545454547,0.2594178082191781,0.5017123287671232,0.13784246575342465,0.12157534246575342,0.136986301369863,0.12243150684931507,0.1464780130293159,0.36802907106475014,308.77639062332537
78-999,Puéllaro,real_parroquia,2556,1938,0.5763508222396241,0.12903225806451613,0.2214397496087637,0.49491392801251954,0.10993740219092332,0.11150234741784038,0.12832550860719874,0.09272300469483569,-0.0082563396894043,0.15568136435978075,301.71048412925506
63-002,Guayllabamba,real_parroquia,2851,2120,0.3381269729919327,0.12912087912087913,0.2739389687828832,0.49210803226937916,0.14030164854437038,0.1336373202385128,0.08418098912662224,0.18975797965626096,-0.0218018839258584,0.1370923102541907,290.6356977388843
69-001,Nanegalito,real_parroquia,1030,787,0.1825242718446602,0.1678832116788321,0.28446601941747574,0.4912621359223301,0.141747572815534,0.14271844660194175,0.05339805825242718,0.23106796116504855,0.1385565418757236,0.3571581416063598,281.0834574442051
61-999,Gualea,real_parroquia,1599,1195,0.6935584740462789,0.11988304093567251,0.2407754846779237,0.49218261413383363,0.11444652908067542,0.12632895559724827,0.16010006253908693,0.08067542213883677,0.047846889952153,0.23267391283919564,278.0453258428388
52-914,Amaguaña,real_parroquia,1682,1291,0.11890606420927467,0.12394705174488568,0.25386444708680145,0.5017835909631391,0.133769322235434,0.12009512485136742,0.03151010701545779,0.22235434007134364,0.0344240670609761,0.21425327379965584,276.6009764753557
50-950,Quito,real_barrio_cne,414,295,0.07004830917874397,0.014492753623188406,0.27053140096618356,0.5193236714975845,0.1280193236714976,0.14251207729468598,0.016908212560386472,0.2536231884057971,0.5407232105252602,0.9090664173086987,268.17459310606614
64-001,La Merced,real_parroquia,3610,2816,0.2175720620842572,0.10337768679631525,0.2445983379501385,0.48476454293628807,0.12105263157894737,0.12354570637119114,0.0556786703601108,0.1889196675900277,-0.0548078482244202,0.09179699797711448,258.50034630355435
53-999,Atahualpa,real_parroquia,777,600,0.6254826254826255,0.09898477157360407,0.22007722007722008,0.4929214929214929,0.11969111969111969,0.10038610038610038,0.12612612612612611,0.09395109395109395,0.1662198391420911,0.3951215132248737,237.07290793492422
66-001,Lloa,real_parroquia,984,738,0.13719512195121952,0.13733075435203096,0.2764227642276423,0.5071138211382114,0.13414634146341464,0.14227642276422764,0.028455284552845527,0.24796747967479674,0.0910769230769231,0.29200009499289004,215.49607010475285
86-906,Zámbiza,real_parroquia,679,500,0.4858420268256334,0.08498583569405099,0.3078055964653903,0.4963181148748159,0.15169366715758467,0.1561119293078056,0.12960235640648013,0.17378497790868924,0.1917040358744394,0.4300944241412338,215.0472120706169
53-001,Atahualpa,real_parroquia,669,542,0.10463378176382661,0.08,0.17040358744394618,0.45739910313901344,0.07324364723467862,0.09715994020926756,0.016442451420029897,0.15396113602391628,0.1662198391420911,0.3951215132248737,214.15586016788154
76-001,Píntag,real_parroquia,5279,4008,0.1627202121613942,0.09443447037701976,0.263875734040538,0.4856980488728926,0.1280545557870809,0.1358211782534571,0.042621708656942606,0.22125402538359537,-0.0832582679191868,0.05275342897754169,211.4357433419871
66-999,Lloa,real_parroquia,975,723,0.7825641025641026,0.13191489361702127,0.2523076923076923,0.521025641025641,0.12717948717948718,0.12512820512820513,0.19692307692307692,0.055384615384615386,0.0910769230769231,0.29200009499289004,211.1160686798595
63-001,Guayllabamba,real_parroquia,1873,1461,0.3119565217391304,0.12086776859504132,0.26801922050186866,0.49172450613988256,0.1404164442071543,0.12760277629471437,0.08222103577148959,0.18579818473037907,-0.0218018839258584,0.1370923102541907,200.2918652813726
85-002,Yaruquí,real_parroquia,2035,1468,0.24324324324324326,0.10134436401240951,0.2452088452088452,0.47616707616707615,0.11891891891891893,0.1262899262899263,0.04963144963144963,0.1955773955773956,-0.0291039692860238,0.12707138695467146,186.5407960494577
72-001,Pacto,real_parroquia,668,508,0.1966966966966967,0.093841642228739,0.20209580838323354,0.47904191616766467,0.09880239520958084,0.10329341317365269,0.040419161676646706,0.16167664670658682,0.127842655193608,0.34245507647007534,173.96717884679828
68-001,Nanegal,real_parroquia,689,540,0.17151162790697674,0.1661721068249258,0.18867924528301888,0.5050798258345428,0.0899854862119013,0.09869375907111756,0.02177068214804064,0.16690856313497823,0.1052631578947367,0.31146839261014214,168.19293200947675
55-999,Calderón,real_parroquia,663,474,0.453030303030303,0.11949685534591195,0.28808446455505277,0.49924585218702866,0.13725490196078433,0.15082956259426847,0.1297134238310709,0.1568627450980392,0.1266315416264707,0.3407930202813737,161.53589161337115
78-001,Puéllaro,real_parroquia,1316,1021,0.1414448669201521,0.04585798816568047,0.22188449848024316,0.4939209726443769,0.09878419452887538,0.12310030395136778,0.031914893617021274,0.1899696048632219,-0.0082563396894043,0.15568136435978075,158.95067301133614
74-001,Perucho,real_parroquia,384,319,0.125,0.0374331550802139,0.21614583333333334,0.4817708333333333,0.10677083333333333,0.109375,0.013020833333333334,0.203125,0.2363877822045153,0.4914155909892097,156.7615735255579
50-904,Quito,real_barrio_cne,505,414,0.6435643564356436,0.07228915662650602,0.2732673267326733,0.4891089108910891,0.1485148514851485,0.12475247524752475,0.17425742574257425,0.09900990099009901,0.1464780130293159,0.36802907106475014,152.36403542080654
71-999,Nono,real_parroquia,754,602,0.8561917443408789,0.09393939393939393,0.20291777188328913,0.5251989389920424,0.10079575596816977,0.10212201591511937,0.16710875331564987,0.03580901856763926,0.0584518167456555,0.2472274482681896,148.83092385745013
80-912,San Antonio,real_parroquia,591,450,0.02030456852791878,0.12576687116564417,0.23688663282571912,0.47377326565143824,0.10490693739424704,0.1319796954314721,0.011844331641285956,0.22504230118443316,0.1078990375885237,0.3150857083405627,141.78856875325323
60-001,El Quinche,real_parroquia,2628,1946,0.2863670982482864,0.11561119293078057,0.2910958904109589,0.4859208523592085,0.1445966514459665,0.1464992389649924,0.07686453576864535,0.21423135464231355,-0.0721124044355672,0.06804931194346399,132.42396104198093
63-902,Guayllabamba,real_parroquia,1331,940,0.41397445529676935,0.11190817790530846,0.32832456799398946,0.4800901577761082,0.1622839969947408,0.16604057099924868,0.13072877535687452,0.19759579263711496,-0.0218018839258584,0.1370923102541907,128.86677163893924
60-907,El Quinche,real_parroquia,2493,1864,0.22039341629867523,0.10741301059001512,0.2992378660248696,0.48856799037304455,0.14841556357801844,0.1508223024468512,0.06377858002406739,0.2350581628559968,-0.0721124044355672,0.06804931194346399,126.84391746261687
74-999,Perucho,real_parroquia,320,258,0.403125,0.039473684210526314,0.209375,0.478125,0.0875,0.121875,0.06875,0.140625,0.2363877822045153,0.4914155909892097,126.78522247521612
78-914,Puéllaro,real_parroquia,1012,805,0.1067193675889328,0.056261343012704176,0.2519762845849802,0.49407114624505927,0.12351778656126482,0.12845849802371542,0.0266798418972332,0.22529644268774704,-0.0082563396894043,0.15568136435978075,125.3234983096235
58-999,Chavezpamba,real_parroquia,393,305,0.5292620865139949,0.109375,0.22391857506361323,0.5216284987277354,0.12468193384223919,0.09923664122137404,0.11450381679389313,0.10941475826972011,0.1762048192771084,0.4088242727990189,124.69140320370076
75-937,Pifo,real_parroquia,1118,800,0.23402340234023403,0.08094435075885328,0.27906976744186046,0.4847942754919499,0.13416815742397137,0.1449016100178891,0.055456171735241505,0.22182468694096602,-0.0091183278389562,0.15449842596537686,123.59874077230148
60-002,El Quinche,real_parroquia,2046,1510,0.18137254901960784,0.11706881143878463,0.312316715542522,0.4912023460410557,0.14467253176930597,0.16764418377321602,0.04594330400782014,0.26637341153470184,-0.0721124044355672,0.06804931194346399,102.75446103463062
60-916,El Quinche,real_parroquia,2069,1509,0.28709521507974867,0.08004158004158005,0.25519574673755435,0.4900918318028033,0.12469792170130498,0.1304978250362494,0.0652489125181247,0.18994683421942968,-0.0721124044355672,0.06804931194346399,102.68641172268715
65-999,Llano Chico,real_parroquia,372,275,0.3602150537634409,0.4634146341463415,0.3118279569892473,0.5241935483870968,0.17204301075268819,0.13978494623655913,0.11559139784946236,0.19623655913978494,0.1378352258999758,0.3561682528675731,97.9462695385826
60-003,El Quinche,real_parroquia,1946,1393,0.29012345679012347,0.09788092835519677,0.33658787255909556,0.49794450154162384,0.17317574511819117,0.16341212744090441,0.09403905447070915,0.24254881808838644,-0.0721124044355672,0.06804931194346399,94.79269153724533
80-910,San Antonio,real_parroquia,296,231,0.04054054054054054,0.14942528735632185,0.2905405405405405,0.46283783783783783,0.14189189189189189,0.14864864864864866,0.02364864864864865,0.2668918918918919,0.1078990375885237,0.3150857083405627,72.78479862666998
71-001,Nono,real_parroquia,369,285,0.4146341463414634,0.06111111111111111,0.24119241192411925,0.5203252032520326,0.12466124661246612,0.11653116531165311,0.0975609756097561,0.14363143631436315,0.0584518167456555,0.2472274482681896,70.45982275643404
55-902,Calderón,real_parroquia,273,205,0.304029304029304,0.2283464566929134,0.2783882783882784,0.47619047619047616,0.13553113553113552,0.14285714285714285,0.08424908424908426,0.19413919413919414,0.1266315416264707,0.3407930202813737,69.8625691576816
52-912,Amaguaña,real_parroquia,566,305,0.09717314487632508,0.1065989847715736,0.1413427561837456,0.5035335689045937,0.054770318021201414,0.08657243816254417,0.015901060070671377,0.1254416961130742,0.0344240670609761,0.21425327379965584,65.34724850889504
58-001,Chavezpamba,real_parroquia,186,159,0.08064516129032258,0.01282051282051282,0.22580645161290322,0.5268817204301075,0.13440860215053763,0.0913978494623656,0.03225806451612903,0.1935483870967742,0.1762048192771084,0.4088242727990189,65.003059375044
72-906,Pacto,real_parroquia,224,169,0.28125,0.00909090909090909,0.23214285714285715,0.5535714285714286,0.12053571428571429,0.11160714285714286,0.044642857142857144,0.1875,0.127842655193608,0.34245507647007534,57.874907923442734
57-999,Cumbayá,real_parroquia,79,55,0.7341772151898734,0.21951219512195122,0.24050632911392406,0.5189873417721519,0.13924050632911392,0.10126582278481013,0.16455696202531644,0.0759493670886076,0.5085832739521928,0.8649595870863216,47.57277728974769
60-924,El Quinche,real_parroquia,907,670,0.15986769570011025,0.06217616580310881,0.24366041896361632,0.4928335170893054,0.1256890848952591,0.11797133406835722,0.04189636163175303,0.20176405733186328,-0.0721124044355672,0.06804931194346399,45.593039002120875
64-923,La Merced,real_parroquia,666,494,0.16366366366366367,0.11513157894736842,0.26876876876876876,0.493993993993994,0.13513513513513514,0.13363363363363365,0.04954954954954955,0.21921921921921922,-0.0548078482244202,0.09179699797711448,45.34771700069455
52-932,Amaguaña,real_parroquia,291,211,0.6563573883161512,0.06363636363636363,0.3127147766323024,0.5017182130584192,0.1718213058419244,0.140893470790378,0.21305841924398625,0.09965635738831616,0.0344240670609761,0.21425327379965584,45.207440771727384
76-950,Píntag,real_parroquia,915,650,0.48468271334792123,0.12299465240641712,0.25901639344262295,0.4808743169398907,0.12240437158469945,0.1366120218579235,0.11912568306010929,0.13989071038251366,-0.0832582679191868,0.05275342897754169,34.2897288354021
78-906,Puéllaro,real_parroquia,271,209,0.5166051660516605,0.12408759124087591,0.2066420664206642,0.4981549815498155,0.0996309963099631,0.1070110701107011,0.0996309963099631,0.1070110701107011,-0.0082563396894043,0.15568136435978075,32.53740515119418
64-928,La Merced,real_parroquia,448,347,0.14955357142857142,0.11328125,0.22767857142857142,0.5066964285714286,0.12276785714285714,0.10491071428571429,0.022321428571428572,0.20535714285714285,-0.0548078482244202,0.09179699797711448,31.853558298058722
52-910,Amaguaña,real_parroquia,163,126,0.09815950920245399,0.046153846153846156,0.26993865030674846,0.4601226993865031,0.09815950920245399,0.17177914110429449,0.012269938650306749,0.25766871165644173,0.0344240670609761,0.21425327379965584,26.995912498756635
63-937,Guayllabamba,real_parroquia,215,175,0.07906976744186046,0.04395604395604396,0.19534883720930232,0.4232558139534884,0.08372093023255814,0.11162790697674418,0.018604651162790697,0.17674418604651163,-0.0218018839258584,0.1370923102541907,23.991154294483373
63-916,Guayllabamba,real_parroquia,205,164,0.16585365853658537,0.04081632653061224,0.1902439024390244,0.47804878048780486,0.07804878048780488,0.11219512195121951,0.024390243902439025,0.16585365853658537,-0.0218018839258584,0.1370923102541907,22.483138881687275
61-001,Gualea,real_parroquia,102,86,0.43137254901960786,0.07547169811320754,0.14705882352941177,0.5098039215686274,0.06862745098039216,0.0784313725490196,0.0784313725490196,0.06862745098039216,0.047846889952153,0.23267391283919564,20.009956504170827
76-975,Píntag,real_parroquia,417,293,0.3069544364508393,0.06956521739130435,0.23501199040767387,0.5155875299760192,0.09592326139088729,0.13908872901678657,0.0671462829736211,0.16786570743405277,-0.0832582679191868,0.05275342897754169,15.456754690419716
63-905,Guayllabamba,real_parroquia,69,59,0.057971014492753624,0.1111111111111111,0.2898550724637681,0.5797101449275363,0.21739130434782608,0.07246376811594203,0.014492753623188406,0.2753623188405797,-0.0218018839258584,0.1370923102541907,8.08844630499725
63-923,Guayllabamba,real_parroquia,45,37,1.0,0.2857142857142857,0.08888888888888889,0.5555555555555556,0.08888888888888889,0.0,0.08888888888888889,0.0,-0.0218018839258584,0.1370923102541907,5.0724154794050555
63-888,Guayllabamba,real_parroquia,12,8,0.4166666666666667,0.2,0.25,0.5,0.08333333333333333,0.16666666666666666,0.08333333333333333,0.16666666666666666,-0.0218018839258584,0.1370923102541907,1.0967384820335255
61-888,Gualea,real_parroquia,3,3,0.3333333333333333,0.0,0.0,0.3333333333333333,0.0,0.0,0.0,0.0,0.047846889952153,0.23267391283919564,0.6980217385175869
59-001,Checa,real_parroquia,2559,1916,0.2391559202813599,0.10370931112793338,0.29699101211410706,0.49081672528331377,0.15396639312231342,0.14302461899179367,0.06838608831574834,0.22860492379835873,-0.1216988416988417,0.0,0.0
59-002,Checa,real_parroquia,2334,1742,0.24978577549271636,0.12340425531914893,0.28834618680377033,0.48671808054841476,0.14138817480719795,0.1469580119965724,0.07240788346186804,0.2159383033419023,-0.1216988416988417,0.0,0.0
59-999,Checa,real_parroquia,6599,4812,0.3181956720512039,0.13479435604923445,0.27201091074405215,0.49613577814820425,0.1382027579936354,0.13380815275041674,0.08410365206849522,0.1879072586755569,-0.1216988416988417,0.0,0.0
