zona_id,censo_internet_pct,censo_analf_digital_pct,censo_discapacidad_pct,censo_educ_superior_pct,censo_ocupacion_directiva_pct,censo_ocupacion_elemental_pct,censo_etnia_indigena_pct,censo_etnia_afro_pct,censo_etnia_montubio_pct,censo_etnia_mestizo_pct,censo_etnia_blanco_pct,censo_etnia_otro_pct,censo_agua_red_pct,censo_alcantarillado_pct,censo_electricidad_pct,censo_deficit_habitacional_pct,censo_vivienda_propia_pct,censo_internet_fijo_pct,censo_computadora_pct,censo_auto_pct,censo_hacinamiento_pct
50-001,0.7336956521739131,0.0926177536231884,0.04076086956521739,0.16893115942028986,0.050724637681159424,0.19655797101449277,0.05480072463768116,0.09986413043478261,0.00588768115942029,0.829483695652174,0.009963768115942028,0.0,0.932009167303285,0.9419404125286478,0.9977081741787625,0.2452253628724217,0.6229135053110774,0.7177541729893778,0.4658573596358118,0.20409711684370258,0.06904400606980274
50-002,0.7945339189848707,0.07027818448023426,0.03953147877013177,0.17398731088335773,0.05490483162518302,0.2225475841874085,0.02757442654953636,0.11932650073206442,0.006588579795021962,0.8372376769155686,0.009272816007808687,0.0,0.9671862182116489,0.9917965545529123,0.9983593109105825,0.23625922887612796,0.5877551020408164,0.7183673469387755,0.4710204081632653,0.20489795918367346,0.05795918367346939
50-003,0.6988664366683095,0.10620995564317398,0.053967471660916706,0.15032035485460818,0.048053228191227204,0.2035485460818137,0.06136027599802858,0.07787087235091178,0.010103499260719566,0.8452439625431247,0.005421389847215377,0.0,0.936026936026936,0.9730639730639731,0.9890572390572391,0.2895622895622896,0.6090225563909775,0.6875522138680034,0.41604010025062654,0.2247284878863826,0.07268170426065163
50-004,0.7538712306438468,0.08557457212713937,0.040206465634338495,0.1915240423797881,0.06248302091822874,0.20429231187177396,0.02580820429231187,0.09399619668568324,0.012496604183645748,0.856560717196414,0.011138277641945124,0.0,0.9750445632798574,0.9581105169340464,0.9955436720142602,0.19340463458110516,0.5102040816326531,0.6805678793256433,0.487133984028394,0.21650399290150843,0.05944986690328305
50-005,0.8279990789776652,0.04812341699286208,0.039603960396039604,0.2604190651623302,0.10361501266405711,0.1722311766060327,0.005756389592447617,0.0492746949113516,0.0052958784250518075,0.9272392355514621,0.012433801519686852,0.0,0.985894580549369,0.991833704528582,0.9977728285077951,0.06904231625835189,0.4714603409933284,0.7976278724981468,0.6634544106745738,0.3988139362490734,0.023721275018532245
50-006,0.7740617819760021,0.07480214449834056,0.02655093183558846,0.20040847587439367,0.061526678580546335,0.1850906305846311,0.03293336737298953,0.06459024763849885,0.009956599438345672,0.8794996170538678,0.013020168496298187,0.0,0.9873203719357565,0.9873203719357565,1.0,0.14792899408284024,0.4877843302443134,0.7540016849199663,0.556866048862679,0.2704296545914069,0.04296545914069082
50-007,0.7777080062794348,0.08069073783359498,0.0282574568288854,0.23296703296703297,0.05745682888540032,0.13846153846153847,0.017582417582417582,0.049607535321821036,0.0075353218210361065,0.9161695447409733,0.009105180533751962,0.0,0.9702495201535508,0.9923224568138196,0.991362763915547,0.15259117082533588,0.5148042024832856,0.7602674307545367,0.5310410697230181,0.2922636103151863,0.04680038204393505
50-008,0.7422600619195047,0.1065531475748194,0.04695562435500516,0.14731682146542827,0.05701754385964912,0.18292053663570693,0.03070175438596491,0.18472652218782248,0.005159958720330237,0.7662538699690402,0.013157894736842105,0.0,0.9538855678906917,0.9649871904355252,0.9965841161400513,0.26131511528608026,0.5240506329113924,0.7012658227848101,0.47848101265822784,0.2008438818565401,0.06244725738396625
50-009,0.7518823951237003,0.0989602007888132,0.048762997490139834,0.16708497669415562,0.04266762280387235,0.20258157045536035,0.03155252778773754,0.08999641448547867,0.00932233775546791,0.8572965220509143,0.011832197920401577,0.0,0.9620563035495716,0.9571603427172583,0.9975520195838433,0.24479804161566707,0.5875912408759124,0.6922141119221411,0.5097323600973236,0.20194647201946472,0.04866180048661801
50-010,0.7229888926287446,0.1124200605856614,0.0572197913160552,0.12016156176371592,0.023561090541905083,0.1985863345674857,0.11915180074049142,0.15617637159205655,0.016492763379333558,0.7014473241332885,0.006731740154830024,0.0,0.7840909090909091,0.7295454545454545,0.9795454545454545,0.36477272727272725,0.636978579481398,0.644870349492672,0.31905298759864714,0.18376550169109357,0.07215332581736189
50-011,0.7406576980568012,0.1038863976083707,0.04147982062780269,0.13639760837070253,0.04147982062780269,0.2623318385650224,0.093796711509716,0.035127055306427506,0.014573991031390135,0.8501494768310912,0.006352765321375187,0.0,0.9099462365591398,0.946236559139785,0.9932795698924731,0.24596774193548387,0.6790450928381963,0.6976127320954907,0.48143236074270557,0.22413793103448276,0.07029177718832891
50-012,0.7934931506849315,0.07636986301369864,0.04246575342465753,0.1969178082191781,0.06404109589041096,0.21883561643835617,0.06506849315068493,0.06712328767123288,0.007534246575342466,0.8445205479452055,0.015753424657534248,0.0,0.9633136094674556,0.9928994082840237,0.9988165680473373,0.16449704142011834,0.5199530516431925,0.7370892018779343,0.5293427230046949,0.26291079812206575,0.04929577464788732
50-013,0.7828559393428812,0.08192923336141533,0.05286436394271272,0.18197135636057288,0.05475989890480202,0.2337826453243471,0.04738837405223252,0.06002527379949452,0.007371524852569503,0.8805812973883741,0.004633529907329402,0.0,0.9759579263711495,0.994740796393689,0.9932381667918858,0.1758076634109692,0.5522058823529412,0.725735294117647,0.5375,0.25735294117647056,0.05808823529411765
50-014,0.7730496453900709,0.07446808510638298,0.055673758865248224,0.22092198581560285,0.052127659574468084,0.16595744680851063,0.023404255319148935,0.06702127659574468,0.009574468085106383,0.8875886524822695,0.012411347517730497,0.0,0.9672686230248307,0.9920993227990971,0.9977426636568849,0.11399548532731377,0.5083798882681564,0.6972067039106146,0.5273743016759777,0.2,0.054748603351955305
50-015,0.7846688166708012,0.07020590424212354,0.03745968742247581,0.20714462912428677,0.05060778963036467,0.1768791863061275,0.025303894815182335,0.05953857603572314,0.0042173158025303895,0.9022575043413545,0.008434631605060779,0.00024807740014884643,0.9722650231124808,0.9745762711864406,0.99768875192604,0.14021571648690292,0.5053680981595092,0.7377300613496932,0.5,0.2285276073619632,0.05214723926380368
50-016,0.7653619068445222,0.07806691449814127,0.029958451782199868,0.19855674611852175,0.04351629127487426,0.16444347255630876,0.020118084408484584,0.14038924119833807,0.007216269407391209,0.8182812158320577,0.013995189153728407,0.0,0.9612903225806452,0.9541218637992831,0.9913978494623656,0.15985663082437276,0.5628952916373858,0.7280393534785664,0.48559381588193956,0.23190442726633873,0.05340829234012649
50-017,0.7890365448504983,0.06838316722037652,0.036544850498338874,0.20071982281284606,0.06782945736434108,0.187984496124031,0.032668881506090805,0.13565891472868216,0.00636766334440753,0.8111849390919158,0.014119601328903655,0.0,0.9772942289498581,0.9905392620624409,0.9981078524124882,0.13339640491958374,0.4819277108433735,0.736793327154773,0.5783132530120482,0.26876737720111216,0.04819277108433735
50-018,0.8128353723975102,0.05258639192959862,0.053015668598411676,0.2652929813264649,0.0824211204121056,0.16162266580811332,0.03627387851470273,0.06074264863704658,0.01502468340845675,0.8714316376904915,0.015453960077269801,0.0010731916720326251,0.9750673854447439,0.9858490566037735,0.9966307277628033,0.10242587601078167,0.48058902275769744,0.7737617135207496,0.570281124497992,0.2931726907630522,0.03547523427041499
50-019,0.7894890510948905,0.07883211678832117,0.04175182481751825,0.20875912408759123,0.06364963503649634,0.1848175182481752,0.03182481751824817,0.06423357664233577,0.010802919708029197,0.8858394160583941,0.0072992700729927005,0.0,0.9764243614931237,1.0,1.0,0.13064833005893908,0.559580552907531,0.7216396568160153,0.5262154432793136,0.23832221163012393,0.05052430886558627
50-020,0.7773837667454688,0.08707643814026793,0.07368006304176516,0.20291568163908588,0.07328605200945626,0.1706067769897557,0.046493301812450746,0.0677698975571316,0.009062253743104806,0.8644602048857368,0.012214342001576044,0.0,0.9648894668400521,0.9947984395318595,1.0,0.12613784135240572,0.4537275064267352,0.6915167095115681,0.5077120822622108,0.2275064267352185,0.038560411311053984
50-021,0.826943671021632,0.06703790961662026,0.04690511886913686,0.318911972585136,0.12679374598415077,0.16149068322981366,0.02291711287213536,0.03940886699507389,0.010066395373741701,0.9046905118869137,0.02206039837224245,0.0008567144998929107,0.9691569568197396,0.9931459904043866,0.9993145990404386,0.10143934201507881,0.53025152957172,0.787899388171312,0.6628144119646499,0.39632902787219576,0.03195105370496261
50-022,0.839535434937189,0.05356719601801375,0.04906375918464091,0.3263806589239156,0.1388954728608675,0.17207869163308842,0.024887414079165678,0.02820573595638777,0.011140080587817017,0.9130125622185352,0.022517184166864185,0.00023702299123014932,0.9803328290468987,0.9962178517397882,1.0,0.07261724659606657,0.49548872180451126,0.8157894736842105,0.6834586466165413,0.4218045112781955,0.021052631578947368
50-023,0.9269602577873255,0.021482277121374866,0.04296455424274973,0.606015037593985,0.3224489795918367,0.0644468313641246,0.009237379162191191,0.01611170784103115,0.007303974221267454,0.8580021482277121,0.10891514500537057,0.0004296455424274973,0.9820099255583127,0.9925558312655087,0.999379652605459,0.034119106699751864,0.7424148606811145,0.9386996904024768,0.8780185758513932,0.8241486068111455,0.004953560371517028
50-024,0.9309677419354838,0.016559139784946237,0.025806451612903226,0.6234408602150537,0.3359139784946237,0.0675268817204301,0.008387096774193548,0.014408602150537634,0.004516129032258065,0.9045161290322581,0.06580645161290323,0.0023655913978494624,0.9798570500324886,0.9915529564652371,0.9974009096816114,0.03898635477582846,0.7317388493859082,0.9515190691661279,0.9224305106658048,0.8157724628312863,0.0019392372333548805
50-025,0.8456553048487758,0.05256841094575132,0.03600576092174748,0.3819011041766683,0.1385021603456553,0.13970235237638023,0.02256361017762842,0.03336533845415266,0.013922227556409025,0.8960633701392223,0.03384541526644263,0.00024003840614498319,0.9768137621540763,0.9962602842183994,0.9962602842183994,0.06731488406881077,0.5452522255192879,0.8471810089020771,0.6824925816023739,0.46661721068249257,0.02596439169139466
50-026,0.7882957255549441,0.06145661346541919,0.048064575307283065,0.2793982755457714,0.10034855989726656,0.18235186204366172,0.0680609062557329,0.06017244542285819,0.007705008255365988,0.8446156668501192,0.01926252063841497,0.000183452577508714,0.9568345323741008,0.9844124700239808,0.9976019184652278,0.11690647482014388,0.42167957117331745,0.7736748064324003,0.5699821322215605,0.33055390113162597,0.03275759380583681
50-027,0.8237934904601572,0.04900860456416012,0.037037037037037035,0.3348297792742237,0.13019079685746351,0.13655069210624765,0.01945379723157501,0.056490834268612046,0.00823045267489712,0.900860456416012,0.01421623643845866,0.0007482229704451926,0.9785714285714285,0.9940476190476191,0.9976190476190476,0.058333333333333334,0.4392857142857143,0.8238095238095238,0.7035714285714286,0.46190476190476193,0.02023809523809524
50-028,0.8687477829017382,0.04114934373891451,0.04221355090457609,0.3497694217807733,0.13338063142958495,0.13160695282014898,0.03618304363249379,0.06278822277403334,0.009932600212841433,0.8751330258957077,0.01596310748492373,0.0,0.9692832764505119,0.9840728100113766,0.9988623435722411,0.05688282138794084,0.4977578475336323,0.8430493273542601,0.7668161434977578,0.41591928251121074,0.02466367713004484
50-029,0.8315789473684211,0.042105263157894736,0.047017543859649125,0.3196491228070175,0.10982456140350877,0.12210526315789473,0.02631578947368421,0.02666666666666667,0.010175438596491228,0.9178947368421052,0.018245614035087718,0.0007017543859649122,0.9907024793388429,0.9989669421487604,0.9958677685950413,0.03925619834710744,0.4531568228105906,0.8187372708757638,0.6425661914460286,0.35845213849287166,0.026476578411405296
50-030,0.8176492127425852,0.07213474917612596,0.04320761625778103,0.23581105822043208,0.07213474917612596,0.15525448553643353,0.01720981325521787,0.07176858293665324,0.014646649578908825,0.8791651409740022,0.015745148297326986,0.0014646649578908824,0.9877232142857143,0.9921875,0.9977678571428571,0.07142857142857142,0.4682981090100111,0.7775305895439377,0.5761957730812013,0.27474972191323693,0.034482758620689655
50-031,0.818408736349454,0.05210608424336974,0.050234009360374414,0.23837753510140405,0.06427457098283931,0.15850234009360376,0.031513260530421215,0.09422776911076443,0.015288611544461778,0.8505460218408737,0.008424336973478939,0.0,0.98539435248296,0.9951314508276533,0.9990262901655307,0.08568646543330087,0.47568093385214005,0.8258754863813229,0.6001945525291829,0.2908560311284047,0.030155642023346304
50-032,0.7945945945945946,0.061861861861861864,0.1057057057057057,0.22252252252252253,0.06336336336336336,0.1993993993993994,0.047747747747747746,0.14774774774774774,0.00960960960960961,0.7798798798798798,0.015015015015015015,0.0,0.9805825242718447,0.9922330097087378,0.9932038834951457,0.1087378640776699,0.49470644850818096,0.7699711260827719,0.5351299326275265,0.23099133782483156,0.03657362848893166
50-033,0.7917815774958632,0.06922228350799779,0.0441257584114727,0.22945394373965802,0.08052950910093767,0.16105901820187535,0.017374517374517374,0.09652509652509653,0.007722007722007722,0.8560397131825703,0.022338665195808054,0.0,0.9910071942446043,0.9991007194244604,0.9982014388489209,0.08363309352517985,0.4392191659272405,0.8118899733806566,0.554569653948536,0.290150842945874,0.05323868677905945
50-034,0.8732840549102429,0.03132699753607884,0.029567053854276663,0.49137627595916933,0.23776839141147482,0.10207673354452658,0.018655403027103133,0.039422738472368886,0.005455825413586766,0.8993312214009151,0.037134811686026045,0.0,0.9426822481914302,0.9616026711185309,0.996661101836394,0.06900389538119088,0.7264673311184939,0.8992248062015504,0.8111849390919158,0.694905869324474,0.01107419712070875
50-035,0.9080648953679755,0.02468845520808841,0.03644486245003527,0.5325652480601928,0.2551140371502469,0.07712203150717141,0.015753585704208792,0.05337408887843875,0.009405125793557489,0.8774982365389137,0.04326357865036445,0.0007053844345168116,0.986019131714496,0.9963208241353937,0.9977924944812362,0.021339220014716703,0.6756954612005857,0.9443631039531479,0.8748169838945827,0.726207906295754,0.007320644216691069
50-036,0.8986396372365965,0.03280874899973326,0.03574286476393705,0.4753267538010136,0.20298746332355294,0.10269405174713257,0.008002133902373967,0.03360896238997066,0.00720192051213657,0.901840490797546,0.04934649239797279,0.0,0.9884488448844885,0.9900990099009901,0.9975247524752475,0.06435643564356436,0.5947497949138638,0.92616899097621,0.8187038556193601,0.5438884331419196,0.013125512715340444
50-037,0.873639375295788,0.04259346900141978,0.039990534784666354,0.45243729294841456,0.17439659252247988,0.07335541883577851,0.013487931850449598,0.034074775201135825,0.008282063416942735,0.9017983909133933,0.0416469474680549,0.000709891150023663,0.9720670391061452,0.9965083798882681,1.0,0.06354748603351955,0.556786703601108,0.899584487534626,0.8019390581717452,0.4930747922437673,0.006925207756232687
50-038,0.837112040501871,0.05569007263922518,0.04578472375082544,0.43341404358353514,0.17543473475676866,0.09112920977327757,0.025974025974025976,0.0325775918996258,0.006603565925599824,0.8912612810917896,0.04182258419546555,0.0017609509134932863,0.9796567069294342,0.9949141767323586,0.9987285441830897,0.07946598855689765,0.6158227848101265,0.8556962025316456,0.7341772151898734,0.46582278481012657,0.008227848101265823
50-039,0.9169847328244275,0.019465648854961833,0.031297709923664124,0.5562977099236641,0.2799618320610687,0.06660305343511451,0.008206106870229008,0.01698473282442748,0.005916030534351145,0.9188931297709924,0.04980916030534351,0.00019083969465648855,0.9789293849658315,0.9829157175398633,0.9988610478359908,0.037015945330296125,0.7203630175836642,0.9364719228587635,0.8774815655133296,0.716392512762337,0.006806579693703914
50-040,0.9163538873994638,0.022788203753351208,0.026273458445040216,0.561662198391421,0.2849865951742627,0.08123324396782843,0.012332439678284183,0.026273458445040216,0.006970509383378016,0.9126005361930295,0.0418230563002681,0.0,0.992153443766347,0.9895379250217959,0.998256320836966,0.06538796861377506,0.7212121212121212,0.9437229437229437,0.8805194805194805,0.7367965367965368,0.007792207792207792
50-041,0.8924302788844621,0.028173022196926578,0.01935116676152533,0.49971542401821284,0.2504268639726807,0.06630620375640296,0.0042686397268070575,0.043255549231644846,0.007683551508252703,0.9043824701195219,0.04012521343198634,0.0002845759817871372,0.9778172138420586,0.9875776397515528,0.9982253771073647,0.055013309671694766,0.7402826855123675,0.8957597173144877,0.8507067137809188,0.6625441696113075,0.01060070671378092
50-042,0.8444964871194379,0.04215456674473068,0.054332552693208434,0.3836065573770492,0.14988290398126464,0.1648711943793911,0.02529274004683841,0.03653395784543326,0.003747072599531616,0.8992974238875878,0.0351288056206089,0.0,0.9645608628659477,0.9599383667180277,1.0,0.08782742681047766,0.665158371040724,0.8687782805429864,0.7330316742081447,0.5520361990950227,0.02564102564102564
50-043,0.9148758024002233,0.021769466927156013,0.037119732068099355,0.5780072564889758,0.3011442924923249,0.07507675132570471,0.024002232765838682,0.015629360870778677,0.008651967624895339,0.8897571867150432,0.060842869104102706,0.0011163829193413341,0.9685737308622079,0.9935535858178888,1.0,0.06124093473005641,0.6291230893000804,0.919549477071601,0.8632341110217217,0.7200321802091714,0.008849557522123894
50-044,0.9094871794871795,0.025128205128205128,0.035897435897435895,0.6023076923076923,0.3235897435897436,0.05692307692307692,0.009487179487179488,0.016923076923076923,0.004871794871794872,0.9135897435897435,0.054615384615384614,0.0005128205128205128,0.9793388429752066,0.9931129476584022,0.9993112947658402,0.01584022038567493,0.6575154426904598,0.9437199725463281,0.8963623884694578,0.7659574468085106,0.00549073438572409
50-045,0.8796346050510478,0.03627082213863514,0.04083825900053734,0.4328318108543794,0.2294465341214401,0.1337990327780763,0.018807092960773777,0.03170338527673294,0.009940891993551854,0.8965609887157442,0.039763567974207416,0.0032240730789897904,0.9457120377655389,0.973249409913454,0.999213217938631,0.058221872541306056,0.5623529411764706,0.8698039215686274,0.7458823529411764,0.4972549019607843,0.02823529411764706
50-046,0.8323207776427703,0.04526123936816525,0.0425273390036452,0.36330498177399756,0.15735115431348723,0.17405832320777642,0.038578371810449576,0.046172539489671933,0.007290400972053463,0.8702916160388822,0.03675577156743621,0.0009113001215066828,0.9470260223048327,0.9869888475836431,0.9990706319702602,0.11524163568773234,0.5105601469237833,0.8209366391184573,0.6813590449954087,0.41414141414141414,0.04224058769513315
50-047,0.8779834388699465,0.039698002922552364,0.050170482221139796,0.47369702873843156,0.20677057963955187,0.10009741841207988,0.037018996590355575,0.02167559668777399,0.014369215781782758,0.847540185094983,0.07793472966390648,0.0014612761811982464,0.9756944444444444,0.9923611111111111,1.0,0.07916666666666666,0.5244996549344375,0.8785369220151829,0.7550034506556246,0.45410628019323673,0.008971704623878536
50-048,0.8254265501456512,0.06221389929255098,0.05222638368705784,0.2965043695380774,0.12338743237619643,0.1793591344153142,0.029754473574698292,0.04119850187265917,0.013108614232209739,0.8722430295464003,0.04369538077403246,0.0,0.9508301404853129,0.9891443167305236,1.0,0.14878671775223498,0.42188488298545224,0.7615433270082227,0.5857052498418722,0.290955091714105,0.041113219481340925
50-049,0.8947044334975369,0.024835796387520526,0.02894088669950739,0.5504926108374384,0.25513136288998356,0.07307060755336617,0.014573070607553366,0.025656814449917898,0.008210180623973728,0.875,0.07614942528735633,0.00041050903119868636,0.9677611940298507,0.9940298507462687,0.9994029850746269,0.05313432835820896,0.5860849056603774,0.8991745283018868,0.8378537735849056,0.6639150943396226,0.01474056603773585
50-050,0.9011896091284293,0.029618839524156348,0.027676620538965767,0.562272396212673,0.29351784413692644,0.06822044185481912,0.005098324836125273,0.016508861374119933,0.005583879582422918,0.8951201747997086,0.07453265355668852,0.0031561058509346927,0.9808259587020649,0.9941002949852508,1.0,0.032448377581120944,0.6828193832599119,0.9236417033773862,0.8737151248164464,0.7650513950073421,0.012481644640234948
50-051,0.8596398305084746,0.04449152542372881,0.13215042372881355,0.3824152542372881,0.1663135593220339,0.15995762711864406,0.014830508474576272,0.036546610169491525,0.011122881355932203,0.901218220338983,0.0357521186440678,0.0005296610169491525,0.9326765188834154,0.9926108374384236,0.9983579638752053,0.09277504105090312,0.5278688524590164,0.8213114754098361,0.7032786885245902,0.49508196721311476,0.027868852459016394
50-052,0.7798033101463181,0.06884144878867834,0.03310146318061885,0.27368673542816024,0.11201727032861597,0.19453106260494124,0.04173662748860638,0.010074358359318782,0.008155432957543776,0.9309186855360998,0.009114895658431278,0.0,0.9397967161845192,0.9358874120406567,1.0,0.09929632525410477,0.5814497272018706,0.7529228371005456,0.568978955572876,0.36710833982852686,0.037412314886983634
50-053,0.6915090841675936,0.11939191694475343,0.047460140897293286,0.1657397107897664,0.036336670374490176,0.25509825732295144,0.13867259918427882,0.015943641082684465,0.008157211716722283,0.8301816833518725,0.0070448646644419724,0.0,0.8611793611793612,0.8685503685503686,0.9815724815724816,0.15847665847665848,0.6288156288156288,0.6434676434676435,0.4542124542124542,0.25396825396825395,0.06227106227106227
50-054,0.7706447187928669,0.062002743484224965,0.022496570644718793,0.17448559670781894,0.05953360768175583,0.2381344307270233,0.03786008230452675,0.04334705075445816,0.0049382716049382715,0.908641975308642,0.005212620027434842,0.0,0.9694072657743786,0.9894837476099426,0.994263862332696,0.1462715105162524,0.6020892687559354,0.7065527065527065,0.5422602089268755,0.23076923076923078,0.05413105413105413
50-055,0.6940328394072888,0.11073287945534642,0.048658390068081696,0.16519823788546256,0.04505406487785343,0.22286744092911495,0.22607128554265118,0.07849419303163796,0.007809371245494593,0.6792150580696836,0.00841009211053264,0.0,0.9289232934553132,0.9936664320900774,0.9992962702322308,0.19704433497536947,0.5041152263374485,0.6255144032921811,0.4272976680384088,0.22496570644718794,0.07338820301783265
50-056,0.7207413577675968,0.10766347355268638,0.05310287380258226,0.1751353602665556,0.04602249062890462,0.22553102873802583,0.08704706372344856,0.07455226988754686,0.0058309037900874635,0.8213244481466055,0.011245314452311536,0.0,0.9351656095842142,0.9675828047921071,0.9936575052854123,0.22057787174066243,0.5412335412335413,0.6354816354816355,0.4261954261954262,0.18503118503118504,0.05336105336105336
50-057,0.6682231506512657,0.11894814450724994,0.057999508478741704,0.17031211599901697,0.038584418776112066,0.1993118702383878,0.18186286556893586,0.054558859670680755,0.0036864094372081593,0.7552224133693782,0.004669451953797002,0.0,0.9230145867098866,0.9627228525121556,0.9983792544570502,0.1952998379254457,0.5336,0.6296,0.428,0.1928,0.0768
50-058,0.5860146947048391,0.15480111477071193,0.07600709399543958,0.1570813275905751,0.048897897137066125,0.21940714466683559,0.10134279199391943,0.09551558145426907,0.003800354699771979,0.7942741322523436,0.005067139599695972,0.0,0.9513014273719563,0.9722921914357683,0.9890848026868178,0.24601175482787574,0.48009950248756217,0.5787728026533997,0.357379767827529,0.13930348258706468,0.07545605306799337
50-059,0.7551636110466465,0.08725922487816198,0.037363657461127874,0.15595265722905546,0.04595033650498956,0.20445579020654445,0.19145973543745648,0.04780691575771641,0.008586679043861685,0.7426317010907403,0.00951496867022511,0.0,0.9845679012345679,0.9899691358024691,0.9976851851851852,0.21219135802469136,0.5603975535168195,0.6483180428134556,0.42660550458715596,0.21024464831804282,0.06192660550458716
50-060,0.8196338137904168,0.06271912738605376,0.03272302298402805,0.22399688352162056,0.07479548110634983,0.18504090377873003,0.044020257109466304,0.05687573042462018,0.00584339696143358,0.8819633813790417,0.011297234125438255,0.0,0.9578686493184635,0.9776951672862454,0.9975216852540273,0.13630731102850063,0.5472392638036809,0.7190184049079754,0.5460122699386503,0.2748466257668712,0.0392638036809816
50-061,0.828171404327535,0.04921510394569368,0.034789987271955876,0.27747136190072125,0.10182435299109037,0.1756470089096309,0.02078913873568095,0.054306321595248196,0.006364022061943148,0.8803563852354688,0.03818413237165889,0.0,0.9664082687338501,0.9870801033591732,1.0,0.12532299741602068,0.520618556701031,0.7693298969072165,0.6314432989690721,0.34536082474226804,0.037371134020618556
50-062,0.8521739130434782,0.044481605351170565,0.03879598662207358,0.328428093645485,0.13076923076923078,0.1414715719063545,0.021070234113712373,0.03545150501672241,0.005016722408026756,0.9160535117056856,0.021070234113712373,0.0013377926421404682,0.981404958677686,0.984504132231405,1.0,0.08987603305785125,0.45670103092783504,0.7958762886597938,0.668041237113402,0.4195876288659794,0.026804123711340205
50-063,0.8697593167701864,0.046001552795031056,0.031444099378881984,0.4312888198757764,0.20089285714285715,0.12752329192546583,0.012228260869565218,0.017274844720496896,0.005434782608695652,0.9136257763975155,0.05143633540372671,0.0,0.9835873388042204,0.9953106682297772,1.0,0.0697538100820633,0.5590459569517161,0.8609656777196044,0.7550901687027342,0.49912739965095987,0.02036067481093659
50-064,0.8860178700796909,0.042260323593334946,0.042260323593334946,0.46365612170973197,0.19101666264187395,0.10311518956773726,0.022216855831924655,0.008693552282057475,0.008210577155276504,0.9244143926587781,0.036223134508572806,0.0002414875633904854,0.9855907780979827,0.9971181556195965,0.9992795389048992,0.05403458213256484,0.5898716119828816,0.869472182596291,0.7439372325249644,0.49072753209700426,0.014978601997146932
50-065,0.8414198161389173,0.05311542390194075,0.0449438202247191,0.41726251276813076,0.20097037793667008,0.11976506639427988,0.021961184882533197,0.02349336057201226,0.010214504596527068,0.8927477017364658,0.050817160367722165,0.0007660878447395301,0.9848046309696092,0.9971056439942113,0.9992764109985528,0.12301013024602026,0.5107604017216643,0.830703012912482,0.693687230989957,0.3916786226685796,0.02582496413199426
50-066,0.8696435001800504,0.052934821750090025,0.0662585523946705,0.4587684551674469,0.1814908174288801,0.10154843356139719,0.02340655383507382,0.02628736046092906,0.014404033129276198,0.89413035649982,0.038890889449045736,0.0028808066258552397,0.9778481012658228,0.9873417721518988,0.9989451476793249,0.08016877637130802,0.5355648535564853,0.8619246861924686,0.7050209205020921,0.45188284518828453,0.02301255230125523
50-067,0.8617735586941422,0.04237091919425793,0.04121324380643668,0.47302616346376475,0.20074091224820562,0.10650613567955546,0.01412363973141931,0.018059736050011578,0.009724473257698542,0.9110905302153276,0.04538087520259319,0.0016207455429497568,0.960553633217993,0.9937716262975779,0.9993079584775086,0.09688581314878893,0.5485203028217481,0.8582243633860978,0.7660013764624914,0.5381968341362698,0.026841018582243633
50-068,0.885341726618705,0.04114208633093525,0.05373201438848921,0.48741007194244607,0.20413669064748202,0.08902877697841727,0.005170863309352518,0.019784172661870502,0.013039568345323741,0.9174910071942446,0.04091726618705036,0.0035971223021582736,0.9825129533678757,0.9974093264248705,0.9987046632124352,0.06541450777202072,0.620889748549323,0.8955512572533849,0.7762733720180529,0.5448098001289491,0.0070921985815602835
50-069,0.8257494069441449,0.04571921500970455,0.047013155057149016,0.3972395945654518,0.15268492559844726,0.1229243045072245,0.016821220616778088,0.03881820142333405,0.008841923657537202,0.897778736251887,0.03752426137588959,0.00021565667457407807,0.9564935064935065,0.9961038961038962,0.9987012987012988,0.09025974025974026,0.5293737895416397,0.8102001291155584,0.6714009038089089,0.3705616526791478,0.029696578437701744
50-070,0.9159969383849981,0.019709146574818218,0.04764638346727899,0.5271718331419823,0.24607730577879833,0.07405281285878301,0.006123230003827019,0.027171833141982394,0.008419441255262151,0.9091083046306927,0.049177190968235744,0.0,0.9741657696447793,0.996232508073197,0.9994617868675996,0.040365984930032295,0.596886741814278,0.9371980676328503,0.8427267847557702,0.5888352120236178,0.00644122383252818
50-071,0.9251212824298671,0.014132039654081418,0.029951487028053152,0.6485973423328412,0.366800253111158,0.0558953807213668,0.0065387049145749845,0.016030373338958025,0.005273149124657245,0.9173170217253744,0.054629824931449064,0.0002109259649862898,0.97573083287369,0.9939327082184225,1.0,0.013789299503585218,0.7180616740088106,0.9476872246696035,0.8931718061674009,0.816079295154185,0.003854625550660793
50-072,0.8599878073562284,0.04551920341394026,0.045722414143466776,0.4241007925218451,0.18553139605771185,0.13168055273318433,0.019508230034545822,0.019508230034545822,0.008738061369640317,0.9105872790083316,0.041251778093883355,0.000406421459053038,0.9771297884505432,0.9959977129788451,0.9994282447112636,0.07261292166952545,0.531054131054131,0.833048433048433,0.7082621082621082,0.4444444444444444,0.017663817663817662
50-073,0.8250539956803455,0.06047516198704104,0.042214804633811116,0.3463577459257805,0.1507952091105439,0.15904182210877676,0.09424700569408993,0.048497938346750445,0.007657569212644807,0.8162183388965246,0.0320047123502847,0.0013744354997054782,0.9176770899808552,0.9872367581365666,0.9987236758136566,0.09763880025526483,0.5422057917436846,0.8373382624768947,0.6734442390634627,0.425754775107825,0.03450400492914356
50-074,0.7177642501383509,0.08577753182069729,0.03182069728832319,0.21831765356945212,0.048699501936912006,0.14194798007747647,0.06198118428334256,0.09435528500276702,0.011898173768677366,0.820420586607637,0.011344770337576093,0.0,0.9757575757575757,0.9861471861471861,0.9974025974025974,0.13073593073593073,0.4826989619377163,0.7569204152249135,0.5302768166089965,0.2301038062283737,0.08131487889273356
50-075,0.7922975641869651,0.07603686635944701,0.03192890059249506,0.2577353522053983,0.09315339038841343,0.1392363396971692,0.0065832784726793945,0.04904542462146149,0.01119157340355497,0.9058591178406846,0.026662277814351546,0.0006583278472679394,0.9899598393574297,0.9959839357429718,0.9969879518072289,0.10240963855421686,0.4804804804804805,0.7767767767767768,0.5885885885885885,0.2772772772772773,0.03903903903903904
50-076,0.6834710743801653,0.1243801652892562,0.0384297520661157,0.2268595041322314,0.06776859504132231,0.18801652892561985,0.026859504132231406,0.12727272727272726,0.0070247933884297524,0.8235537190082645,0.015289256198347107,0.0,0.9833795013850416,0.9958448753462604,0.997229916897507,0.18282548476454294,0.5606860158311345,0.6926121372031663,0.49340369393139843,0.2638522427440633,0.048812664907651716
50-077,0.7588,0.0924,0.0316,0.216,0.072,0.162,0.0244,0.1144,0.0064,0.8388,0.0156,0.0004,0.9853300733496333,0.9828850855745721,0.9975550122249389,0.1100244498777506,0.5351941747572816,0.7657766990291263,0.5315533980582524,0.2342233009708738,0.05218446601941747
50-078,0.7586007516623302,0.0797918473547268,0.04625614339404452,0.21191095692396647,0.06591500433651344,0.1795316565481353,0.030355594102341718,0.17230413414281584,0.007227522405319456,0.7716102919919052,0.01850245735761781,0.0,0.9733333333333334,0.9448888888888889,0.9937777777777778,0.136,0.5548672566371682,0.7053097345132744,0.5460176991150443,0.268141592920354,0.030973451327433628
50-079,0.7386401326699834,0.0988391376451078,0.03714759535655058,0.2228855721393035,0.06699834162520729,0.16616915422885573,0.012603648424543947,0.09485903814262023,0.005306799336650083,0.8796019900497513,0.0076285240464344945,0.0,0.9907024793388429,0.993801652892562,0.9958677685950413,0.13739669421487602,0.5273477812177503,0.762641898864809,0.5541795665634675,0.23839009287925697,0.058823529411764705
50-080,0.8185917447103711,0.05168227540756157,0.029136316337148804,0.2389871661463753,0.053416579951439475,0.12486992715920915,0.010752688172043012,0.022199098161637183,0.005549774540409296,0.9441553936871314,0.01734304543877905,0.0,0.9754901960784313,0.9647058823529412,0.9813725490196078,0.11274509803921569,0.4292682926829268,0.7414634146341463,0.5580487804878049,0.2253658536585366,0.06926829268292684
50-081,0.8315147625160462,0.05006418485237484,0.024069319640564826,0.2095635430038511,0.06707317073170732,0.1123234916559692,0.01957637997432606,0.04813863928112965,0.006418485237483954,0.9069319640564827,0.018292682926829267,0.0006418485237483953,0.9912739965095986,0.9895287958115183,0.9973821989528796,0.04537521815008726,0.4581151832460733,0.8350785340314136,0.6719022687609075,0.18324607329842932,0.04537521815008726
50-082,0.798670465337132,0.06343779677113011,0.03380816714150048,0.2603988603988604,0.0647673314339981,0.11528964862298195,0.01120607787274454,0.05432098765432099,0.005698005698005698,0.915289648622982,0.013485280151946819,0.0,0.9894969596462134,0.9955776672194583,0.9955776672194583,0.0945273631840796,0.45755237045203967,0.7613009922822491,0.5727673649393605,0.21940463065049615,0.04299889746416759
50-083,0.7871287128712872,0.06377402446126966,0.032615026208503206,0.25742574257425743,0.06930693069306931,0.14239953407105416,0.00786255096097845,0.05329062317996505,0.01718112987769365,0.8913803145020385,0.030285381479324403,0.0,0.9834101382488479,0.992626728110599,0.9981566820276497,0.07834101382488479,0.4271310724106325,0.7882676443629697,0.5701191567369386,0.24014665444546288,0.04857928505957837
50-084,0.8115527595081499,0.05004289390906491,0.024878467257649414,0.27823849013440094,0.0794967114669717,0.11552759508149843,0.0386045181584215,0.032027452101801544,0.0034315127251930227,0.8944809837003146,0.028881898770374607,0.002573634543894767,0.9869109947643979,0.9965095986038395,0.9982547993019197,0.0462478184991274,0.4360313315926893,0.8128807658833769,0.6623150565709313,0.24194952132288947,0.053959965187119235
50-085,0.7841020608439647,0.053647366699378474,0.02649656526005888,0.2567877003598299,0.0722930978083088,0.14262348707883546,0.037945698397121363,0.028786391887471376,0.0068694798822374874,0.9097154072620216,0.016683022571148183,0.0,0.98635477582846,0.9990253411306043,1.0,0.07797270955165692,0.4298245614035088,0.7504873294346979,0.5428849902534113,0.24463937621832357,0.03898635477582846
50-086,0.8073118279569892,0.06193548387096774,0.024516129032258065,0.24731182795698925,0.09376344086021506,0.13720430107526882,0.007311827956989247,0.02193548387096774,0.015913978494623657,0.9367741935483871,0.01806451612903226,0.0,0.9931787175989086,0.9972714870395635,0.9986357435197817,0.08049113233287858,0.48501362397820164,0.8133514986376021,0.6103542234332425,0.28746594005449594,0.043596730245231606
50-087,0.906174221227383,0.029099048684946838,0.034321954859168065,0.5748927438910651,0.3096437231859728,0.0684573773549711,0.007274762171236709,0.0136168625256482,0.007088229807871666,0.9177392277560157,0.05353478828576758,0.0007461294534601753,0.9544419134396356,0.9960136674259681,1.0,0.05694760820045558,0.6555993247045583,0.9245920090039392,0.871131119864941,0.7366347777152504,0.015756893640967922
50-088,0.8792477025005343,0.04146185082282539,0.056422312459927335,0.5321649925197692,0.2491985466980124,0.07437486642444967,0.01837999572558239,0.016242786920282113,0.0021372088053002777,0.8805300277837145,0.08249625988459072,0.00021372088053002778,0.961629279811098,0.9964580873671782,1.0,0.04309327036599764,0.5876470588235294,0.8917647058823529,0.8041176470588235,0.548235294117647,0.0058823529411764705
50-089,0.868421052631579,0.05218173639226271,0.049257759784075573,0.4865047233468286,0.19433198380566802,0.08524516419253261,0.009221772379667117,0.02114260008996851,0.011470985155195682,0.8884390463337831,0.06860098965362123,0.0011246063877642825,0.9884244372990354,0.9890675241157556,0.9948553054662379,0.09003215434083602,0.5964467005076142,0.8857868020304569,0.7703045685279187,0.44289340101522845,0.00951776649746193
50-090,0.8381026037638567,0.08558906934777004,0.07862851250322248,0.5052848672338232,0.18613044599123485,0.05491105955143078,0.01263212168084558,0.013663315287445217,0.007733952049497293,0.888373292085589,0.07501933488012374,0.002577984016499098,0.980453479280688,0.9929632525410477,0.9992181391712275,0.05551211884284597,0.5206547155105222,0.8752922837100545,0.8277474668745128,0.6196414653156664,0.005455962587685113
50-091,0.8772040302267002,0.05100755667506297,0.04785894206549118,0.47984886649874053,0.19615869017632243,0.08910579345088161,0.02172544080604534,0.026133501259445843,0.007871536523929471,0.8677581863979849,0.07210327455919395,0.004408060453400504,0.9811659192825112,0.9946188340807175,0.9982062780269059,0.10672645739910314,0.4978165938864629,0.8724890829694323,0.7537117903930131,0.4550218340611354,0.016593886462882096
50-092,0.866725768321513,0.04728132387706856,0.05289598108747045,0.5097517730496454,0.23463356973995272,0.08599290780141844,0.0076832151300236405,0.0233451536643026,0.007978723404255319,0.9010047281323877,0.05703309692671395,0.002955082742316785,0.991518235793045,0.9949109414758269,0.9991518235793045,0.10941475826972011,0.5365448504983389,0.8729235880398671,0.803156146179402,0.5041528239202658,0.008305647840531562
50-093,0.8796343321482987,0.03834433722701879,0.0393600812595226,0.5033011681056374,0.22270187912646014,0.08024377856780092,0.006602336211274758,0.027679024885728796,0.006602336211274758,0.9220416455053326,0.03682072117826308,0.00025393600812595224,0.9867354458364038,0.9955784819454679,0.9985261606484893,0.04642593957258659,0.5429200293470287,0.8870139398385913,0.7791636096845195,0.5355832721936904,0.016874541452677916
50-094,0.8601947847942193,0.04806786050895382,0.03581526861451461,0.33710336160854537,0.137291863022306,0.14514608859566447,0.010995915802701853,0.03581526861451461,0.00942507068803016,0.9255419415645617,0.018221803330191643,0.0,0.9820923656927427,0.9952874646559849,0.9924599434495759,0.057492931196983975,0.5522107243650047,0.825964252116651,0.6707431796801505,0.39604891815616183,0.024459078080903106
50-095,0.8864970645792564,0.030752026838132513,0.04417109309477216,0.5166340508806262,0.2261671792004473,0.06318143695834498,0.0061504053676265024,0.028235951915012582,0.00726866088901314,0.9085826111266424,0.04948280682135868,0.0002795638803466592,0.9830377794911334,0.9984579799537394,1.0,0.04471858134155744,0.5925076452599388,0.9159021406727829,0.8348623853211009,0.47324159021406725,0.0015290519877675841
50-096,0.9191350710900474,0.0231042654028436,0.037914691943127965,0.5864928909952607,0.26007109004739337,0.059537914691943125,0.004443127962085308,0.010367298578199052,0.009774881516587678,0.9001777251184834,0.07523696682464455,0.0,0.979381443298969,0.992862807295797,0.9992069785884219,0.023790642347343377,0.5785319652722968,0.9179163378058406,0.8397790055248618,0.5864246250986582,0.003946329913180742
50-097,0.8907193849533224,0.027182866556836903,0.04585392641405821,0.5406370126304229,0.22597473915431082,0.06040637012630423,0.0060406370126304225,0.019494783086216366,0.007138934651290499,0.9047226798462383,0.06177924217462932,0.0008237232289950577,0.9724837074583635,0.9956553222302679,0.997103548153512,0.062273714699493124,0.6024442846872753,0.8986340762041697,0.811646297627606,0.5729690869877786,0.002875629043853343
50-098,0.9047840222944729,0.021365536460752437,0.03669298653042267,0.5624709707385044,0.2745006967022759,0.06781235485369252,0.0009289363678588017,0.011611704598235021,0.004644681839294009,0.9298653042266605,0.05294937296795169,0.0,0.9695121951219512,0.9378048780487804,0.9975609756097561,0.03170731707317073,0.610231425091352,0.9269183922046285,0.8599269183922046,0.5468940316686967,0.0048721071863581
50-099,0.9074137341988384,0.02425691834642979,0.03279808677827127,0.5524427741715067,0.3088486504953878,0.07687051588657329,0.006491288008199521,0.015715749914588316,0.004783054321831227,0.9203963102152375,0.04953877690468056,0.0030748206354629312,0.9852476290832455,0.9863013698630136,0.9989462592202318,0.05795574288724974,0.6564805057955743,0.9304531085353003,0.8724973656480506,0.726027397260274,0.004214963119072708
50-100,0.8260869565217391,0.05055611729019211,0.03159757330637007,0.3665318503538928,0.13599595551061677,0.12512639029322548,0.028311425682507583,0.016430738119312435,0.00884732052578362,0.9223963599595552,0.023761375126390292,0.0002527805864509606,0.9682779456193353,0.9962235649546828,1.0,0.09592145015105741,0.5643340857787811,0.8021068472535741,0.6313017306245298,0.44996237772761477,0.033860045146726865
50-101,0.7135416666666666,0.12044270833333333,0.047200520833333336,0.18131510416666666,0.060221354166666664,0.24088541666666666,0.08821614583333333,0.011393229166666666,0.0087890625,0.8736979166666666,0.017578125,0.0003255208333333333,0.9111570247933884,0.9824380165289256,0.996900826446281,0.2303719008264463,0.5474226804123712,0.6494845360824743,0.4731958762886598,0.19690721649484536,0.05567010309278351
50-102,0.7940473026840287,0.05102311985118257,0.036938612808929044,0.3313845336167951,0.14190805208610152,0.1894764815306936,0.07254849853840022,0.029497741163964922,0.006643635397289397,0.8570289662503322,0.034281158650013285,0.0,0.9313099041533547,0.9832268370607029,0.9928115015974441,0.14696485623003194,0.5251177394034537,0.7896389324960753,0.6585557299843015,0.40345368916797486,0.03139717425431711
50-103,0.902625456962446,0.0259222333000997,0.028913260219341975,0.5719508142239946,0.28979727484214024,0.07876370887337986,0.018278497839813893,0.013958125623130608,0.006979062811565304,0.90794283815221,0.05250913924891991,0.00033233632436025255,0.96,0.9914285714285714,0.9990476190476191,0.05047619047619047,0.6470588235294118,0.905123339658444,0.825426944971537,0.6755218216318786,0.009487666034155597
50-104,0.8780104712041885,0.043455497382198956,0.08769633507853403,0.5484293193717278,0.22827225130890053,0.07303664921465969,0.011780104712041885,0.019895287958115182,0.00549738219895288,0.8701570680628272,0.09240837696335079,0.0002617801047120419,0.9845474613686535,0.9955849889624724,0.9963208241353937,0.027225901398086828,0.532069970845481,0.8760932944606414,0.7835276967930029,0.5174927113702624,0.008017492711370262
50-105,0.8904109589041096,0.04342207288705092,0.04342207288705092,0.5435513052468338,0.2610493667614371,0.08141638666322047,0.00361850607392091,0.012664771258723184,0.003876970793486689,0.9066942362367537,0.07288705091754975,0.0002584647195657793,0.9897189856065799,0.9952021932830706,0.9993145990404386,0.03015764222069911,0.5382513661202186,0.8729508196721312,0.7862021857923497,0.5191256830601093,0.00819672131147541
50-106,0.892586352148273,0.02443133951137321,0.04254422914911542,0.5665543386689132,0.2746419545071609,0.06866048862679022,0.006318449873631003,0.013479359730412805,0.010109519797809604,0.8837405223251895,0.08635214827295704,0.0,0.987885462555066,0.9933920704845814,1.0,0.039647577092511016,0.5410733844468785,0.8806133625410734,0.7842278203723987,0.5345016429353778,0.007667031763417305
50-107,0.9093673965936739,0.03680048661800486,0.057177615571776155,0.6435523114355232,0.3245133819951338,0.05596107055961071,0.0072992700729927005,0.006082725060827251,0.009428223844282239,0.8610097323600974,0.11070559610705596,0.005474452554744526,0.9811616954474097,0.9945054945054945,1.0,0.0282574568288854,0.7247278382581649,0.9300155520995335,0.8724727838258165,0.7208398133748056,0.0015552099533437014
50-108,0.9191556254210644,0.024477880080844373,0.030765775881428252,0.5735459240961149,0.29732764428475184,0.055019088255108914,0.005389624971929036,0.01661801033011453,0.005389624971929036,0.9326296878508871,0.03885021333932181,0.0011228385358185494,0.9750778816199377,0.9919003115264797,0.9968847352024922,0.038629283489096576,0.6648009950248757,0.9465174129353234,0.9079601990049752,0.7375621890547264,0.008706467661691543
50-109,0.854157960718763,0.04450480568324279,0.034057668198913496,0.4247806101128291,0.19389887170915168,0.1360217300459674,0.03760969494358546,0.02131216046803176,0.006686167989970748,0.9009611366485583,0.03196824070204764,0.0014625992478061011,0.9658405894172807,0.9933020763563295,0.9986604152712659,0.08171466845277964,0.6379425517702071,0.845691382765531,0.7561790247160989,0.5998663994655978,0.019372077488309953
50-110,0.8223822382238224,0.062106210621062106,0.04980498049804981,0.34503450345034503,0.15271527152715272,0.16771677167716773,0.05670567056705671,0.0333033303330333,0.012001200120012,0.8631863186318632,0.0348034803480348,0.0,0.9437984496124031,0.9883720930232558,0.999031007751938,0.14825581395348839,0.5181992337164751,0.789272030651341,0.6542145593869731,0.4118773946360153,0.04980842911877394
50-111,0.876633559853633,0.0334553058024046,0.03476215368531103,0.47098797699947725,0.2692106638787245,0.11892315734448511,0.031625718766335596,0.02639832723470988,0.00836382645060115,0.861996863565081,0.0687401986408782,0.002875065342394145,0.8044572250179727,0.9906542056074766,0.9992810927390366,0.06973400431344356,0.5978494623655914,0.8731182795698925,0.8014336917562724,0.6050179211469534,0.025089605734767026
50-112,0.9049534292972058,0.026883996613039796,0.04784081287044877,0.6530482641828959,0.32726502963590176,0.054614733276883994,0.003386960203217612,0.010795935647756138,0.0046570702794242165,0.8581710414902625,0.12214225232853514,0.000846740050804403,0.9745152354570638,0.9916897506925207,0.9983379501385041,0.0221606648199446,0.6718232044198895,0.9348066298342541,0.8767955801104972,0.7325966850828729,0.0055248618784530384
50-113,0.8722574353973671,0.04290589956118966,0.0492442710872745,0.5538761579717211,0.2681618722574354,0.08434909800097513,0.0078010726474890294,0.008288639687957094,0.0014627011214041932,0.893710385177962,0.08629936616284739,0.0024378352023403218,0.9765013054830287,0.9947780678851175,1.0,0.048302872062663184,0.6193548387096774,0.9070967741935484,0.8141935483870968,0.5754838709677419,0.007741935483870968
50-114,0.9081156716417911,0.03148320895522388,0.03987873134328358,0.6077425373134329,0.2667910447761194,0.06623134328358209,0.008861940298507462,0.00816231343283582,0.005130597014925373,0.8950559701492538,0.08115671641791045,0.0016324626865671641,0.9842312746386334,0.9960578186596584,1.0,0.053219448094612355,0.6348791639451339,0.9399085564990203,0.8628347485303723,0.6943174395819726,0.0032658393207054214
50-115,0.8995519924546098,0.03419004951662344,0.044329167649139356,0.5430323037019571,0.24899787785899552,0.07097382692761141,0.009903324687573685,0.01957085593020514,0.004951662343786843,0.9165291204904503,0.047866069323272815,0.001178967224711153,0.9815789473684211,0.9973684210526316,1.0,0.024342105263157894,0.578809679529104,0.9300196206671026,0.8790058862001308,0.6324395029431,0.005232177894048398
50-116,0.9021569240387621,0.028133791809940606,0.028133791809940606,0.5217255392310097,0.257267896217568,0.07471084713973117,0.011253516723976243,0.011253516723976243,0.003751172241325414,0.9221631759924976,0.05095342294467021,0.0006251953735542357,0.9794140934283452,0.9944576405384006,0.9984164687252574,0.03246239113222486,0.6066350710900474,0.9281200631911533,0.8388625592417062,0.5497630331753555,0.013428120063191154
50-117,0.8608196396753118,0.039398138982379725,0.05385072262918234,0.4201148287467828,0.20451395763215205,0.12829142744011088,0.019996040388041973,0.04276380914670362,0.012868738863591368,0.8794298158780439,0.044149673332013466,0.0007919223916056226,0.974616292798111,0.9970484061393152,0.9976387249114522,0.05726092089728453,0.4857142857142857,0.8600583090379009,0.7475218658892129,0.4793002915451895,0.019825072886297375
50-118,0.8254862752226868,0.048900199963642976,0.03617524086529722,0.3430285402654063,0.14579167424104708,0.14197418651154337,0.015815306307944012,0.03272132339574623,0.007089620069078349,0.914560988911107,0.027085984366478823,0.002726776949645519,0.9852861035422343,0.9967302452316076,0.9994550408719346,0.0670299727520436,0.5195227765726681,0.8280911062906724,0.6691973969631236,0.4181127982646421,0.028199566160520606
50-119,0.8000751597143931,0.06200676437429538,0.04772641863960917,0.24539646749342353,0.08305148440435926,0.1800075159714393,0.03344607290492296,0.10033821871476889,0.010522360015031942,0.8297632468996617,0.02593010146561443,0.0,0.972488038277512,0.972488038277512,0.9976076555023924,0.08851674641148326,0.40860215053763443,0.7204301075268817,0.5376344086021505,0.24731182795698925,0.038231780167264036
50-120,0.8055212196126905,0.06674907292954264,0.04120313143798929,0.2142562834775443,0.08570251339101771,0.21755253399258342,0.06880922950144211,0.06963329213020189,0.009476720230737536,0.838483724763082,0.013597033374536464,0.0,0.9510869565217391,0.9877717391304348,0.998641304347826,0.1766304347826087,0.48641304347826086,0.71875,0.5421195652173914,0.26222826086956524,0.06114130434782609
50-121,0.8568686006825939,0.04287542662116041,0.042662116040955635,0.3837457337883959,0.17342150170648465,0.13929180887372014,0.03604948805460751,0.036476109215017066,0.010665529010238909,0.8690273037542662,0.046501706484641636,0.001279863481228669,0.9670477471418965,0.9798251513113652,0.9979825151311366,0.0968392737054472,0.5557046979865772,0.8402684563758389,0.7127516778523489,0.4885906040268456,0.038926174496644296
50-122,0.8037743115732717,0.05815520893510495,0.03755054881571346,0.2824956672443674,0.10533410360100134,0.1910263816676295,0.09840169458886963,0.011939148854226844,0.006739842095128057,0.8665511265164645,0.016368187945310995,0.0,0.9412484700122399,0.9308445532435741,0.9987760097919217,0.1364749082007344,0.5917375455650061,0.7800729040097205,0.6239368165249088,0.3408262454434994,0.0583232077764277
50-123,0.8019036287923855,0.0603807257584771,0.037180249851279,0.35693039857227843,0.17965496728138014,0.17132659131469363,0.055324211778703156,0.01933372992266508,0.003569303985722784,0.8848899464604402,0.03539559785841761,0.00148720999405116,0.935969868173258,0.9905838041431262,0.9962335216572504,0.1487758945386064,0.5304022450888681,0.7979420018709074,0.6576239476145931,0.4677268475210477,0.05332086061739944
50-124,0.9109023626530032,0.016225448334756618,0.03045829775120979,0.5994876174210076,0.3299174494733846,0.05949331056077427,0.01053230856817535,0.012524907486478793,0.004554511813265016,0.9060631938514091,0.06575576430401367,0.000569313976658127,0.9784172661870504,0.9960031974420464,0.9992006394884093,0.026378896882494004,0.5915267785771383,0.929656274980016,0.8792965627498002,0.7585931254996003,0.0031974420463629096
50-125,0.9079973267988416,0.02472711071508131,0.04722655379817331,0.5823123190020049,0.3014034306081533,0.06437959456449098,0.016930274003118733,0.008465137001559367,0.0044553352639786145,0.9113388282468255,0.058587658721318776,0.00022276676319893073,0.9573048699132756,0.9819879919946631,0.9993328885923949,0.052701801200800535,0.6920529801324503,0.9139072847682119,0.8629139072847682,0.7503311258278146,0.018543046357615896
50-126,0.914323374340949,0.026362038664323375,0.05162565905096661,0.6023725834797891,0.2844903339191564,0.06546572934973638,0.008787346221441126,0.013840070298769772,0.0063708260105448155,0.9235500878734623,0.04701230228471002,0.0004393673110720562,0.9802036199095022,0.9960407239819005,0.997737556561086,0.025452488687782805,0.657271702367531,0.9205186020293122,0.8579481397970687,0.6578354002254791,0.0062006764374295375
50-127,0.8493150684931506,0.05042261731273681,0.06091518507723696,0.43252696006995045,0.19003206062372485,0.09472457009618188,0.01632177207811134,0.017196152725153017,0.008452346254736228,0.8979889245118041,0.06004080443019528,0.0,0.9556650246305419,0.9975369458128078,1.0,0.10016420361247948,0.5252442996742671,0.8501628664495114,0.7369706840390879,0.4364820846905538,0.012214983713355049
50-128,0.8622047244094488,0.04512416717141127,0.0548152634766808,0.4957601453664446,0.21956390066626288,0.10357359176256814,0.020290732889158086,0.017867958812840704,0.004845548152634767,0.9158086008479709,0.039975772259236826,0.0012113870381586917,0.9722901385493072,0.9983700081499592,0.9983700081499592,0.06356968215158924,0.48058252427184467,0.8462783171521036,0.7451456310679612,0.4603559870550162,0.015372168284789644
50-129,0.8928202479338843,0.042355371900826444,0.047520661157024795,0.5165289256198347,0.24638429752066116,0.07541322314049587,0.013946280991735538,0.01652892561983471,0.008006198347107437,0.9057334710743802,0.05242768595041322,0.0033574380165289257,0.9851190476190477,0.9933035714285714,0.9992559523809523,0.07961309523809523,0.5821005917159763,0.9001479289940828,0.8232248520710059,0.5229289940828402,0.010355029585798817
50-130,0.8964854475562878,0.043382756727073035,0.05930807248764415,0.599121361889072,0.2515101592531576,0.05985722130697419,0.0035694673256452497,0.014277869302580999,0.005766062602965404,0.8758923668314114,0.10021965952773201,0.0002745744096650192,0.9870875179340028,0.9971305595408895,0.9985652797704447,0.011477761836441894,0.6538187009279086,0.9107780157030693,0.8336902212705211,0.5653104925053534,0.0021413276231263384
50-131,0.8876651982378855,0.042584434654919234,0.0513950073421439,0.5819872736172296,0.2834067547723935,0.05800293685756241,0.008321096426823299,0.014684287812041116,0.009055310817425355,0.8830151737640725,0.08321096426823299,0.0017131669114047968,0.9806924101198402,0.9940079893475366,1.0,0.05858854860186418,0.6341948310139165,0.9012591119946984,0.8257123923127899,0.5811795891318754,0.008614976805831677
50-132,0.850685855633011,0.060265347425230494,0.0386777602878345,0.4346750618394423,0.18889138745221498,0.1250281088374185,0.04609849336631437,0.009219698673262874,0.007645603777827749,0.8999325387901956,0.035529570496964244,0.0015740948954351248,0.9529801324503311,0.9947019867549669,0.9993377483443708,0.10198675496688742,0.5049374588545096,0.8360763660302831,0.716919025674786,0.45358788676761025,0.031599736668861095
50-133,0.8100467289719626,0.06985981308411215,0.03808411214953271,0.3455607476635514,0.1425233644859813,0.1558411214953271,0.057476635514018694,0.01588785046728972,0.0065420560747663555,0.8913551401869159,0.028271028037383177,0.00046728971962616824,0.9548387096774194,0.9978494623655914,1.0,0.11612903225806452,0.5003573981415297,0.8112937812723374,0.6654753395282345,0.39528234453180844,0.07791279485346676
50-134,0.7285455443913688,0.17097677483116455,0.04892110031296327,0.35200131774007576,0.16059957173447537,0.15302256629879757,0.0751111843188931,0.11530225662987975,0.029649151704826224,0.7343106572228628,0.039532202273101634,0.006094547850436501,0.9518716577540107,0.9910873440285205,0.9976232917409388,0.10932857991681522,0.5493207324276432,0.8470171293561725,0.7111636148848198,0.464264619019492,0.04607206142941524
50-135,0.8500687757909215,0.03473177441540578,0.033356258596973866,0.3741403026134801,0.1468363136176066,0.1502751031636864,0.07359009628610728,0.024759284731774415,0.014442916093535076,0.8531636863823934,0.03404401650618982,0.0,0.9448897795591182,0.9959919839679359,0.998997995991984,0.11623246492985972,0.477,0.82,0.703,0.383,0.041
50-136,0.8089708923174805,0.06123747415301416,0.03690154286623191,0.3170033402258629,0.15619532368379196,0.1899156990615556,0.08875457292826468,0.024972164784475902,0.008271035470017497,0.8506441864164148,0.027198982026403692,0.0001590583744234134,0.9402253797158255,0.9833414992650662,0.994610485056345,0.12542871141597256,0.6066212268743915,0.7945472249269717,0.6392405063291139,0.40555014605647516,0.037487828627069134
50-137,0.8411458333333334,0.04767628205128205,0.03786057692307692,0.3814102564102564,0.1875,0.17728365384615385,0.0751201923076923,0.01282051282051282,0.009615384615384616,0.8651842948717948,0.036057692307692304,0.001201923076923077,0.939261114589856,0.9837194740137758,0.9906073888541015,0.110832811521603,0.5990129549660703,0.8340530536705737,0.6971005552128315,0.4904380012338063,0.03146206045650833
50-138,0.9385982629771763,0.010906887497475258,0.029488992122803474,0.6857200565542315,0.38982023833568974,0.04908099373863866,0.003635629165825086,0.007675217127852959,0.004039587962027873,0.8628559886891537,0.12058170066653201,0.001211876388608362,0.9805068226120858,0.9941520467836257,0.9995126705653021,0.010721247563352826,0.7418570734078755,0.9684005833738454,0.9280505590666018,0.8633932912007778,0.0014584346135148275
50-139,0.9108138238573021,0.023411371237458192,0.03818283166109253,0.5986622073578596,0.3079710144927536,0.07441471571906355,0.014771460423634336,0.015050167224080268,0.002787068004459309,0.8840579710144928,0.07831661092530658,0.005016722408026756,0.9836309523809523,0.9962797619047619,0.9985119047619048,0.03422619047619048,0.6748329621380846,0.9346696362286563,0.874536005939124,0.7357089829250185,0.010393466963622866
50-140,0.8761965539246969,0.03594979791533716,0.04105509466071049,0.5120187194213996,0.24271431610295682,0.09317166560306318,0.036375239310784936,0.019783024888321635,0.008934269304403318,0.8704530950861519,0.06445437141033823,0.0,0.9238095238095239,0.9988795518207283,0.9994397759103641,0.06610644257703081,0.5754874651810585,0.8662952646239555,0.7654596100278551,0.5381615598885794,0.02618384401114206
50-141,0.8636613523914238,0.05112699285321605,0.035184167124793844,0.4194612424409016,0.17399670148433205,0.1280923584387026,0.03820780648708082,0.03051126992853216,0.013743815283122594,0.8666849917537108,0.05057724024189115,0.0002748763056624519,0.9502297090352221,0.9961715160796325,0.9977029096477795,0.09647779479326186,0.49390243902439024,0.836890243902439,0.6753048780487805,0.39253048780487804,0.040396341463414635
50-142,0.8988794752664663,0.03634872916097295,0.04318119704837387,0.6228477726154688,0.2907898332877836,0.05356654823722329,0.012845039628313747,0.006285870456408855,0.009292156326865263,0.8756490844493031,0.09592784913910904,0.0,0.9809456598447425,0.9936485532815809,0.9985885673959068,0.03458009880028229,0.6127898805340829,0.910049191848208,0.8657765284609978,0.6219255094869993,0.011243851018973999
50-143,0.9255677039529016,0.017241379310344827,0.038057190916736754,0.6667367535744323,0.37489486963835156,0.045416316232127836,0.003153910849453322,0.008200168208578638,0.002943650126156434,0.8156013456686291,0.16715727502102606,0.002943650126156434,0.970399605328071,0.9970399605328071,0.9990133201776024,0.00986679822397632,0.716609167077378,0.9655002464268112,0.9334647609659931,0.8486939379004436,0.005914243469689502
50-144,0.9351794871794872,0.016,0.035487179487179485,0.6535384615384615,0.3577435897435897,0.03876923076923077,0.002871794871794872,0.007589743589743589,0.005743589743589744,0.8237948717948718,0.15507692307692308,0.004923076923076923,0.9675294117647059,0.9905882352941177,0.9985882352941177,0.00611764705882353,0.6953455571227081,0.9699106723084157,0.917724494593324,0.8542548189938881,0.0
50-145,0.9260761775974757,0.018255578093306288,0.03065134099616858,0.6871760198332206,0.39869281045751637,0.04462474645030426,0.007662835249042145,0.005859815190443994,0.0038314176245210726,0.8719855758395312,0.10998422357448727,0.000676132521974307,0.9532814238042269,0.9961067853170189,1.0,0.020578420467185762,0.6747922437673131,0.9534626038781163,0.9168975069252078,0.7833795013850415,0.00221606648199446
50-146,0.922498433256737,0.017965322749112177,0.03634844370169208,0.6833089617714644,0.4142469187382494,0.047837894297054526,0.008355964069354502,0.004595780238144976,0.004804679339878839,0.8376853979527888,0.13473992061834134,0.00981825778149154,0.96751968503937,0.9931102362204725,0.9990157480314961,0.01968503937007874,0.6291033806957373,0.951984321411073,0.917687408133268,0.7716805487506124,0.002939735423811857
50-147,0.9069946195234435,0.03420445810914681,0.05073020753266718,0.6199077632590315,0.2863182167563413,0.05995388162951576,0.010760953112990008,0.01037663335895465,0.0065334358186010764,0.8689469638739431,0.101076095311299,0.0023059185242121443,0.974559686888454,0.9941291585127201,0.99706457925636,0.026418786692759294,0.5609756097560976,0.9121951219512195,0.8507317073170731,0.5736585365853658,0.003902439024390244
50-148,0.8841818181818182,0.03563636363636364,0.042727272727272725,0.5381818181818182,0.2681818181818182,0.094,0.03109090909090909,0.03127272727272727,0.014727272727272728,0.8454545454545455,0.07672727272727273,0.0007272727272727272,0.9552583025830258,0.9935424354243543,0.9990774907749077,0.06734317343173432,0.4931756141947225,0.8844404003639672,0.7725204731574158,0.4672429481346679,0.018198362147406732
50-149,0.9159970781592404,0.021670318967616266,0.02678354029705381,0.6238130021913806,0.3252982712442172,0.046992938884830776,0.003165327489651814,0.016557097638178718,0.00754808862916971,0.8884830776722669,0.079863647431215,0.004382761139517896,0.9741935483870968,0.9951612903225806,1.0,0.005913978494623656,0.5210442194992009,0.9280767181672882,0.838572189664358,0.47629195524773577,0.002663825253063399
50-150,0.9036755386565273,0.024081115335868188,0.09759188846641319,0.6042458808618505,0.27344740177439797,0.05449936628643853,0.006653992395437262,0.014258555133079848,0.0038022813688212928,0.9005069708491762,0.07477820025348543,0.0,0.9864972200158856,0.9936457505957109,0.9984114376489277,0.06036536934074663,0.5880031570639306,0.9052880820836622,0.8413575374901342,0.5540647198105761,0.007103393843725336
50-151,0.9369369369369369,0.014414414414414415,0.034684684684684684,0.654054054054054,0.3310810810810811,0.0472972972972973,0.0013513513513513514,0.007207207207207207,0.004054054054054054,0.8743243243243243,0.11036036036036036,0.002702702702702703,0.9526431718061674,0.9966960352422908,1.0,0.007709251101321586,0.6853070175438597,0.9703947368421053,0.9111842105263158,0.7817982456140351,0.0010964912280701754
50-152,0.9266553480475382,0.02275042444821732,0.05466893039049236,0.6509337860780985,0.31205432937181665,0.03497453310696095,0.003735144312393888,0.008828522920203734,0.004414261460101867,0.8543293718166384,0.12393887945670629,0.004753820033955857,0.990602975724354,0.9960845732184808,0.9992169146436961,0.023492560689115115,0.662015503875969,0.9441860465116279,0.9356589147286821,0.7589147286821706,0.002325581395348837
50-153,0.9281995067141683,0.02384214853384489,0.040559057275966016,0.6793642093724308,0.3526993696903261,0.04384762948753083,0.0057550013702384216,0.013702384214853385,0.008495478213209099,0.8366675801589477,0.13209098383118661,0.003288572211564812,0.9014976958525346,0.9982718894009217,0.9994239631336406,0.012672811059907835,0.5724885844748858,0.9412100456621004,0.8841324200913242,0.6381278538812786,0.005136986301369863
50-154,0.9198248273538824,0.01751726461175678,0.038066363483240696,0.6942900454775139,0.4069395317500421,0.044298467239346474,0.00943237325248442,0.020717534108135423,0.0067374094660602995,0.7943405760485094,0.15849755768906856,0.010274549435741957,0.9336679813553245,0.9971315883829329,0.9996414485478666,0.011832197920401577,0.5058365758754864,0.9366819950477538,0.883622214361514,0.642023346303502,0.004244782454899187
50-155,0.9181453921007441,0.024041213508872353,0.047223812249570694,0.6554092730394963,0.3268460217515741,0.053806525472238124,0.004293073840870063,0.01631368059530624,0.01030337721808815,0.8202633085289067,0.1353749284487693,0.013451631368059531,0.94543063773833,0.9953977646285339,0.9986850756081526,0.03287310979618672,0.5313510019392372,0.9127343244990304,0.8338720103425986,0.5468648998060762,0.006464124111182934
50-156,0.9135802469135802,0.017583239805462027,0.04227459783015339,0.6816311260755705,0.4062850729517396,0.0411522633744856,0.011971567527123082,0.025065469509913955,0.00935278713056491,0.8073325851103629,0.1328095772540217,0.013468013468013467,0.9564879564879565,0.9914529914529915,0.9992229992229992,0.011655011655011656,0.4633770239013107,0.9352351580570547,0.8812644564379337,0.5682343870470317,0.006939090208172706
50-157,0.9025604551920341,0.033428165007112376,0.04871977240398293,0.6337126600284495,0.30725462304409673,0.060099573257467995,0.013157894736842105,0.013869132290184922,0.004623044096728307,0.897226173541963,0.0689900426742532,0.0021337126600284497,0.9746835443037974,0.9957805907172996,1.0,0.024472573839662448,0.5900673400673401,0.9040404040404041,0.8484848484848485,0.5925925925925926,0.010101010101010102
50-158,0.9170829170829171,0.024642024642024644,0.037296037296037296,0.6876456876456877,0.341991341991342,0.05427905427905428,0.00666000666000666,0.015651015651015652,0.005328005328005328,0.8764568764568764,0.09257409257409258,0.00333000333000333,0.9694940476190477,0.9910714285714286,0.9992559523809523,0.01636904761904762,0.6084381939304219,0.9185788304959289,0.8697261287934863,0.6306439674315322,0.011102886750555145
50-159,0.92156303479749,0.023673702224757558,0.03280091272104963,0.6297775242441529,0.3342840844266971,0.04905875641756988,0.004563605248146035,0.014831717056474614,0.004848830576155163,0.8953223046206503,0.07900741585852823,0.001426126640045636,0.9846046186144157,0.9874037788663401,1.0,0.02589223233030091,0.6515045486354094,0.9566130160951715,0.9153254023792862,0.7074877536738978,0.0013995801259622112
50-160,0.7699475829935934,0.07862550960978451,0.033197437390797904,0.24344787419918462,0.10075713453698311,0.20588235294117646,0.04921374490390216,0.0512521840419336,0.006697728596389051,0.8736167734420501,0.0192195690157251,0.0,0.9704761904761905,0.9933333333333333,0.9971428571428571,0.11523809523809524,0.488328664799253,0.7945845004668534,0.6601307189542484,0.28944911297852477,0.040149393090569564
50-161,0.8229229836264402,0.06791995148574893,0.058823529411764705,0.3483929654335961,0.14736203759854458,0.15100060642813826,0.004851425106124924,0.0312310491206792,0.0036385688295936932,0.935415403274712,0.024863553668890235,0.0,0.9542421353670162,0.9370829361296473,0.998093422306959,0.13822688274547187,0.5977229601518027,0.8121442125237192,0.6802656546489564,0.45825426944971537,0.03225806451612903
50-162,0.7515451174289246,0.09122373300370828,0.03980222496909765,0.24746600741656366,0.10185414091470951,0.1987639060568603,0.08776266996291718,0.05364647713226205,0.006427688504326329,0.8348578491965389,0.0173053152039555,0.0,0.9117408906882591,0.9700404858299595,0.9959514170040485,0.19271255060728745,0.48748991121872476,0.7304277643260694,0.5746569814366425,0.28490718321226793,0.07021791767554479
50-163,0.7285249186075632,0.09341347357876284,0.04532932632106186,0.24567993989481593,0.0643626346105685,0.21036814425244177,0.08339594290007513,0.025544703230653644,0.005259203606311044,0.8697721011770598,0.015276734284998747,0.0007513148009015778,0.9078947368421053,0.9728618421052632,0.9983552631578947,0.20148026315789475,0.48484848484848486,0.6805896805896806,0.506961506961507,0.2153972153972154,0.07125307125307126
50-164,0.8389602629220198,0.05168807887660592,0.028981177173588286,0.3740663280549746,0.15954586196593964,0.14729608604720645,0.02718852703913953,0.02718852703913953,0.0044816253361219,0.9253062443979684,0.015835076187630713,0.0,0.9504950495049505,0.9936993699369937,1.0,0.0891089108910891,0.4817127564674398,0.8251561106155219,0.7163247100802854,0.3559322033898305,0.021409455842997322
50-165,0.8237814675950723,0.05356186395286556,0.0500803427959293,0.3824317086234601,0.14274236743438673,0.13417246920192824,0.02437064809855383,0.027048741296197106,0.009105516871987145,0.8912694161756829,0.046063202999464384,0.0021424745581146223,0.9633883704235463,0.9935391241923905,1.0,0.11557788944723618,0.4684813753581662,0.835243553008596,0.7005730659025788,0.34025787965616044,0.025071633237822348
50-166,0.8594395957740009,0.05144694533762058,0.035829122645842905,0.48001837390904917,0.21933853927423058,0.09669269637115296,0.006890215893431328,0.021129995406522738,0.007119889756545705,0.9336242535599448,0.031005971520440975,0.00022967386311437759,0.9813027744270205,0.9939686369119421,0.9975874547647768,0.07961399276236429,0.5128665469778576,0.8659485338120886,0.7594254937163375,0.4236983842010772,0.011370436864153202
50-167,0.8876889848812095,0.037437005039596835,0.06083513318934485,0.6292296616270698,0.3045356371490281,0.0550755939524838,0.016198704103671708,0.021958243340532757,0.00827933765298776,0.8671706263498921,0.08495320374370051,0.0014398848092152627,0.974169741697417,0.9972324723247232,0.9972324723247232,0.03874538745387454,0.6081447963800904,0.9149321266968325,0.8597285067873304,0.6497737556561086,0.00904977375565611
50-168,0.9133437990580848,0.0260596546310832,0.035478806907378334,0.631083202511774,0.30957613814756674,0.06028257456828885,0.013186813186813187,0.018210361067503924,0.0075353218210361065,0.8863422291993721,0.07378335949764521,0.0009419152276295133,0.9788199697428139,0.9969742813918305,0.9984871406959153,0.038577912254160365,0.5033860045146726,0.9149736644093304,0.8638073739653875,0.526711813393529,0.008276899924755455
50-169,0.9053472649047326,0.02950215119852489,0.04486785494775661,0.645359557467732,0.35771358328211433,0.051014136447449294,0.014136447449293177,0.006760909649661954,0.020282728948985862,0.8561770129071912,0.09895513214505225,0.0036877688998156115,0.9760900140646976,0.9929676511954993,1.0,0.04360056258790436,0.4719562243502052,0.9001367989056087,0.8290013679890561,0.5348837209302325,0.005471956224350205
50-170,0.9119734973970658,0.022716516800757217,0.03360151443445338,0.6620918125887364,0.3956460009465215,0.04259346900141978,0.00946521533364884,0.013251301467108376,0.008045433033601515,0.8466635115948887,0.11736867013724563,0.005205868433506862,0.9677734375,0.998046875,0.9990234375,0.0146484375,0.5753158406219631,0.9582118561710399,0.8999028182701652,0.6326530612244898,0.0058309037900874635
50-171,0.8969578017664377,0.03483807654563297,0.04563297350343474,0.6535819430814525,0.366045142296369,0.05544651619234544,0.014720314033366046,0.023552502453385672,0.008832188420019628,0.8621197252208047,0.08881256133464181,0.001962708537782139,0.9744160177975528,0.9922135706340378,0.9988876529477196,0.008898776418242492,0.5347298787210585,0.8853362734288864,0.8379272326350606,0.5424476295479603,0.011025358324145534
50-172,0.9263118719761816,0.01786378861183476,0.02232973576479345,0.7290658727205062,0.4614812058057313,0.03684406401190919,0.008187569780424266,0.0070710829921845925,0.009304056568663937,0.8399702270189803,0.13248976553777447,0.00297729810197246,0.959618208516887,0.9977973568281938,0.9992657856093979,0.00881057268722467,0.5256317689530686,0.940072202166065,0.8938628158844766,0.6137184115523465,0.006498194945848376
50-173,0.9363191042687193,0.012596221133659902,0.03988803358992302,0.70888733379986,0.44226731980405876,0.0496850944716585,0.007697690692792162,0.00979706088173548,0.007697690692792162,0.8327501749475158,0.1364590622813156,0.005598320503848845,0.972463768115942,0.9971014492753624,1.0,0.015942028985507246,0.5654676258992806,0.9366906474820144,0.8719424460431655,0.6201438848920864,0.0057553956834532375
50-174,0.933206106870229,0.011959287531806615,0.04198473282442748,0.7071246819338423,0.4483460559796438,0.03142493638676845,0.004452926208651399,0.008651399491094147,0.0064885496183206106,0.8198473282442749,0.1450381679389313,0.015521628498727735,0.9469114363681469,0.996774993798065,0.9995038451997023,0.0064500124038700075,0.5044554455445545,0.9616336633663366,0.9118811881188119,0.650990099009901,0.0029702970297029703
50-175,0.8844190004641808,0.03759863840321832,0.03311155809995358,0.5967816803342101,0.36128732786631595,0.09082469441435866,0.018721955748104594,0.008974160606529476,0.006034349373356026,0.8418691010366702,0.1226984372582392,0.0017019959771004177,0.8974548137218739,0.9933603836222796,1.0,0.03799336038362228,0.6160058737151248,0.9306167400881057,0.8593979441997063,0.6989720998531571,0.010279001468428781
50-176,0.9317126045215237,0.011458655930628678,0.027562712914214926,0.7167853824713534,0.45416537627748527,0.039021368844843606,0.002322700526478786,0.004955094456488077,0.004026014245896562,0.7894084855992567,0.19603592443480955,0.0032517807370703003,0.9761536079281511,0.9938061319293899,0.9996903065964695,0.0037163208423660575,0.6149798823893532,0.9718353450943981,0.9204580625193438,0.7960383782110801,0.0009285051067780873
50-177,0.889942074776198,0.03580832016850974,0.04739336492890995,0.5279094260136914,0.28857293312269616,0.11585044760400211,0.014481305950500263,0.011848341232227487,0.0039494470774091624,0.8335966298051606,0.13480779357556608,0.0013164823591363876,0.9661705006765899,0.9749661705006766,0.9986468200270636,0.10487144790257104,0.6136210384356036,0.9002022926500337,0.8462575859743763,0.6068779501011463,0.015509103169251517
50-178,0.9073482428115016,0.029666818804198997,0.041077133728890915,0.6964856230031949,0.38384299406663624,0.05248744865358284,0.009584664536741214,0.012323140118667275,0.00730260155180283,0.7503423094477407,0.21451392058420812,0.005933363760839799,0.780281690140845,0.9896713615023475,1.0,0.010328638497652582,0.6043030869971936,0.9597754911131899,0.9092609915809168,0.7951356407857811,0.0018709073900841909
50-179,0.9243119266055045,0.0194954128440367,0.041857798165137614,0.7150229357798165,0.4248853211009174,0.05103211009174312,0.011467889908256881,0.011467889908256881,0.005733944954128441,0.8371559633027523,0.12958715596330275,0.0045871559633027525,0.7740784780023782,0.9976218787158145,1.0,0.011890606420927468,0.5616113744075829,0.9360189573459715,0.8815165876777251,0.6777251184834123,0.002369668246445498
50-180,0.916189111747851,0.019340974212034383,0.06375358166189111,0.6239255014326648,0.32808022922636104,0.05659025787965616,0.01790830945558739,0.0164756446991404,0.008595988538681949,0.8488538681948424,0.10028653295128939,0.007879656160458453,0.958966565349544,0.9924012158054711,0.9984802431610942,0.05167173252279635,0.5301204819277109,0.8930722891566265,0.858433734939759,0.552710843373494,0.004518072289156626
50-181,0.898961284230406,0.032735284859930755,0.04941768964431854,0.5577588920365124,0.2518098835379289,0.08624488511174064,0.0169971671388102,0.02329241422725842,0.007554296506137866,0.8665407617248977,0.08467107333962857,0.0009442870632672333,0.9786422578184591,0.996186117467582,1.0,0.08085430968726164,0.48,0.8807547169811321,0.7947169811320755,0.47320754716981134,0.012075471698113207
50-182,0.9075907590759076,0.034653465346534656,0.041254125412541254,0.6215621562156216,0.2854785478547855,0.06435643564356436,0.0242024202420242,0.0027502750275027505,0.007700770077007701,0.8762376237623762,0.08855885588558855,0.00055005500550055,0.9697841726618706,0.99568345323741,1.0,0.06474820143884892,0.6333808844507846,0.9158345221112696,0.8644793152639088,0.6119828815977175,0.008559201141226819
50-183,0.8801245459263103,0.04099636741048261,0.054488842760768035,0.6019719771665801,0.27088738972496107,0.07057602490918526,0.01868188894654904,0.012454592631032694,0.007784120394395433,0.8816813700051894,0.07939802802283343,0.0,0.9706632653061225,0.9961734693877551,0.9961734693877551,0.06760204081632654,0.6172370088719898,0.9112801013941698,0.8415716096324461,0.5994930291508238,0.0076045627376425855
50-184,0.9015194147439505,0.030388294879009566,0.037703995498030385,0.6550365785030952,0.28812605514912776,0.05233539673607203,0.009003939223410242,0.021384355655599326,0.011254924029262802,0.9122115925717501,0.04276871131119865,0.0033764772087788407,0.9697766097240473,0.9947437582128777,0.9986859395532195,0.04204993429697766,0.4307891332470893,0.9288486416558862,0.8926261319534282,0.47347994825355755,0.007761966364812419
50-185,0.8888888888888888,0.029513888888888888,0.04976851851851852,0.5648148148148148,0.22511574074074073,0.09722222222222222,0.02025462962962963,0.013310185185185185,0.006944444444444444,0.9074074074074074,0.050347222222222224,0.001736111111111111,0.977110157367668,0.9971387696709585,1.0,0.11731044349070101,0.4307909604519774,0.8728813559322034,0.7782485875706214,0.4251412429378531,0.01694915254237288
50-186,0.8546377480387632,0.047531149053991695,0.08398707891093678,0.5066912782648824,0.2233502538071066,0.07614213197969544,0.012459621596677434,0.010613751730503,0.005999077065066913,0.925703737886479,0.04522381172127365,0.0,0.9552429667519181,0.9987212276214834,0.9974424552429667,0.09335038363171355,0.5069708491761724,0.8580481622306717,0.7934093789607097,0.41825095057034223,0.012674271229404309
50-187,0.8728848534874123,0.04333470903838217,0.03219149814279818,0.5315724308708213,0.19562525794469665,0.06314486174164259,0.01650846058605035,0.0070160957490713995,0.002888980602558811,0.9215848122162609,0.051176227816756084,0.0008254230293025176,0.9682179341657208,0.9829738933030647,0.9988649262202043,0.07832009080590238,0.5,0.8502202643171806,0.7863436123348018,0.5022026431718062,0.025330396475770924
50-188,0.9046143250688705,0.027203856749311296,0.041666666666666664,0.5971074380165289,0.28615702479338845,0.07369146005509641,0.01756198347107438,0.013774104683195593,0.009641873278236915,0.8657024793388429,0.09228650137741047,0.0010330578512396695,0.9748201438848921,0.9964028776978417,1.0,0.050359712230215826,0.4825425246195166,0.8970456580125336,0.8460161145926589,0.5237242614145031,0.010743061772605193
50-189,0.8927634045744282,0.029996250468691414,0.043869516310461196,0.5976752905886764,0.281214848143982,0.06786651668541432,0.024371953505811773,0.0307461567304087,0.01274840644919385,0.81214848143982,0.10761154855643044,0.012373453318335208,0.9734513274336283,0.9991150442477876,1.0,0.0920353982300885,0.42245072836332476,0.8577549271636675,0.7823479005998286,0.3950299914310197,0.018851756640959727
50-190,0.9285714285714286,0.021848739495798318,0.03823529411764706,0.6554621848739496,0.33991596638655464,0.06512605042016807,0.013865546218487394,0.01764705882352941,0.01134453781512605,0.8260504201680672,0.11302521008403361,0.018067226890756304,0.9770925110132158,0.9947136563876652,0.9991189427312775,0.033480176211453744,0.49298245614035086,0.9219298245614035,0.8675438596491228,0.5201754385964912,0.0043859649122807015
50-191,0.9292857142857143,0.019285714285714285,0.03964285714285714,0.7321428571428571,0.40464285714285714,0.03142857142857143,0.01107142857142857,0.010714285714285714,0.008214285714285714,0.8903571428571428,0.07785714285714286,0.0017857142857142857,0.8406515580736544,0.9978753541076487,0.9992917847025495,0.024079320113314446,0.5262793914246197,0.9370677731673582,0.901106500691563,0.5822959889349931,0.0027662517289073307
50-192,0.9077822762033289,0.03508771929824561,0.048133153396311294,0.6306792622582096,0.32973459289248763,0.053081421502474135,0.0206927575348628,0.01349527665317139,0.003598740440845704,0.8695456590193432,0.08636977058029689,0.006297795771479982,0.9513184584178499,0.9908722109533469,1.0,0.06896551724137931,0.5386158475426279,0.8966900702106319,0.8535606820461384,0.5205616850551655,0.007021063189568706
50-193,0.8998890737659456,0.03577371048252912,0.04298391569606212,0.5970604547975596,0.2947864669994454,0.054076539101497505,0.016361619523017193,0.012201885745978924,0.006932889628397116,0.8538546866333888,0.10759844703272324,0.003050471436494731,0.976932668329177,0.9962593516209476,0.9981296758104738,0.04800498753117207,0.5574177529484792,0.9385474860335196,0.8851644941030415,0.5288640595903166,0.00931098696461825
50-194,0.8139134709931171,0.06932153392330384,0.059734513274336286,0.4016715830875123,0.1607669616519174,0.12708947885939037,0.024336283185840708,0.021632251720747297,0.00688298918387414,0.9063421828908554,0.03933136676499508,0.0014749262536873156,0.974581939799331,0.9431438127090301,0.9993311036789297,0.10234113712374582,0.48282694848084545,0.809775429326288,0.7093791281373845,0.3487450462351387,0.026420079260237782
50-195,0.8656943178365238,0.05439076268611364,0.07140686721361289,0.5278030993618961,0.23701002734731086,0.09054998480704952,0.02035855363111516,0.01610452749924035,0.007292616226071103,0.9137040413248253,0.04223640230932847,0.00030385900941962927,0.9446640316205533,0.983399209486166,0.9960474308300395,0.0932806324110672,0.4732350659425912,0.8588052754072925,0.7711404189294027,0.373933281613654,0.013188518231186967
50-196,0.8709065021357381,0.04010441385856668,0.07332700522069292,0.46867584242999527,0.2195064072140484,0.09136212624584718,0.024916943521594685,0.028476506881822496,0.008305647840531562,0.901281442809682,0.037019458946369245,0.0,0.9783491204330176,0.9776725304465493,0.9945872801082544,0.08592692828146144,0.5289757412398922,0.8578167115902965,0.7304582210242587,0.4386792452830189,0.02223719676549865
50-197,0.8685393258426967,0.045168539325842694,0.04089887640449438,0.5442696629213483,0.250561797752809,0.08898876404494382,0.025842696629213482,0.012134831460674157,0.0056179775280898875,0.930561797752809,0.02539325842696629,0.00044943820224719103,0.9705882352941176,0.9970588235294118,0.9982352941176471,0.05411764705882353,0.5259475218658892,0.885131195335277,0.797667638483965,0.42857142857142855,0.011078717201166181
50-198,0.8862254025044722,0.03398926654740608,0.0851520572450805,0.5033989266547406,0.19391771019677997,0.07906976744186046,0.02146690518783542,0.025402504472271915,0.008586762075134168,0.8958855098389982,0.04830053667262969,0.00035778175313059033,0.9793351302785265,0.9910152740341419,0.9991015274034142,0.14824797843665768,0.4959641255605381,0.8825112107623319,0.7964125560538117,0.4044843049327354,0.014349775784753363
50-199,0.8844149692089057,0.04026527711984841,0.04405495026054003,0.47797252486972996,0.19374703931785883,0.08242539081004263,0.01705352913311227,0.025580293699668404,0.0047370914258645196,0.9099952629085741,0.04026527711984841,0.0023685457129322598,0.9652466367713004,0.9910313901345291,0.9966367713004485,0.15582959641255606,0.4956043956043956,0.8131868131868132,0.7285714285714285,0.3516483516483517,0.016483516483516484
50-200,0.8626262626262626,0.04882154882154882,0.048484848484848485,0.4380471380471381,0.18686868686868688,0.1063973063973064,0.05454545454545454,0.023905723905723906,0.0053872053872053875,0.857912457912458,0.056228956228956226,0.00202020202020202,0.9623161764705882,0.9963235294117647,0.9990808823529411,0.19025735294117646,0.34405719392314565,0.7274352100089365,0.6532618409294012,0.2957998212689902,0.029490616621983913
50-201,0.8808834178131788,0.03982621288921072,0.05358435916002897,0.499637943519189,0.2052860246198407,0.0941346850108617,0.035843591600289645,0.02498189717595945,0.010499637943519189,0.8595220854453295,0.06734250543084722,0.0018102824040550326,0.9249512670565302,0.9961013645224172,1.0,0.11988304093567251,0.39318600368324125,0.8130755064456722,0.7440147329650092,0.3388581952117864,0.010128913443830571
50-202,0.8663299663299663,0.05218855218855219,0.05353535353535353,0.4983164983164983,0.19225589225589226,0.09595959595959595,0.032996632996632996,0.017508417508417508,0.012457912457912458,0.8858585858585859,0.05117845117845118,0.0,0.9846846846846847,0.9963963963963964,0.9981981981981982,0.17927927927927928,0.39768683274021355,0.7927046263345195,0.7437722419928826,0.28291814946619215,0.010676156583629894
50-203,0.8512869399428027,0.05370193835398793,0.04512233873530346,0.45821417222751826,0.19415316174134095,0.08102955195424213,0.013981569748967271,0.016523673339688592,0.0006355258976803305,0.9297743883063235,0.037813790911979665,0.001271051795360661,0.9772105742935278,0.9972652689152234,0.9972652689152234,0.1577028258887876,0.4977578475336323,0.820627802690583,0.7506726457399103,0.3524663677130045,0.012556053811659192
50-204,0.8101131541725601,0.07814710042432815,0.048444130127298445,0.24752475247524752,0.086987270155587,0.17574257425742573,0.013083451202263084,0.02086280056577086,0.0031824611032531826,0.9586280056577087,0.004243281471004243,0.0,0.9451901565995525,0.9854586129753915,0.9988814317673378,0.12863534675615212,0.43924191750278707,0.705685618729097,0.6075808249721293,0.27201783723522854,0.05351170568561873
50-205,0.7536776212832551,0.10203442879499218,0.056025039123630674,0.2184663536776213,0.07323943661971831,0.20344287949921752,0.026604068857589983,0.008137715179968702,0.0028169014084507044,0.9543035993740219,0.008137715179968702,0.0,0.9223946784922394,0.9855875831485588,0.9977827050997783,0.24611973392461198,0.5728155339805825,0.6785329018338727,0.5577130528586839,0.22761596548004315,0.06040992448759439
50-206,0.7170516304347826,0.12839673913043478,0.043478260869565216,0.21297554347826086,0.06589673913043478,0.22520380434782608,0.050951086956521736,0.012567934782608696,0.002377717391304348,0.923233695652174,0.010869565217391304,0.0,0.926605504587156,0.9954128440366973,0.9977064220183486,0.20412844036697247,0.5424688561721405,0.6568516421291053,0.5198187995469988,0.26047565118912797,0.061155152887882216
50-207,0.6297552701720378,0.16186091591955415,0.03586140053307487,0.1885146595590017,0.053549794039253695,0.21856069784346982,0.17712624182214684,0.011630724497213472,0.00242306760358614,0.7986430821419918,0.010176883935061788,0.0,0.9036544850498339,0.9916943521594684,0.9975083056478405,0.26245847176079734,0.4551333872271625,0.6014551333872271,0.44300727566693615,0.21827000808407437,0.09215844785772029
50-208,0.7478237214363439,0.10663764961915125,0.035636561479869426,0.23748639825897716,0.0854189336235038,0.17301414581066377,0.0720892274211099,0.01088139281828074,0.004624591947769314,0.9036996735582155,0.008705114254624592,0.0,0.9764065335753176,0.9972776769509982,0.9990925589836661,0.1969147005444646,0.47992863514719003,0.6895628902765388,0.5486173059768065,0.24977698483496877,0.07850133809099019
50-209,0.7976273551988835,0.09455687369155617,0.03628750872295883,0.26099092812281927,0.09141660851360782,0.16538729937194696,0.04396371249127704,0.02198185624563852,0.00209351011863224,0.9260293091416608,0.005931612002791347,0.0,0.9817007534983854,0.9935414424111948,0.9989235737351991,0.18083961248654468,0.4732334047109208,0.7451820128479657,0.5728051391862955,0.2569593147751606,0.05460385438972163
50-210,0.7145528201932067,0.10034278591461515,0.04113430975381739,0.2813960735431599,0.10937986911810534,0.1695232159551262,0.14770956684325334,0.013088189467123715,0.004985976939856653,0.8136491118728576,0.020567154876908696,0.0,0.9556004036326943,0.9989909182643795,0.9959636730575177,0.20383451059535823,0.453,0.726,0.569,0.264,0.069
50-211,0.8215047212915016,0.05939689308559245,0.03929332927200731,0.3073408467864758,0.1093512031678343,0.13341455985379228,0.07858665854401461,0.015534572037770332,0.008224185196466647,0.860493451111788,0.03045994517209869,0.006701187937861712,0.9457720588235294,0.9990808823529411,1.0,0.21691176470588236,0.4337899543378995,0.736986301369863,0.6127853881278539,0.2876712328767123,0.05114155251141553
50-212,0.8605299860529986,0.05613668061366806,0.04707112970711297,0.3601813110181311,0.14260808926080892,0.13354253835425384,0.01499302649930265,0.010808926080892609,0.0048814504881450485,0.9553695955369595,0.01394700139470014,0.0,0.9309245483528161,0.9936238044633369,0.9989373007438895,0.15196599362380447,0.5158898305084746,0.8072033898305084,0.6970338983050848,0.3644067796610169,0.025423728813559324
50-213,0.8291422666207372,0.06544953496383052,0.06097140888735791,0.38615225628660005,0.16224595246296933,0.10196348604891492,0.031002411298656562,0.019979331725800895,0.007233895969686531,0.9187047881501894,0.022735101619014812,0.0003444712366517396,0.935515873015873,0.996031746031746,0.998015873015873,0.2261904761904762,0.4389051808406647,0.7556207233626588,0.6578690127077224,0.2561094819159335,0.028347996089931573
50-214,0.8304330230675839,0.057061918251719954,0.07486847430190206,0.3848644273573452,0.1566167543504654,0.14204775394577093,0.04087414002428167,0.03358963982193444,0.0056657223796034,0.8883043302306758,0.03075677863213274,0.0008093889113719142,0.944078947368421,0.9967105263157895,0.9978070175438597,0.2225877192982456,0.3561346362649294,0.7209554831704669,0.6221498371335505,0.2899022801302932,0.031487513572204126
50-215,0.7914669223394055,0.0738255033557047,0.0862895493767977,0.3307766059443912,0.12655800575263662,0.12559923298178333,0.06423777564717162,0.015340364333652923,0.012943432406519654,0.8537871524448706,0.047459252157238736,0.006232023010546501,0.9691516709511568,0.9961439588688946,0.9987146529562982,0.2519280205655527,0.35168961201501875,0.623279098873592,0.5657071339173968,0.20150187734668334,0.03754693366708386
50-216,0.8534107402031931,0.04100145137880987,0.04390420899854862,0.4223512336719884,0.17634252539912917,0.12082728592162555,0.06458635703918723,0.017779390420899856,0.00362844702467344,0.8759071117561683,0.03664731494920174,0.001451378809869376,0.9572338489535942,0.9945404913557779,0.9954504094631483,0.2083712465878071,0.40851449275362317,0.7744565217391305,0.6693840579710145,0.25271739130434784,0.02717391304347826
50-217,0.7567064083457526,0.0756333830104322,0.06631892697466468,0.3375558867362146,0.12220566318926974,0.13897168405365126,0.0853204172876304,0.02459016393442623,0.00782414307004471,0.8405365126676602,0.040611028315946346,0.0011177347242921013,0.9406150583244963,0.9915164369034994,0.9989395546129375,0.2831389183457052,0.38204592901878914,0.6899791231732777,0.558455114822547,0.2359081419624217,0.05010438413361169
50-218,0.7740899357601713,0.07673090649536046,0.07030692362598144,0.3433261955745896,0.13740185581727338,0.15988579586009993,0.06067094932191292,0.030692362598144184,0.006780870806566738,0.8397573162027123,0.061027837259100645,0.0010706638115631692,0.9176954732510288,0.9989711934156379,0.9989711934156379,0.27983539094650206,0.32215447154471544,0.6646341463414634,0.5396341463414634,0.21138211382113822,0.0741869918699187
50-219,0.8240215118016134,0.06363907977293098,0.06244397968329848,0.36570062742754705,0.12727815954586197,0.132058559904392,0.07678518075888856,0.02987750224081267,0.010457125784284434,0.8282043621153271,0.05437705407827906,0.00029877502240812666,0.956989247311828,0.9942100909842845,0.9958643507030603,0.304383788254756,0.38184791496320525,0.7023712183156173,0.570727718724448,0.23875715453802127,0.039247751430907606
50-220,0.8296146044624746,0.05592581860330339,0.056795131845841784,0.35670820052158797,0.15473775717183424,0.12865835989568242,0.022022602144306,0.03129527673138221,0.004636337293538105,0.9179947841205448,0.02405099971022892,0.0,0.962510897994769,0.9965126416739319,0.9965126416739319,0.17785527462946818,0.5299657534246576,0.7928082191780822,0.6686643835616438,0.3142123287671233,0.031678082191780824
50-221,0.8483525208416038,0.06709011512504963,0.06510520047637952,0.4239777689559349,0.18221516474791585,0.08495434696308059,0.01071853910281858,0.014291385470424772,0.010321556173084558,0.9293370385073442,0.034934497816593885,0.0003969829297340214,0.9802784222737819,0.9965197215777262,1.0,0.04640371229698376,0.5605022831050228,0.8538812785388128,0.7146118721461188,0.4280821917808219,0.014840182648401826
50-222,0.7744247453791022,0.07242549981139193,0.05884571859675594,0.26442851754055074,0.1014711429649189,0.1878536401357978,0.14183327046397587,0.023764617125612977,0.004903809883062995,0.8200678989060732,0.00943040362127499,0.0,0.9481668773704172,0.9329962073324906,0.9949431099873578,0.1264222503160556,0.5149625935162094,0.7306733167082294,0.6034912718204489,0.30174563591022446,0.05486284289276808
50-223,0.8971672487388436,0.029491656965463717,0.0446255335661622,0.4540162980209546,0.2087698874660458,0.08886301901435778,0.017074117190531625,0.01823826154443151,0.0038804811796662787,0.9336437718277066,0.02716336825766395,0.0,0.9907084785133565,0.991869918699187,0.9976771196283392,0.03716608594657375,0.5127020785219399,0.8752886836027713,0.7886836027713626,0.5173210161662818,0.006928406466512702
50-224,0.75,0.07352941176470588,0.05467571644042232,0.3457767722473605,0.15196078431372548,0.14102564102564102,0.01885369532428356,0.017722473604826545,0.004901960784313725,0.9524886877828054,0.006033182503770739,0.0,0.9292452830188679,0.8525943396226415,0.9988207547169812,0.10377358490566038,0.5152582159624414,0.778169014084507,0.642018779342723,0.4154929577464789,0.03755868544600939
50-225,0.8959753683747526,0.028590279305036288,0.03760721354739389,0.5214427094787772,0.2318011875962173,0.07895315592698482,0.0052782054101605455,0.013855289201671431,0.003078953155926985,0.9500769738288982,0.027270727952496153,0.0004398504508467121,0.9917929292929293,0.9911616161616161,1.0,0.020202020202020204,0.5756434400502197,0.8888888888888888,0.847457627118644,0.576271186440678,0.005649717514124294
50-226,0.7834114888628371,0.07854630715123095,0.04337631887456037,0.24677608440797186,0.09495896834701055,0.21453692848769051,0.14712778429073858,0.02022274325908558,0.003223915592028136,0.8212192262602579,0.007033997655334115,0.0011723329425556857,0.9103053435114504,0.8940839694656488,0.9942748091603053,0.1898854961832061,0.599247412982126,0.7309501411100658,0.5672624647224835,0.3123236124176858,0.05174035747883349
50-227,0.7825065274151436,0.0751958224543081,0.05587467362924282,0.26762402088772846,0.10130548302872062,0.19869451697127938,0.16866840731070495,0.028198433420365536,0.008877284595300261,0.7809399477806789,0.012793733681462142,0.0005221932114882506,0.9041095890410958,0.7851027397260274,0.9957191780821918,0.1618150684931507,0.5825649622799665,0.7309304274937133,0.567476948868399,0.3193629505448449,0.03352891869237217
50-228,0.8311537343795409,0.057250799186283056,0.04388259226968905,0.4489973844812554,0.1894798023830282,0.12438244696309213,0.09067131647776809,0.014240046498111014,0.00842778262133101,0.8578901482127289,0.023539668700959023,0.0052310374891020054,0.9553172475424486,0.9955317247542449,0.9964253798033958,0.10008936550491511,0.5738137082601055,0.8427065026362038,0.7539543057996485,0.5175746924428822,0.033391915641476276
50-229,0.7385600976205003,0.09670530811470408,0.047895057962172055,0.24130567419158022,0.08755338621110433,0.19280048810250153,0.12202562538133008,0.01647345942647956,0.003355704697986577,0.8435021354484442,0.01464307504575961,0.0,0.943943943943944,0.993993993993994,1.0,0.14914914914914915,0.5029940119760479,0.716566866267465,0.5658682634730539,0.281437125748503,0.046906187624750496
50-230,0.8522916171930658,0.0458323438613156,0.03063405366896224,0.3526478271194491,0.1408216575635241,0.15293279506055568,0.06459273331750177,0.01543576347660888,0.010686297791498456,0.8962241747803372,0.012823557349798148,0.00023747328425552126,0.9647676161919041,0.9940029985007496,0.9992503748125937,0.06896551724137931,0.5085374907201188,0.8210838901262064,0.7060133630289532,0.414996288047513,0.025241276911655532
50-231,0.8062227074235808,0.0638646288209607,0.034388646288209604,0.3078602620087336,0.1340065502183406,0.16239082969432314,0.010917030567685589,0.008460698689956333,0.006823144104803494,0.9585152838427947,0.015283842794759825,0.0,0.9606164383561644,0.9940068493150684,1.0,0.08561643835616438,0.5325443786982249,0.7852916314454776,0.6914623837700761,0.3956043956043956,0.0338123415046492
50-232,0.7401215805471124,0.10980243161094225,0.05889057750759878,0.2378419452887538,0.060790273556231005,0.19946808510638298,0.06003039513677812,0.018617021276595744,0.0022796352583586625,0.9141337386018237,0.004939209726443769,0.0,0.9159763313609467,0.9846153846153847,0.9822485207100592,0.1881656804733728,0.4830805134189031,0.6977829638273045,0.5180863477246208,0.25204200700116686,0.07701283547257877
50-233,0.8593303389138424,0.041649652919559,0.03164556962025317,0.4791751735402205,0.21784401796651695,0.07697019191506738,0.005308289097590854,0.012045732952225397,0.0038791343405471623,0.9548795426704777,0.02388730093915884,0.0,0.9720853858784894,0.9961685823754789,0.9978106185002736,0.05363984674329502,0.5561613958560524,0.8598691384950927,0.7764449291166848,0.4362050163576881,0.0059978189749182115
50-234,0.7312404287901991,0.10107197549770292,0.06278713629402756,0.2622511485451761,0.08192955589586524,0.15811638591117919,0.18032159264931089,0.03139356814701378,0.009954058192955589,0.7354517611026034,0.04249617151607963,0.00038284839203675346,0.918854415274463,0.9976133651551312,0.9964200477326969,0.39498806682577564,0.27863046044864226,0.6103896103896104,0.448642266824085,0.14521841794569068,0.09917355371900827
50-235,0.7079412871659767,0.10575837410613474,0.05683101242002258,0.23259315016936394,0.06887467068121943,0.17689123071132856,0.13059841926985322,0.023710952201731274,0.0026345502446368085,0.8291305984192698,0.013925479864508844,0.0,0.875,0.9954545454545455,0.9977272727272727,0.40795454545454546,0.38626126126126126,0.5833333333333334,0.44594594594594594,0.17792792792792791,0.10810810810810811
50-236,0.6519908116385911,0.11408882082695253,0.041730474732006126,0.18759571209800918,0.05781010719754977,0.21171516079632466,0.34150076569678406,0.01761102603369066,0.0030627871362940277,0.6240428790199081,0.013782542113323124,0.0,0.8665919282511211,0.9932735426008968,0.9966367713004485,0.4405829596412556,0.2011173184357542,0.5307262569832403,0.39888268156424583,0.11955307262569832,0.11173184357541899
50-237,0.6105063890203503,0.12588736393752958,0.04401325130146711,0.22953147184098438,0.06625650733554188,0.17936583057264552,0.4831992427827733,0.01372456223379082,0.000473260766682442,0.46900141978230003,0.027922385234264078,0.005679129200189304,0.8223880597014925,0.9955223880597015,1.0,0.31044776119402984,0.21944035346097202,0.5552282768777614,0.40942562592047127,0.14727540500736377,0.15169366715758467
50-238,0.6454388984509466,0.12693631669535285,0.045180722891566265,0.21600688468158347,0.05636833046471601,0.1962134251290878,0.4173838209982788,0.015920826161790018,0.0034423407917383822,0.5292598967297762,0.03356282271944923,0.0004302925989672978,0.832258064516129,0.9922580645161291,0.9987096774193548,0.32,0.31065468549422337,0.5288831835686778,0.386392811296534,0.1527599486521181,0.12836970474967907
50-239,0.6343303691727297,0.13635138776610078,0.04554028563729453,0.13230935057935866,0.035839396389113445,0.24737267582861763,0.23713284828887093,0.009431420102398275,0.004580975478307734,0.740501212611156,0.008353543519267044,0.0,0.8409090909090909,0.9503367003367004,0.9907407407407407,0.2727272727272727,0.5218827415359207,0.541701073492981,0.3864574731626755,0.1610239471511148,0.08587943848059455
50-240,0.6519360269360269,0.13973063973063973,0.06523569023569023,0.1999158249158249,0.04292929292929293,0.20412457912457913,0.03998316498316498,0.012626262626262626,0.0016835016835016834,0.9267676767676768,0.01893939393939394,0.0,0.8857901726427623,0.9747675962815405,0.9880478087649402,0.2788844621513944,0.49076517150395776,0.5897097625329816,0.41688654353562005,0.20580474934036938,0.07387862796833773
50-241,0.6341395607450653,0.1479010286349736,0.06227411731998888,0.1743119266055046,0.048651654156241314,0.22212955240478177,0.1873783708646094,0.013900472616068946,0.004448151237142063,0.7812065610230747,0.013066444259104809,0.0,0.8759894459102903,0.9964819700967458,0.9964819700967458,0.24802110817941952,0.43043478260869567,0.5826086956521739,0.39565217391304347,0.19652173913043477,0.08956521739130435
50-242,0.615126988557075,0.12782584426458274,0.045771699692994695,0.16773653363103544,0.04437622104381803,0.22774211554563215,0.3455205135361429,0.021769466927156013,0.005023723137036003,0.6137315099078984,0.013954786491766676,0.0,0.8512820512820513,0.9880341880341881,0.9957264957264957,0.26495726495726496,0.29626485568760613,0.534804753820034,0.38879456706281834,0.17572156196943972,0.12818336162988114
50-243,0.7386590584878745,0.10242510699001427,0.045934379457917264,0.2644793152639087,0.08901569186875892,0.15349500713266762,0.07646219686162625,0.017974322396576318,0.003994293865905849,0.8733238231098431,0.027960057061340943,0.0002853067047075606,0.9373927958833619,0.9939965694682675,0.9957118353344768,0.3078902229845626,0.4533898305084746,0.6652542372881356,0.5228813559322034,0.2271186440677966,0.06694915254237288
50-244,0.6590038314176245,0.13656267104542966,0.053366174055829226,0.24548440065681446,0.08812260536398467,0.17624521072796934,0.08182813355227149,0.010125889436234263,0.0038314176245210726,0.8990147783251231,0.005199781061850027,0.0,0.9601731601731601,0.9965367965367965,0.9982683982683983,0.2987012987012987,0.4529109589041096,0.675513698630137,0.5291095890410958,0.22773972602739725,0.0684931506849315
50-245,0.8120831698705374,0.0666928207140055,0.0584542958022754,0.2985484503726952,0.10984699882306787,0.14319340918007062,0.03216947822675559,0.02079246763436642,0.003530796390741467,0.9203609258532758,0.022754021184778345,0.00039231071008238524,0.9704545454545455,0.9965909090909091,0.9988636363636364,0.1375,0.5153234960272418,0.757094211123723,0.6288308740068105,0.30533484676503975,0.022701475595913734
50-246,0.8269733403031887,0.06743335075797177,0.08311552535284893,0.3141662310507057,0.12388917929952953,0.1228437009932044,0.010454783063251438,0.01620491374803973,0.0010454783063251437,0.9566126502875065,0.015682174594877155,0.0,0.9868035190615836,0.9926686217008798,0.9970674486803519,0.10703812316715543,0.6286549707602339,0.7865497076023392,0.6432748538011696,0.3201754385964912,0.013157894736842105
50-247,0.7206601466992665,0.11308068459657701,0.033312958435207825,0.23288508557457213,0.08679706601466992,0.1763447432762836,0.011919315403422982,0.029951100244498777,0.00519559902200489,0.9449877750611247,0.007946210268948655,0.0,0.8991008991008991,0.991008991008991,0.995004995004995,0.15784215784215785,0.4965104685942173,0.7018943170488534,0.5373878364905285,0.29112662013958124,0.04187437686939183
50-248,0.6833728411784625,0.1290213342363698,0.07890281070098205,0.17981713511683034,0.054182187605824585,0.22925838130714526,0.04944124619031493,0.0016931933626820183,0.0013545546901456147,0.9400609549610566,0.007450050795800881,0.0,0.8439635535307517,0.9521640091116174,0.9908883826879271,0.30182232346241455,0.5400225479143179,0.6302142051860203,0.47237880496054113,0.21645997745208567,0.08455467869222097
50-249,0.7716363636363637,0.088,0.05272727272727273,0.21127272727272728,0.08145454545454546,0.212,0.006545454545454545,0.02509090909090909,0.005090909090909091,0.9541818181818181,0.0076363636363636364,0.0014545454545454545,0.9146039603960396,0.9913366336633663,0.9975247524752475,0.2042079207920792,0.49142156862745096,0.7267156862745098,0.6041666666666666,0.24387254901960784,0.05024509803921569
50-250,0.8467574428802216,0.055158089083775674,0.0429263789522271,0.3877221324717286,0.139395338102931,0.11516270482344795,0.014078006000461574,0.018001384721901683,0.006462035541195477,0.9420724671128549,0.01938610662358643,0.0,0.9756446991404012,0.9928366762177651,0.9992836676217765,0.09598853868194843,0.4860614724803431,0.8327376697641172,0.7398141529664046,0.41958541815582556,0.016440314510364547
50-251,0.8332881539712659,0.05150447275684467,0.05150447275684467,0.36839251829764164,0.14692328544320954,0.1211710490647872,0.02737869341284901,0.013824884792626729,0.00867443751694226,0.9238275955543508,0.026294388723231227,0.0,0.9836199836199836,0.9975429975429976,1.0,0.1457821457821458,0.49429037520391517,0.7887438825448614,0.6476345840130505,0.3270799347471452,0.01957585644371941
50-252,0.8466699801192843,0.04348906560636183,0.033797216699801194,0.4242047713717694,0.15979125248508946,0.08325049701789264,0.005964214711729622,0.005715705765407555,0.0064612326043737576,0.9714214711729622,0.010437375745526839,0.0,0.9837767683322518,0.9915639195327709,0.9922128487994809,0.043478260869565216,0.5567077122488658,0.8496435515230071,0.7310434219053791,0.41736876215165264,0.015554115359688918
50-253,0.8628606887992554,0.05181507911883339,0.04591995035681042,0.4654049022649705,0.1973316785603475,0.10487123797704002,0.007756748371082842,0.011169717654359293,0.003723239218119764,0.9469438411417933,0.03040645361464474,0.0,0.9611562782294489,0.994579945799458,0.998193315266486,0.0921409214092141,0.5,0.8389982110912343,0.7522361359570662,0.4293381037567084,0.012522361359570662
50-254,0.8452715355805244,0.05220037453183521,0.04611423220973783,0.4288389513108614,0.17111423220973782,0.1100187265917603,0.0049157303370786515,0.023876404494382022,0.009363295880149813,0.9192415730337079,0.04260299625468165,0.0,0.9771626297577855,0.9979238754325259,0.9986159169550173,0.10726643598615918,0.43543956043956045,0.8303571428571429,0.7067307692307693,0.3392857142857143,0.018543956043956044
50-255,0.8073065902578797,0.0748567335243553,0.08775071633237823,0.3538681948424069,0.15436962750716332,0.11461318051575932,0.01862464183381089,0.02865329512893983,0.009670487106017192,0.9186962750716332,0.02363896848137536,0.0007163323782234957,0.981169474727453,0.9930624380574826,0.9970267591674926,0.13577799801783944,0.43349753694581283,0.7339901477832512,0.6660098522167488,0.367487684729064,0.027586206896551724
50-256,0.813368630046327,0.06121773659827928,0.07445400397088021,0.3269358041032429,0.13302448709463932,0.13269358041032428,0.02514890800794176,0.01588352084712111,0.006949040370615486,0.9268696227663799,0.02514890800794176,0.0,0.9601518026565465,0.9971537001897534,0.9971537001897534,0.18216318785578747,0.32355723746452225,0.7398297067171239,0.5988647114474929,0.29422894985808895,0.041627246925260174
50-257,0.8732050934706042,0.03928474668111623,0.04524519100514766,0.41045787049580057,0.16472500677323218,0.09943104849634246,0.013004605797886752,0.007044161473855324,0.002438363587103766,0.9615280411812517,0.015984827959902467,0.0,0.9868995633187773,0.9985443959243085,0.9978165938864629,0.09024745269286755,0.5530523255813954,0.8364825581395349,0.7151162790697675,0.38880813953488375,0.021075581395348836
50-258,0.868637905962191,0.03926320891904993,0.034658264663111976,0.42389723703344645,0.17595734367426077,0.08337372758119244,0.005574406204556471,0.018904507998061076,0.006301502666020358,0.9292292777508483,0.03999030538051381,0.0,0.9761751448808758,0.9909851899549259,0.9980682549903412,0.03541532517707663,0.5089743589743589,0.8512820512820513,0.7506410256410256,0.4128205128205128,0.01282051282051282
50-259,0.8414694280078896,0.052021696252465485,0.03747534516765286,0.40187376725838264,0.13954635108481261,0.09911242603550297,0.0029585798816568047,0.022682445759368838,0.0036982248520710057,0.9506903353057199,0.01898422090729783,0.0009861932938856016,0.9833910034602076,0.9916955017301038,0.995847750865052,0.047058823529411764,0.4892881824464409,0.866620594333103,0.736696613683483,0.36074637180373187,0.015894955079474776
50-260,0.8467691012418438,0.060618817091138706,0.04820037886760682,0.3809724268575037,0.16901704904230688,0.1389181225005262,0.013049884234897917,0.02673121448116186,0.004630604083350874,0.9296990107345822,0.025889286466007157,0.0,0.9720457433290979,0.9968233799237611,0.9993646759847522,0.10292249047013977,0.5424050632911392,0.8145569620253165,0.6879746835443038,0.38734177215189874,0.022151898734177215
50-261,0.7582049564634963,0.09756642107613306,0.04554588077695914,0.24804643893726278,0.07702612190221031,0.17749497655726726,0.029694128153605715,0.05916499218575575,0.01294931904442956,0.8881446751507033,0.009600357222594329,0.00044652824291136416,0.9609544468546638,0.9949385394070861,0.9942154736080984,0.14822848879248013,0.5502873563218391,0.7140804597701149,0.5632183908045977,0.27227011494252873,0.05387931034482758
50-262,0.7963980463980463,0.06868131868131869,0.03418803418803419,0.2619047619047619,0.09462759462759462,0.17216117216117216,0.038461538461538464,0.028083028083028084,0.0057997557997558,0.9151404151404151,0.012515262515262516,0.0,0.9760536398467433,0.9990421455938697,0.9942528735632183,0.10153256704980843,0.48295454545454547,0.7528409090909091,0.5946969696969697,0.2604166666666667,0.035037878787878785
50-263,0.8366219415943172,0.05288082083662194,0.051039200210470925,0.34832938700342014,0.13917390160484083,0.13312286240463037,0.011312812417784793,0.024730334122599316,0.0055248618784530384,0.9410681399631676,0.017363851617995266,0.0,0.9604838709677419,0.9959677419354839,1.0,0.07258064516129033,0.5156124899919936,0.8150520416333067,0.6813450760608487,0.3867093674939952,0.018414731785428344
50-264,0.8619886930495511,0.04888593282341204,0.03325573661456601,0.36913867642168274,0.15530428999002327,0.13568340538742932,0.03824409710675091,0.019953441968739608,0.004988360492184902,0.9211839042234785,0.015630196208846026,0.0,0.9927159209157128,0.9906347554630593,0.9958376690946931,0.07492195629552549,0.5954592363261094,0.846233230134159,0.7265221878224974,0.44685242518059853,0.023735810113519093
50-265,0.8145528044466902,0.06467913087417888,0.03890853966649823,0.37468418393127845,0.16195048004042445,0.1609398686205154,0.023749368367862556,0.015664477008590198,0.010611419909044972,0.9350682162708439,0.014653865588681153,0.00025265285497726126,0.9735537190082645,0.9760330578512396,0.9983471074380166,0.0628099173553719,0.5651105651105651,0.7772317772317773,0.6838656838656839,0.43243243243243246,0.029484029484029485
50-266,0.8848405985686402,0.033615267837779225,0.03556712209932769,0.4786380394708306,0.24831923660811103,0.08956842333550206,0.011494252873563218,0.016916070266753416,0.005421817393190197,0.9416612448492735,0.024289741921492084,0.00021687269572760788,0.9544554455445544,0.9907590759075907,0.9986798679867986,0.07128712871287128,0.6510554089709762,0.8865435356200527,0.8397097625329816,0.6352242744063324,0.013852242744063324
50-267,0.8326592517694641,0.06243680485338726,0.05611729019211325,0.3344287158746208,0.14206268958543983,0.14812942366026288,0.015166835187057633,0.018958543983822043,0.006572295247724975,0.9380687563195147,0.019716885743174924,0.0015166835187057635,0.9436060365369341,0.9729944400317713,0.9968228752978554,0.11199364575059571,0.5777426992896606,0.7892659826361483,0.6614048934490924,0.39857932123125495,0.028413575374901343
50-268,0.8181441590720795,0.07290803645401822,0.045981772990886495,0.3612261806130903,0.14208782104391052,0.1255178127589064,0.015327257663628831,0.023612261806130904,0.005385252692626346,0.9461474730737366,0.009527754763877383,0.0,0.986284289276808,0.9937655860349127,1.0,0.11221945137157108,0.5740971357409713,0.7907845579078456,0.6699875466998755,0.36612702366127026,0.024906600249066
50-269,0.7921699291961682,0.08746355685131195,0.06747188671386922,0.27988338192419826,0.12453144523115368,0.16451478550603915,0.019575177009579343,0.023740108288213244,0.005414410662224073,0.9325281132861308,0.018325697625989172,0.00041649312786339027,0.9907407407407407,0.966931216931217,0.9986772486772487,0.15476190476190477,0.5641361256544503,0.7604712041884817,0.5955497382198953,0.3180628272251309,0.03534031413612566
50-270,0.7899255867200916,0.0746994848311391,0.04293073840870063,0.2658843732112192,0.07412707498568975,0.1837435603892387,0.04751001717229536,0.026044647967945048,0.008586147681740127,0.9012593016599886,0.01631368059530624,0.00028620492272467084,0.9725526075022873,0.9945105215004575,0.9990850869167429,0.10247026532479414,0.553133514986376,0.7593097184377838,0.5940054495912807,0.2742960944595822,0.04178019981834696
50-271,0.7397721387881927,0.09192128430864836,0.041170378042465046,0.21957534955981356,0.05981356809943035,0.1765924391506991,0.04091144484722942,0.014500258933195235,0.0075090626618332474,0.9321595028482651,0.004919730709476955,0.0,0.9697732997481109,0.9899244332493703,0.9966414777497901,0.15869017632241814,0.5217391304347826,0.7115384615384616,0.5234113712374582,0.29180602006688966,0.046822742474916385
50-272,0.7395264116575592,0.10336976320582877,0.0610200364298725,0.22814207650273224,0.07969034608378871,0.20081967213114754,0.009562841530054645,0.031420765027322405,0.007741347905282332,0.9408014571948998,0.010473588342440802,0.0,0.9413489736070382,0.9970674486803519,0.9956011730205279,0.1744868035190616,0.5311143270622286,0.7004341534008683,0.5397973950795948,0.3183791606367583,0.07670043415340087
50-273,0.73989898989899,0.09797979797979799,0.06515151515151515,0.2808080808080808,0.11868686868686869,0.18838383838383838,0.013131313131313131,0.03787878787878788,0.005050505050505051,0.9212121212121213,0.022727272727272728,0.0,0.9559055118110236,0.9968503937007874,0.9984251968503937,0.1889763779527559,0.47104851330203446,0.651017214397496,0.543035993740219,0.24569640062597808,0.0406885758998435
50-274,0.8133333333333334,0.07575757575757576,0.056666666666666664,0.3196969696969697,0.12484848484848485,0.13393939393939394,0.022727272727272728,0.029393939393939392,0.008787878787878787,0.9118181818181819,0.02303030303030303,0.004242424242424243,0.9594959495949595,0.9954995499549955,0.9981998199819982,0.13141314131413143,0.46816143497757845,0.7677130044843049,0.6017937219730942,0.3183856502242152,0.04125560538116592
50-275,0.7860528097494922,0.07210561949898443,0.041638456330399455,0.3344617467840217,0.14658090724441436,0.12389979688557888,0.010155721056194989,0.009478672985781991,0.003723764387271496,0.9664861205145565,0.010155721056194989,0.0,0.9890219560878244,0.9940119760479041,1.0,0.1467065868263473,0.4311199207135778,0.7869177403369673,0.6422200198216056,0.33597621407333994,0.035678889990089196
50-276,0.7697820244849208,0.06688563750373246,0.0531501940877874,0.3144222155867423,0.11854284861152582,0.12630636010749477,0.017318602567930726,0.02388772767990445,0.0074649148999701405,0.9286354135562854,0.022394744699910422,0.00029859659599880563,0.9695652173913043,0.9921739130434782,0.9947826086956522,0.13478260869565217,0.41304347826086957,0.7547826086956522,0.5991304347826087,0.2573913043478261,0.030434782608695653
50-277,0.8268551236749117,0.04786379698040476,0.051397365884998394,0.3745583038869258,0.1455187921619017,0.12399614519755862,0.021522646964343077,0.0224863475746868,0.013491808544812078,0.9055573401863154,0.0353356890459364,0.0016061676839061998,0.9868173258003766,0.9896421845574388,0.9981167608286252,0.09981167608286252,0.3666978484565014,0.7839101964452759,0.637043966323667,0.3274087932647334,0.04396632366697849
50-278,0.8686603354212973,0.042230753687613656,0.03778541119418064,0.46332592442917764,0.1905435441503334,0.09517074156395232,0.011113356233582542,0.023641139624166498,0.00929480703172358,0.9218023843200647,0.03414831279046272,0.0,0.9805471124620061,0.9927051671732523,0.9993920972644377,0.057750759878419454,0.4800483675937122,0.8669891172914147,0.7484885126964933,0.5096735187424426,0.012696493349455865
50-279,0.8487373737373738,0.0601010101010101,0.05378787878787879,0.45505050505050504,0.18005050505050504,0.1042929292929293,0.012121212121212121,0.019696969696969695,0.006060606060606061,0.9386363636363636,0.023484848484848483,0.0,0.9312920089619119,0.9970126960418223,0.9992531740104555,0.13293502613890965,0.5107169253510717,0.8462675535846268,0.7435328898743533,0.42276422764227645,0.018477457501847747
50-280,0.8410893707033316,0.0597567424643046,0.054732945531464836,0.43469063987308304,0.16525647805393973,0.10708619777895294,0.012427287149656267,0.010576414595452142,0.006610259122157589,0.9460602855631941,0.023532522474881017,0.0007932310946589106,0.9727740986019132,0.9985283296541575,0.9985283296541575,0.07137601177336277,0.5448529411764705,0.8308823529411765,0.7360294117647059,0.4139705882352941,0.008088235294117648
50-281,0.7895838785658205,0.09055221146296781,0.051818895577074066,0.3085579691180319,0.1266684114106255,0.14682020413504318,0.0329756608217744,0.03716304632295211,0.006804501439413766,0.9094477885370322,0.013609002878827532,0.0,0.9728395061728395,0.9950617283950617,0.9983539094650206,0.13004115226337448,0.49229521492295214,0.7712895377128953,0.624493106244931,0.33252230332522303,0.0332522303325223
50-282,0.787012987012987,0.089728453364817,0.051475796930342384,0.2807556080283353,0.09539551357733175,0.16883116883116883,0.03423848878394333,0.026446280991735537,0.0037780401416765055,0.9208972845336482,0.014639905548996458,0.0,0.9593246354566385,0.9992325402916347,0.9992325402916347,0.15272448196469685,0.46848899012908124,0.7425968109339408,0.5694760820045558,0.2604403948367502,0.03492786636294609
50-283,0.7843137254901961,0.07311399135925557,0.036556995679627786,0.2369557992688601,0.07942838152210037,0.18112329677633765,0.023928215353938187,0.01296111665004985,0.0019940179461615153,0.9521435692921236,0.00897308075772682,0.0,0.9758771929824561,0.9857456140350878,0.9945175438596491,0.13925438596491227,0.5300546448087432,0.746448087431694,0.6153005464480874,0.2863387978142076,0.060109289617486336
50-284,0.7141649048625793,0.0985200845665962,0.0427061310782241,0.16321353065539113,0.04312896405919662,0.22029598308668077,0.028329809725158563,0.008033826638477801,0.0012684989429175475,0.9572938689217759,0.00507399577167019,0.0,0.9197183098591549,0.8901408450704226,0.9901408450704225,0.2619718309859155,0.5293296089385475,0.6717877094972067,0.46787709497206703,0.23044692737430167,0.04748603351955307
50-285,0.7290836653386454,0.10590969455511288,0.04083665338645418,0.2058432934926959,0.07802124833997344,0.2104913678618858,0.026892430278884463,0.021912350597609563,0.00298804780876494,0.9369189907038512,0.011288180610889775,0.0,0.9133409350057012,0.9885974914481186,1.0,0.1379703534777651,0.5292134831460674,0.7314606741573034,0.549438202247191,0.27415730337078653,0.043820224719101124
50-286,0.7855018587360595,0.08029739776951673,0.04721189591078067,0.3026022304832714,0.12639405204460966,0.1828996282527881,0.012267657992565056,0.01449814126394052,0.007434944237918215,0.9390334572490706,0.026022304832713755,0.0007434944237918215,0.9697674418604652,0.9930232558139535,0.9953488372093023,0.09767441860465116,0.4792147806004619,0.7655889145496536,0.6293302540415704,0.3371824480369515,0.016166281755196306
50-287,0.8445890968266884,0.048413344182262,0.02888527257933279,0.41537835638730675,0.1741253051261188,0.10537021969080554,0.021969080553295363,0.014646053702196907,0.011798209926769731,0.9222945484133441,0.029292107404393815,0.0,0.976218787158145,0.9976218787158145,1.0,0.04994054696789536,0.45195729537366547,0.833926453143535,0.708185053380783,0.4211150652431791,0.014234875444839857
50-288,0.7860366339262013,0.07539155826917972,0.04194319086806477,0.3427130342447571,0.1306079108043536,0.14043005043801435,0.014335014600477834,0.018582426333952747,0.006902044066896735,0.9283249269976108,0.031855588001061856,0.0,0.9622331691297209,0.9926108374384236,1.0,0.12889983579638753,0.4832925835370823,0.7644661776691116,0.6430317848410758,0.3243683781581092,0.027709861450692746
50-289,0.8620055197792088,0.046304814474087706,0.06470407850352652,0.3903710518245937,0.16344679546151486,0.11131554737810488,0.024532352039251762,0.018092609628948174,0.004293161606869059,0.9264029438822448,0.026065624041705,0.0006133088009812941,0.9775280898876404,0.9956784788245462,0.9982713915298185,0.08729472774416594,0.4223175965665236,0.8188841201716738,0.672961373390558,0.3424892703862661,0.014592274678111588
50-290,0.8597614198428862,0.05091649694501019,0.05382601105615362,0.42653476869362816,0.18388129182426535,0.09426825720104742,0.010183299389002037,0.01803898748908932,0.008437590922315974,0.917951702065755,0.04538842013383765,0.0,0.9453781512605042,0.9941176470588236,0.9991596638655462,0.06890756302521009,0.5560200668896321,0.8419732441471572,0.7249163879598662,0.407190635451505,0.011705685618729096
50-291,0.8507692307692307,0.057692307692307696,0.034102564102564105,0.4,0.15307692307692308,0.10692307692307693,0.005384615384615384,0.015128205128205128,0.005128205128205128,0.946923076923077,0.027435897435897437,0.0,0.9871794871794872,0.995475113122172,0.9969834087481146,0.10407239819004525,0.532258064516129,0.8460410557184751,0.7316715542521994,0.32111436950146627,0.008064516129032258
50-292,0.8760582458516762,0.05045716220792414,0.0555367422959702,0.3938367761598375,0.1933626820182865,0.09041652556721978,0.0033863867253640365,0.013206908228919742,0.0033863867253640365,0.952251947172367,0.0277683711479851,0.0,0.983991462113127,0.9978655282817502,0.9989327641408752,0.11739594450373532,0.5835095137420718,0.8731501057082452,0.7526427061310782,0.35412262156448204,0.010570824524312896
50-293,0.8191452991452991,0.09811965811965812,0.07452991452991453,0.3524786324786325,0.14358974358974358,0.09846153846153846,0.004786324786324786,0.007863247863247864,0.003418803418803419,0.9620512820512821,0.020854700854700856,0.0010256410256410256,0.9572836801752465,1.0,1.0,0.2508214676889376,0.5986984815618221,0.8438177874186551,0.720173535791757,0.2982646420824295,0.013015184381778741
50-294,0.778747433264887,0.0811088295687885,0.039014373716632446,0.3334188911704312,0.13809034907597537,0.13116016427104724,0.014887063655030801,0.025410677618069814,0.017197125256673513,0.9219712525667351,0.02053388090349076,0.0,0.9488372093023256,0.993798449612403,0.9968992248062015,0.06976744186046512,0.49075500770416025,0.802773497688752,0.6764252696456087,0.36363636363636365,0.032357473035439135
50-295,0.8366350067842605,0.05780189959294437,0.0350067842605156,0.35956580732700133,0.1451831750339213,0.12564450474898237,0.0067842605156037995,0.026865671641791045,0.014111261872455903,0.9226594301221167,0.029579375848032566,0.0,0.9742558326629123,0.9943684633950121,0.998390989541432,0.08930008045052293,0.44899598393574297,0.7831325301204819,0.6746987951807228,0.327710843373494,0.024899598393574297
50-296,0.768,0.08738461538461538,0.052307692307692305,0.30153846153846153,0.108,0.1326153846153846,0.015076923076923076,0.018153846153846152,0.007076923076923077,0.9396923076923077,0.02,0.0,0.9382239382239382,0.9913127413127413,0.997104247104247,0.15057915057915058,0.43365384615384617,0.7490384615384615,0.6278846153846154,0.28557692307692306,0.06057692307692308
50-297,0.8030634573304157,0.07357768052516411,0.05826039387308534,0.2850109409190372,0.10640043763676149,0.13566739606126915,0.03282275711159737,0.028719912472647702,0.00738512035010941,0.9108315098468271,0.02024070021881838,0.0,0.9362582781456954,0.9983443708609272,0.9966887417218543,0.13327814569536423,0.41356492969396197,0.7377998345740281,0.5789909015715468,0.28866832092638545,0.04714640198511166
50-298,0.7829172785119922,0.0763582966226138,0.052618697993147334,0.30641213901125797,0.11184532550171317,0.1262848751835536,0.024229074889867842,0.027655408712677434,0.008321096426823299,0.9074889867841409,0.0315712187958884,0.0007342143906020558,0.953184957789716,0.9953952417498081,0.9984650805832693,0.11895625479662318,0.44104134762633995,0.7725880551301685,0.6263399693721287,0.28560490045941805,0.03905053598774885
50-299,0.7413690476190476,0.10386904761904762,0.044642857142857144,0.24166666666666667,0.08244047619047619,0.1806547619047619,0.022023809523809525,0.05654761904761905,0.006845238095238095,0.8875,0.026785714285714284,0.00029761904761904765,0.9438822447102115,0.9926402943882244,0.9990800367985281,0.20515179392824287,0.3680365296803653,0.6968036529680365,0.5415525114155251,0.25205479452054796,0.07214611872146119
50-300,0.7007705479452054,0.11558219178082192,0.054366438356164386,0.1857876712328767,0.05950342465753425,0.19991438356164384,0.02696917808219178,0.03638698630136986,0.003424657534246575,0.925513698630137,0.007277397260273972,0.0004280821917808219,0.9280958721704394,0.9906790945406125,1.0,0.23834886817576564,0.42686170212765956,0.6343085106382979,0.46143617021276595,0.24069148936170212,0.08776595744680851
50-301,0.6780415430267063,0.1132542037586548,0.04549950544015826,0.20029673590504452,0.057368941641938676,0.19980217606330367,0.024727992087042534,0.017804154302670624,0.0019782393669634025,0.9465875370919882,0.006429277942631058,0.002472799208704253,0.9374021909233177,0.9921752738654147,0.9937402190923318,0.1752738654147105,0.5388198757763976,0.6211180124223602,0.4968944099378882,0.2453416149068323,0.05745341614906832
50-302,0.6839326954800395,0.13559881227317716,0.06367535466842626,0.1933355328274497,0.05146816232266579,0.19762454635433852,0.020785219399538105,0.024744308808973936,0.003299241174529858,0.9478719894424282,0.0029693170570768723,0.0003299241174529858,0.9406593406593406,0.9945054945054945,0.9967032967032967,0.22417582417582418,0.5453551912568306,0.6797814207650273,0.4721311475409836,0.24153005464480876,0.060109289617486336
50-303,0.7171102661596959,0.11685678073510773,0.05551330798479087,0.23067173637515842,0.07122940430925222,0.19670468948035488,0.03827629911280101,0.014448669201520912,0.0025348542458808617,0.9351077313054499,0.009632446134347276,0.0,0.955810147299509,0.9950900163666121,0.9991816693944353,0.16448445171849427,0.5460472697636511,0.6984515077424613,0.5476772616136919,0.2722086389568052,0.06193969030154849
50-304,0.6814779038879498,0.12653948321661435,0.05167833856556387,0.2146824438541415,0.06133784110118329,0.17870079690895918,0.016662641873943493,0.037430572325525234,0.0031393383240763103,0.9372132335184739,0.005554213957981164,0.0,0.9568,0.9912,0.9976,0.1816,0.5936254980079682,0.69800796812749,0.5195219123505976,0.250996015936255,0.06374501992031872
50-305,0.7328678562192914,0.10395655546935609,0.052495474528057924,0.22446340832686837,0.069562968709594,0.1704163434186708,0.0408585466770106,0.023532454098784586,0.004137574347039048,0.9208688906128782,0.008792345487457979,0.0018101887768295836,0.9683698296836983,0.9951338199513382,0.9983779399837794,0.18572587185725872,0.5379644588045234,0.6938610662358643,0.5306946688206785,0.2520193861066236,0.051696284329563816
50-306,0.7715302491103203,0.07793594306049823,0.055871886120996445,0.25836298932384344,0.08861209964412811,0.1697508896797153,0.022419928825622777,0.013167259786476869,0.0035587188612099642,0.9459074733096086,0.01494661921708185,0.0,0.9603729603729604,0.9906759906759907,0.9976689976689976,0.1386946386946387,0.5476744186046512,0.7534883720930232,0.5813953488372093,0.3081395348837209,0.05581395348837209
50-307,0.8426717315606205,0.045584045584045586,0.04241848686293131,0.39949351060462174,0.1737891737891738,0.11585944919278253,0.01361190250079139,0.02025957581513137,0.007597340930674264,0.9427033871478316,0.015511237733459955,0.00031655587211142766,0.9676153091265947,0.9921491658488715,0.9980372914622179,0.09126594700686948,0.5292397660818714,0.8011695906432749,0.7017543859649122,0.41228070175438597,0.018518518518518517
50-308,0.8200366804218249,0.06854653828519028,0.05639614855570839,0.35213204951856947,0.1474094452086199,0.11416781292984869,0.017652453003209535,0.016047684548372305,0.004585052728106373,0.948188904172398,0.013296652911508482,0.00022925263640531865,0.9523121387283237,0.9927745664739884,0.9992774566473989,0.10332369942196531,0.49604031677465804,0.8020158387329014,0.687544996400288,0.42044636429085674,0.02663786897048236
50-309,0.7759224346889307,0.09210880689469432,0.07164018314031781,0.30514408833827095,0.1004578507945058,0.13573929437112847,0.011311607864260706,0.0290869916509561,0.007271747912739025,0.9342849447885807,0.015890115809318612,0.0021545919741448962,0.9571428571428572,0.9944444444444445,0.9984126984126984,0.12936507936507938,0.56215360253365,0.7878068091844814,0.6033254156769596,0.2684085510688836,0.02929532858273951
50-310,0.8126729385722191,0.0957387935805202,0.045932484781405644,0.3151632540121749,0.12119535141117875,0.10929717764250138,0.011898173768677366,0.02158273381294964,0.002767017155506364,0.9429994465965689,0.02075262866629773,0.0,0.9901800327332242,0.9934533551554828,0.997545008183306,0.19476268412438624,0.5404323458767014,0.7854283426741393,0.6421136909527622,0.2602081665332266,0.02401921537229784
50-311,0.8417502594258042,0.0524040124524386,0.05292286406087859,0.37167070217917675,0.16966447595987547,0.12141127637495676,0.007436873054306468,0.023175371843652714,0.007436873054306468,0.9408509166378416,0.02023521272915946,0.0008647526807333103,0.9713527851458886,0.996816976127321,0.9994694960212201,0.06843501326259947,0.464529689963216,0.8197582764056752,0.7052023121387283,0.41093011035207566,0.021544929059379925
50-312,0.8722294654498044,0.033246414602346806,0.037157757496740544,0.35691003911342895,0.15058670143415906,0.11929595827900913,0.006844850065189048,0.03780964797913951,0.005867014341590613,0.9139504563233377,0.03552803129074315,0.0,0.9818763326226013,0.9957356076759062,1.0,0.021321961620469083,0.4947033898305085,0.8760593220338984,0.7351694915254238,0.4036016949152542,0.00847457627118644
50-313,0.847247990105133,0.04700061842918986,0.04112554112554113,0.37445887445887444,0.15429808286951144,0.09245516388373531,0.011750154607297465,0.030612244897959183,0.010513296227581941,0.9304267161410018,0.016697588126159554,0.0,0.9788213627992634,0.9990791896869244,1.0,0.05064456721915286,0.5169258920402562,0.8600182982616651,0.7392497712717292,0.34492223238792313,0.011893870082342177
50-314,0.8294243070362474,0.05638474295190713,0.048566690357735136,0.35939350864724,0.14854299928926795,0.12248282397536128,0.02179578298981284,0.025823264629234777,0.007107320540156361,0.9158967069414831,0.02937692489931296,0.0,0.9837914023960536,0.9971811134601832,0.9985905567300916,0.0817477096546864,0.4301754385964912,0.8189473684210526,0.6568421052631579,0.34175438596491226,0.011228070175438596
50-315,0.7272727272727273,0.09296740994854202,0.03910806174957118,0.25008576329331045,0.08542024013722127,0.15128644939965694,0.01646655231560892,0.036706689536878216,0.008576329331046312,0.9135506003430531,0.024699828473413378,0.0,0.9638802889576883,0.9927760577915377,0.9896800825593395,0.14860681114551083,0.3728115345005149,0.721936148300721,0.5025746652935118,0.19258496395468588,0.04737384140061792
50-316,0.8463521526166538,0.04331013147718484,0.03222480020623872,0.3150296468161897,0.1263212168084558,0.15184325857179687,0.015725702500644496,0.02345965455014179,0.0041247744263985565,0.9321990203660737,0.02423304975509152,0.0002577984016499098,0.9898904802021904,0.9949452401010952,0.9991575400168492,0.030328559393428812,0.5406538139145013,0.8767812238055323,0.7015926236378877,0.44174350377200333,0.013411567476948869
50-317,0.8261222282314765,0.04326663061114116,0.02785289345592212,0.3829096809085992,0.16143861546782046,0.1241211465657112,0.004326663061114116,0.019469983775013522,0.004597079502433748,0.9515954570037858,0.017847485127095726,0.002163331530557058,0.9838983050847457,0.9949152542372881,0.997457627118644,0.038135593220338986,0.4470787468247248,0.8687552921253175,0.7332768839966131,0.4157493649449619,0.014394580863674851
50-318,0.8555435175153485,0.04008667388949079,0.05742145178764897,0.3477789815817985,0.14626218851570963,0.11592632719393282,0.016612495485734922,0.03286384976525822,0.005417118093174431,0.92018779342723,0.024918743228602384,0.0,0.985838779956427,0.9967320261437909,1.0,0.029411764705882353,0.45266594124047876,0.8520130576713819,0.7257889009793254,0.3895538628944505,0.015233949945593036
50-319,0.8623408126137053,0.04002425712553062,0.03244390539721043,0.3314129775621589,0.13068526379624015,0.11461491813220133,0.014554275318374773,0.02152819890842935,0.004548211036992117,0.9408732565191025,0.018496058217101274,0.0,0.9950835791543756,0.9980334316617503,0.9980334316617503,0.03146509341199607,0.5004878048780488,0.8653658536585366,0.7346341463414634,0.3648780487804878,0.015609756097560976
50-320,0.8695911668158759,0.03909280811698001,0.0817666368248284,0.3255744553864518,0.13219934347955833,0.1396598030438675,0.019098776484631454,0.027454491196657715,0.0017905102954341987,0.9352432109817965,0.01521933751119069,0.001193673530289466,0.9922480620155039,0.9951550387596899,1.0,0.018410852713178296,0.45603864734299515,0.8685990338164251,0.7256038647342995,0.37681159420289856,0.024154589371980676
50-321,0.8034731046166879,0.07666243117323168,0.0385429902583651,0.3240152477763659,0.11351122405760271,0.1376535366370182,0.004659042778483694,0.03600169419737399,0.005506141465480729,0.9207962727657772,0.03303684879288437,0.0,0.9808917197452229,0.9961783439490446,0.9987261146496815,0.12229299363057325,0.4955640050697085,0.7972116603295311,0.6032953105196451,0.26108998732572875,0.025348542458808618
50-322,0.7833744276153575,0.0961606199365974,0.042268404367735116,0.23423740753786546,0.07678760126805213,0.18140190207819654,0.02606551602676999,0.03170130327580134,0.006692497358224727,0.9144064811553364,0.021134202183867558,0.0,0.9833926453143536,1.0,0.9988137603795967,0.06524317912218268,0.6690307328605201,0.793144208037825,0.5933806146572104,0.23995271867612294,0.031914893617021274
50-323,0.7940473604171193,0.07842711275255268,0.07212687377797089,0.2750380186834673,0.09428633499891376,0.1403432543993048,0.00977623289159244,0.01998696502281121,0.005865739734955464,0.940908103410819,0.022593960460569194,0.0008689984792526613,0.985665529010239,0.9965870307167235,0.9993174061433447,0.13993174061433447,0.5331978319783198,0.806910569105691,0.6314363143631436,0.2872628726287263,0.03048780487804878
50-324,0.8476190476190476,0.06133333333333333,0.053714285714285714,0.25676190476190475,0.0838095238095238,0.16342857142857142,0.017523809523809525,0.018666666666666668,0.006095238095238095,0.9504761904761905,0.007238095238095238,0.0,0.9770408163265306,0.9948979591836735,0.9974489795918368,0.07525510204081633,0.5095298602287166,0.8170266836086404,0.6289707750952986,0.301143583227446,0.021601016518424398
50-325,0.8145713503149822,0.06984387838948233,0.04820597096685839,0.24185154752122706,0.08408655162969049,0.1673514105724459,0.02218570254724733,0.019446726924130374,0.0021911804984935633,0.9446726924130375,0.011503697617091208,0.0,0.9774571686203787,0.9927862939585211,0.9981965734896303,0.0739404869251578,0.5504504504504505,0.8036036036036036,0.6063063063063063,0.2648648648648649,0.03513513513513514
50-326,0.7839289403015905,0.0712662673001446,0.04916339599256352,0.2898161536872547,0.10121875645527784,0.15678578806031812,0.026234249122082214,0.02644081801280727,0.004337946705226193,0.9239826482131791,0.018178062383805,0.0008262755629002272,0.960731211916046,0.991875423155044,0.999322951929587,0.07447528774542993,0.4482758620689655,0.7484787018255578,0.6240703177822853,0.299526707234618,0.03718728870858688
50-327,0.7922338763668824,0.06717250613702298,0.049765677304173174,0.3151082347690248,0.11359071635795581,0.15353715688462397,0.01316670386074537,0.020084802499442087,0.010265565721937068,0.9384066056683776,0.017629993305065834,0.0004463289444320464,0.9808743169398907,0.9924863387978142,0.9993169398907104,0.07855191256830601,0.4237743451981195,0.7938213566151779,0.6413700470114171,0.3794492948287441,0.02552048354600403
50-328,0.8381406436233612,0.04123957091775924,0.0567342073897497,0.3387365911799762,0.133015494636472,0.09272943980929678,0.013825983313468414,0.015733015494636474,0.0054827175208581646,0.9523241954707986,0.01263408820023838,0.0,0.9895031490552834,0.9958012596221134,0.9972008397480756,0.02239328201539538,0.5555555555555556,0.8532494758909853,0.7092941998602376,0.3109713487071978,0.009084556254367574
50-329,0.8551850159890361,0.054362722704431245,0.04499771585198721,0.3435358611238008,0.14435815440840566,0.09547738693467336,0.005710370031978072,0.016217450890817726,0.0045682960255824575,0.9522613065326633,0.019186843307446324,0.002055733211512106,0.9862258953168044,0.9993112947658402,0.9993112947658402,0.022727272727272728,0.5030800821355236,0.8521560574948666,0.6933607118412046,0.3182751540041068,0.01163586584531143
50-330,0.8662435928728338,0.03587991213082743,0.05345374664388577,0.33024164022455454,0.12204051745179399,0.11008054674151818,0.011471808640468635,0.013912618989504515,0.00951916036123993,0.9387356602391994,0.026360751769587503,0.0,0.9948642699926632,0.9955979457079971,0.9977989728539985,0.030814380044020543,0.5182748538011696,0.8874269005847953,0.7251461988304093,0.27850877192982454,0.021198830409356724
50-331,0.8176189135941458,0.061638052350126656,0.03630734590486912,0.3557556994089502,0.1443850267379679,0.11370672670982268,0.006191950464396285,0.015198423867154517,0.008162116521249648,0.9499014916971573,0.01942020827469744,0.001125809175344779,0.9827444535743632,0.9983566146261298,0.9983566146261298,0.06409202958093672,0.4946938775510204,0.8187755102040817,0.6930612244897959,0.31673469387755104,0.013877551020408163
50-332,0.8763462305544475,0.033506182688472275,0.035500598324690866,0.37295572397287596,0.1451934583167132,0.11527722377343438,0.017550857598723574,0.014758675708017551,0.0023932987634623054,0.9421619465496609,0.023135221380135622,0.0,0.9827586206896551,0.9977011494252873,0.9988505747126437,0.05057471264367816,0.4298850574712644,0.8436781609195402,0.674712643678161,0.39655172413793105,0.010344827586206896
50-333,0.8651968503937008,0.03779527559055118,0.04755905511811023,0.38551181102362203,0.16692913385826771,0.11086614173228347,0.013858267716535434,0.02204724409448819,0.011653543307086614,0.933228346456693,0.012283464566929133,0.006929133858267717,0.9931170108161259,0.9950835791543756,0.9960668633235005,0.03048180924287119,0.5053868756121449,0.8364348677766895,0.7414299706170421,0.4515181194906954,0.019588638589618023
50-334,0.7891402714932126,0.07828054298642534,0.05701357466063348,0.2828054298642534,0.10452488687782806,0.16289592760180996,0.01085972850678733,0.013122171945701358,0.004524886877828055,0.9656108597285068,0.004524886877828055,0.0013574660633484162,0.9747899159663865,0.9901960784313726,0.9929971988795518,0.08123249299719888,0.5674547983310153,0.7426981919332406,0.6216968011126565,0.3518776077885953,0.031988873435326845
50-335,0.7841596130592503,0.08464328899637243,0.06378476420798065,0.2227932285368803,0.07920193470374849,0.1907496977025393,0.025695284159613058,0.0190447400241838,0.004534461910519952,0.939540507859734,0.011185006045949214,0.0,0.964,0.982,0.997,0.15,0.5966303270564915,0.6897918731417245,0.5807730426164519,0.2893954410307235,0.04162537165510406
50-336,0.6246023329798516,0.14457405443619653,0.05160834217037823,0.1424531636620714,0.028985507246376812,0.22799575821845175,0.05973842347119123,0.014139271827500884,0.005655708731000354,0.9151643690349947,0.00494874513962531,0.0003534817956875221,0.9122596153846154,0.9627403846153846,0.984375,0.234375,0.5758661887694145,0.6451612903225806,0.4002389486260454,0.1959378733572282,0.07646356033452807
50-337,0.6566463128229215,0.13245655237200563,0.05354626585251292,0.22029121653358386,0.07139502113668389,0.1827148896195397,0.05636449037106623,0.025364020666979802,0.008454673555659934,0.8971348050728042,0.012212306247064349,0.0004697040864255519,0.937888198757764,0.9580745341614907,0.9720496894409938,0.17080745341614906,0.4854961832061069,0.6778625954198473,0.48091603053435117,0.24427480916030533,0.051908396946564885
50-338,0.7270747640938785,0.1067021533994677,0.06653762400193564,0.24074522138882168,0.08589402371158965,0.1812242922816356,0.027098959593515607,0.019356399709654006,0.011129929833051052,0.9281393660779095,0.014275344785869828,0.0,0.9763593380614657,0.9905437352245863,0.9881796690307328,0.09929078014184398,0.49843260188087773,0.7210031347962382,0.5862068965517241,0.25391849529780564,0.041536050156739814
50-339,0.828060522696011,0.05261348005502063,0.039889958734525444,0.2826685006877579,0.09938101788170564,0.1657496561210454,0.009628610729023384,0.015474552957359009,0.01031636863823934,0.9546079779917469,0.009972489683631361,0.0,0.9935344827586207,0.9989224137931034,0.9989224137931034,0.10129310344827586,0.47046186895810954,0.7099892588614393,0.602577873254565,0.3619763694951665,0.02900107411385607
50-340,0.7846258042668472,0.08703013884185574,0.05350491026075178,0.2610904165255672,0.09651202167287504,0.1754148323738571,0.02201151371486624,0.017947849644429394,0.008804605485946495,0.9336268201828649,0.01760921097189299,0.0,0.9836779107725789,0.9967355821545157,1.0,0.13166485310119697,0.43905070118662354,0.6957928802588996,0.5825242718446602,0.284789644012945,0.05609492988133765
50-341,0.7721884937843307,0.07111882046834345,0.05753107834634287,0.24978317432784042,0.0904885805145996,0.16652211621856028,0.09019947961838681,0.013009540329575022,0.010985834056085574,0.8727956056663776,0.01156403584851113,0.0014455044810638912,0.895852534562212,0.9870967741935484,0.9990783410138249,0.1382488479262673,0.42304147465437786,0.6866359447004609,0.543778801843318,0.3225806451612903,0.0423963133640553
50-342,0.8048888888888889,0.05355555555555556,0.03911111111111111,0.2882222222222222,0.09822222222222222,0.16133333333333333,0.1948888888888889,0.023777777777777776,0.012,0.7482222222222222,0.02022222222222222,0.0008888888888888889,0.9621472814865795,0.9924294562973159,0.9958706125258087,0.1383344803854095,0.40271186440677964,0.704406779661017,0.5213559322033898,0.2840677966101695,0.07661016949152542
50-343,0.8629876308277831,0.04471931493815414,0.05042816365366318,0.30970504281636535,0.12131303520456709,0.12155090390104663,0.011179828734538535,0.014985727878211227,0.005233111322549952,0.9564700285442436,0.012131303520456709,0.0,0.9919058130978661,0.9985283296541575,0.9992641648270787,0.029433406916850625,0.4677891654465593,0.8418740849194729,0.6822840409956076,0.30307467057101023,0.019765739385065886
50-344,0.8142739046569303,0.0705428492697713,0.06558280518049049,0.29594929732708736,0.11160099200881786,0.10471204188481675,0.0077156241388812346,0.015982364287682557,0.005235602094240838,0.9550840451915128,0.015982364287682557,0.0,0.9910204081632653,0.9991836734693877,1.0,0.04,0.5337124289195776,0.8285946385052803,0.6425670186839968,0.22745735174654752,0.01949634443541836
50-345,0.8323956868260666,0.05743084857008908,0.053445850914205346,0.3066104078762307,0.12283169245194561,0.13173933427097984,0.010782934833567745,0.019456165025785278,0.004219409282700422,0.9481950304735115,0.016877637130801686,0.00046882325363338024,0.9942279942279942,0.9978354978354979,0.9978354978354979,0.07287157287157287,0.513978494623656,0.8408602150537634,0.6530465949820788,0.2810035842293907,0.017204301075268817
50-346,0.8355535140101057,0.050528249885163065,0.04960955443270556,0.3265962333486449,0.14285714285714285,0.1267799724391364,0.003445107946715664,0.024345429490124023,0.00482315112540193,0.9414331649058337,0.02572347266881029,0.00022967386311437759,0.9887482419127989,0.9971870604781997,1.0,0.06047819971870605,0.5332400279916025,0.8327501749475158,0.6899930020993702,0.32330300909727083,0.009097270818754374
50-347,0.8246535069298614,0.05963880722385552,0.044099118017639646,0.30533389332213356,0.11339773204535909,0.1633767324653507,0.02981940361192776,0.028139437211255777,0.007559848803023939,0.9073918521629567,0.027089458210835783,0.0,0.970954356846473,0.9965421853388658,0.9979253112033195,0.11272475795297372,0.4355616815988973,0.7966919365954515,0.6416264645072364,0.33425223983459684,0.03239145416953825
50-348,0.7930499534595098,0.0816009928637915,0.04623022029165374,0.3080980452994105,0.10518150791188334,0.16692522494570275,0.04436860068259386,0.030096183679801426,0.012100527458889234,0.9013341607198262,0.012100527458889234,0.0,0.9780658025922233,0.9820538384845464,0.9990029910269193,0.05982053838484546,0.43781094527363185,0.7651741293532338,0.6059701492537314,0.3333333333333333,0.03880597014925373
50-349,0.7861842105263158,0.0756578947368421,0.07401315789473684,0.19366776315789475,0.06990131578947369,0.18955592105263158,0.046463815789473686,0.07113486842105263,0.003289473684210526,0.8708881578947368,0.008223684210526315,0.0,0.9621848739495799,0.9929971988795518,0.9915966386554622,0.12184873949579832,0.5258019525801952,0.6903765690376569,0.5062761506276151,0.20920502092050208,0.026499302649930265
50-350,0.7323726196603191,0.0903242408646423,0.0602161605764282,0.2053525476067936,0.06253216675244468,0.17961914565105508,0.08955223880597014,0.03628409675759135,0.006176016469377252,0.8584662892434379,0.009521358723623263,0.0,0.9754860524091293,0.9932375316990701,0.9932375316990701,0.12595097210481826,0.5265822784810127,0.7063291139240506,0.4928270042194093,0.2109704641350211,0.05907172995780591
50-351,0.8114486567913632,0.05950288727090133,0.029876977152899824,0.2962591011800151,0.11147376349485312,0.1606829023349234,0.075822244539292,0.01757469244288225,0.0025106703489831783,0.8937986442380116,0.010293748430831032,0.0,0.9680940386230059,0.9966414777497901,0.9991603694374476,0.10747271200671704,0.49248747913188645,0.8055091819699499,0.6419031719532554,0.3747913188647746,0.02921535893155259
50-352,0.8588970271434726,0.04330030159414046,0.04588539422662646,0.38819474364498063,0.15058164584230935,0.12279190004308488,0.01120206807410599,0.015725980180956483,0.0034467901766479965,0.9538991813873331,0.013571736320551486,0.002154243860404998,0.983016304347826,0.9972826086956522,0.9993206521739131,0.09103260869565218,0.5283783783783784,0.845945945945946,0.7439189189189189,0.4263513513513513,0.021621621621621623
50-353,0.7692307692307693,0.08968282901932191,0.04866934013853445,0.2588406853809697,0.09004739336492891,0.17316806416332484,0.05340867663142545,0.024790375501275976,0.006562158220925993,0.8935472110827561,0.02169157856361648,0.0,0.9622093023255814,0.9953488372093023,0.9982558139534884,0.1296511627906977,0.4330254041570439,0.7153579676674365,0.5375288683602771,0.29445727482678985,0.06755196304849885
50-354,0.8342760180995475,0.05165912518853695,0.04751131221719457,0.3152337858220211,0.11180241327300151,0.12839366515837103,0.02696078431372549,0.024132730015082957,0.007541478129713424,0.9206259426847662,0.020739064856711915,0.0,0.992797118847539,0.996998799519808,1.0,0.07082833133253301,0.47692307692307695,0.8266272189349112,0.6579881656804734,0.293491124260355,0.0242603550295858
50-355,0.8462234283129806,0.05676164631388512,0.05088195386702849,0.3414744459520579,0.12980551786521935,0.1184984170058797,0.012663952962460425,0.017186793306196293,0.009271822704658525,0.9369063772048847,0.02397105382180009,0.0,0.9895470383275261,0.9937282229965156,0.9979094076655052,0.050871080139372825,0.46238785369220153,0.8322981366459627,0.6880607315389924,0.32574189095928224,0.022774327122153208
50-356,0.792741165234002,0.07004138809296402,0.03597580388411334,0.2836676217765043,0.11524992040751353,0.16491563196434256,0.11620503024514486,0.021967526265520534,0.004138809296402419,0.8229863100923273,0.03374721426297358,0.0009551098376313276,0.9660852713178295,0.9883720930232558,1.0,0.05910852713178295,0.37572254335260113,0.7822736030828517,0.5886319845857418,0.3439306358381503,0.0394990366088632
50-357,0.7723794950267788,0.07498087222647284,0.04896710022953328,0.2234123947972456,0.06426931905126243,0.17482785003825554,0.03557765876052028,0.03404743687834736,0.009563886763580718,0.8951798010711554,0.025631216526396328,0.0,0.9384615384615385,0.9573964497041421,0.9976331360946745,0.14437869822485208,0.40749414519906324,0.6510538641686182,0.477751756440281,0.2259953161592506,0.03278688524590164
50-358,0.6915022150624245,0.10430930326218284,0.049134111961337094,0.21707611759967782,0.07088199758356827,0.1482078131292791,0.022150624244865084,0.031413612565445025,0.00724929520741039,0.9295207410390657,0.009665726943213854,0.0,0.989769820971867,1.0,0.9974424552429667,0.11253196930946291,0.39390088945362134,0.650571791613723,0.5400254129606099,0.22109275730622618,0.043202033036848796
50-359,0.7580914247580914,0.08008008008008008,0.043043043043043044,0.2385719052385719,0.05672339005672339,0.1598264931598265,0.024691358024691357,0.013680347013680347,0.005338672005338672,0.944944944944945,0.011344678011344677,0.0,0.9800629590766002,0.9958027282266527,0.9989506820566632,0.11332633788037776,0.44363256784968685,0.6878914405010439,0.5260960334029228,0.26826722338204595,0.04279749478079332
50-360,0.7390787518573552,0.09836552748885587,0.06210995542347697,0.18335809806835066,0.06210995542347697,0.2112927191679049,0.027340267459138187,0.013967310549777118,0.005943536404160475,0.9405646359583952,0.012184249628528975,0.0,0.9733464955577492,0.9960513326752222,1.0,0.11846001974333663,0.45303326810176126,0.6976516634050881,0.5,0.22211350293542073,0.04403131115459882
50-361,0.7074983839689722,0.11570782159017454,0.058823529411764705,0.17614738202973498,0.060116354234001294,0.2184873949579832,0.028442146089204912,0.011958629605688428,0.005171299288946348,0.9414996767937944,0.012928248222365869,0.0,0.9701810436634718,0.9968051118210862,0.9978700745473909,0.19914802981895632,0.43354430379746833,0.6687763713080169,0.4810126582278481,0.2120253164556962,0.052742616033755275
50-362,0.7321428571428571,0.09850230414746544,0.046370967741935484,0.2304147465437788,0.07805299539170507,0.18922811059907835,0.04406682027649769,0.0146889400921659,0.004032258064516129,0.9297235023041475,0.007488479262672811,0.0,0.9572649572649573,0.9848053181386515,0.99335232668566,0.17094017094017094,0.5342723004694836,0.6779342723004694,0.523943661971831,0.2704225352112676,0.04788732394366197
50-363,0.7211129991503823,0.10556499575191164,0.05841121495327103,0.17905692438402718,0.05671197960917587,0.20879354290569244,0.12149532710280374,0.00913338997451147,0.004672897196261682,0.8553525913338997,0.009345794392523364,0.0,0.9275683665927569,0.9297856614929786,0.9963045084996305,0.21877309682187732,0.4875,0.6625,0.4566176470588235,0.2051470588235294,0.061764705882352944
50-364,0.7111008963456676,0.10779131234199035,0.06550218340611354,0.17949896575499885,0.05745805561939784,0.21420363134911516,0.06320386118133763,0.009882785566536429,0.006435302229372558,0.9105952654562169,0.009882785566536429,0.0,0.9282178217821783,0.9760726072607261,0.9942244224422442,0.1848184818481848,0.5195439739413681,0.6799674267100977,0.4600977198697068,0.20846905537459284,0.061074918566775244
50-365,0.7815972222222223,0.07604166666666666,0.03680555555555556,0.19444444444444445,0.05381944444444445,0.2048611111111111,0.05763888888888889,0.014930555555555556,0.003125,0.9159722222222222,0.007638888888888889,0.0006944444444444445,0.9638989169675091,0.9663056558363418,0.9951865222623345,0.19614921780986763,0.48398576512455516,0.6880189798339265,0.5041518386714117,0.23487544483985764,0.06524317912218268
50-366,0.7524575513851653,0.07998212689901697,0.064343163538874,0.24977658623771223,0.08668453976764968,0.15683646112600536,0.05987488829311886,0.02100089365504915,0.012511170688114389,0.8815907059874888,0.025022341376228777,0.0,0.9685792349726776,0.9918032786885246,0.9986338797814208,0.09153005464480875,0.3306122448979592,0.6993197278911565,0.5251700680272109,0.21768707482993196,0.031292517006802724
50-367,0.8677902621722846,0.04906367041198502,0.04119850187265917,0.34194756554307115,0.12209737827715356,0.1303370786516854,0.008614232209737827,0.017977528089887642,0.006741573033707865,0.9606741573033708,0.00599250936329588,0.0,0.9954075774971297,0.9919632606199771,0.9965556831228473,0.03214695752009185,0.4114285714285714,0.8217142857142857,0.608,0.3382857142857143,0.021714285714285714
50-368,0.856127381290873,0.045208984930338356,0.034119988626670456,0.3289735570088143,0.11401762866079045,0.11344896218367927,0.005686664771111743,0.031560989479670176,0.0071083309638896785,0.9454080181973272,0.010235996588001138,0.0,0.9863829787234043,0.9957446808510638,0.9991489361702127,0.0451063829787234,0.5285106382978724,0.814468085106383,0.6595744680851063,0.32851063829787236,0.005106382978723404
50-369,0.8642058165548099,0.032662192393736016,0.029753914988814318,0.34451901565995524,0.1331096196868009,0.11901565995525727,0.0174496644295302,0.02214765100671141,0.006487695749440716,0.9362416107382551,0.01767337807606264,0.0,0.9777628032345014,0.9959568733153639,0.9986522911051213,0.04245283018867924,0.4605614973262032,0.8375668449197861,0.7085561497326203,0.31885026737967914,0.0213903743315508
50-370,0.83424011606819,0.04026115342763874,0.03264417845484222,0.3333333333333333,0.11824446862531737,0.11498005077983316,0.01886108088501995,0.017410228509249184,0.006891548784911135,0.9383387740297425,0.017410228509249184,0.001088139281828074,0.9752421959095802,0.9924650161463939,0.9924650161463939,0.038751345532831,0.5064516129032258,0.8494623655913979,0.7268817204301076,0.33225806451612905,0.012903225806451613
50-371,0.87334189131365,0.026529738981600343,0.03465982028241335,0.35729567821994007,0.13692768506632436,0.11810012836970475,0.014976465554129225,0.017543859649122806,0.004706889174154899,0.944801026957638,0.017543859649122806,0.0004278990158322636,0.9626506024096385,0.9915662650602409,1.0,0.027710843373493974,0.5125748502994012,0.8323353293413174,0.7125748502994012,0.3017964071856287,0.009580838323353293
50-372,0.796869033982436,0.06567392134402443,0.061092019854906456,0.25811378388697975,0.08514700267277586,0.1561664757541046,0.07751050019091256,0.016800305460099276,0.005345551737304314,0.8865979381443299,0.013745704467353952,0.0,0.9887218045112782,0.9974937343358395,1.0,0.12280701754385964,0.45828144458281445,0.797011207970112,0.5828144458281445,0.26774595267745954,0.033623910336239106
50-373,0.8038842345773038,0.07463823305407463,0.04607768469154608,0.31454683929931454,0.10472201066260473,0.13670982482863672,0.015993907083015995,0.017136329017517136,0.013709063214013708,0.9386900228484387,0.014470677837014471,0.0,0.9744483159117305,0.9907084785133565,1.0,0.12311265969802555,0.4658959537572254,0.7641618497109827,0.6173410404624278,0.3063583815028902,0.04161849710982659
50-374,0.828132170720514,0.05851307939421753,0.03946764570904084,0.29646626893070216,0.11427260211106012,0.15947682423129875,0.01720972923359339,0.02799449288664525,0.010096374483708122,0.9219825608077099,0.022487379531895366,0.0002294630564479119,0.9683988764044944,0.9929775280898876,1.0,0.09620786516853932,0.5073375262054507,0.7917540181691125,0.6107617051013278,0.31795946890286514,0.023759608665269043
50-375,0.8248700519792083,0.06357457017193123,0.045981607357057176,0.27828868452618954,0.09696121551379448,0.1755297880847661,0.016993202718912435,0.03998400639744103,0.007197121151539384,0.9224310275889644,0.012794882047181128,0.0005997600959616154,0.9301252471984179,0.989452867501648,0.997363216875412,0.1054713249835201,0.5765472312703583,0.7856677524429967,0.6293159609120521,0.30814332247557,0.023452768729641693
50-376,0.7647849462365591,0.08790322580645162,0.07016129032258064,0.19838709677419356,0.06478494623655914,0.20188172043010752,0.08225806451612903,0.042741935483870966,0.00564516129032258,0.8599462365591398,0.009408602150537635,0.0,0.9332740213523132,0.9617437722419929,0.9937722419928826,0.14679715302491103,0.5402298850574713,0.6852343059239611,0.48717948717948717,0.25552608311229,0.032714412024756855
50-377,0.7817842710599938,0.08734846129934722,0.042275411874417156,0.21230960522225675,0.06310226919490208,0.19956481193658687,0.043207957724588124,0.03139571028908921,0.006216972334473112,0.9039477774323904,0.015231582219459123,0.0,0.9733475479744137,0.9925373134328358,0.9957356076759062,0.09808102345415778,0.5545073375262054,0.7306079664570231,0.5524109014675053,0.2641509433962264,0.0429769392033543
50-378,0.754673495518566,0.10396927016645327,0.05275288092189501,0.2051216389244558,0.065044814340589,0.18898847631241997,0.03354673495518566,0.023303457106274007,0.005633802816901409,0.9308578745198464,0.006658130601792573,0.0,0.9254606365159129,0.983249581239531,0.9958123953098827,0.1457286432160804,0.5302904564315353,0.7136929460580913,0.4995850622406639,0.24564315352697094,0.048132780082987554
50-379,0.7560908842047632,0.08951546673966602,0.05338078291814947,0.21242814125376402,0.06214070626882015,0.18779085683000274,0.058581987407610184,0.02107856556255133,0.0043799616753353405,0.906925814399124,0.009033670955379141,0.0,0.9250936329588015,0.9325842696629213,0.9953183520599251,0.16198501872659177,0.553072625698324,0.7299813780260708,0.537243947858473,0.26256983240223464,0.048417132216014895
50-380,0.7823109843081313,0.07960057061340942,0.05049928673323823,0.25763195435092723,0.09358059914407989,0.18316690442225392,0.03651925820256776,0.04136947218259629,0.007417974322396576,0.899286733238231,0.015406562054208274,0.0,0.9761467889908257,0.9954128440366973,0.998165137614679,0.0779816513761468,0.4725776965265082,0.726691042047532,0.5877513711151737,0.2861060329067642,0.03016453382084095
50-381,0.81827259111333,0.05591612581128307,0.0454318522216675,0.2656015976035946,0.10084872690963555,0.1832251622566151,0.012980529206190713,0.02945581627558662,0.010983524712930605,0.9291063404892661,0.017473789316025962,0.0,0.9782270606531882,0.9984447900466563,0.9984447900466563,0.08553654743390357,0.462015503875969,0.7736434108527132,0.5984496124031008,0.3023255813953488,0.03565891472868217
50-382,0.7648089730108657,0.09498773221170698,0.05432877672625307,0.2544689800210305,0.08692604276200491,0.18506834910620398,0.018226428321065545,0.030143708377146864,0.005958640028040659,0.9337539432176656,0.011917280056081317,0.0,0.9758897818599311,0.9724454649827784,0.9988518943742825,0.12055109070034443,0.463302752293578,0.7614678899082569,0.6169724770642202,0.3119266055045872,0.02522935779816514
50-383,0.6967924147669962,0.10470042364333267,0.056485777688117814,0.1619931410127093,0.04740770627395602,0.2051644139600565,0.06939681258825903,0.027234214242485375,0.006253782529755901,0.8906596731894291,0.0064555174500706075,0.0,0.8529616724738676,0.9310104529616725,0.9937282229965156,0.22369337979094076,0.4986149584487535,0.6544321329639889,0.453601108033241,0.21745152354570638,0.07271468144044321
50-384,0.6687983843823628,0.13564456411982498,0.04476607202961966,0.12588354089532144,0.040727027936721644,0.2305621003029283,0.28105015146415346,0.015146415348367553,0.0026926960619320095,0.6913497139010434,0.009761023224503534,0.0,0.9074285714285715,0.9771428571428571,0.9965714285714286,0.2297142857142857,0.5221843003412969,0.5756541524459613,0.3492605233219568,0.14789533560864618,0.07508532423208192
50-385,0.5696029210406207,0.19214970333181197,0.08215426745778183,0.09447740757644911,0.010497489730716568,0.28753993610223644,0.5915107256960292,0.019169329073482427,0.004564125969876769,0.38110451848471016,0.003651300775901415,0.0,0.7616666666666667,0.9466666666666667,0.9933333333333333,0.42833333333333334,0.5848434925864909,0.5304777594728172,0.2685337726523888,0.1400329489291598,0.11367380560131796
50-386,0.7010014306151645,0.12385039852851011,0.05477212344165134,0.16022889842632332,0.049049662783568364,0.2282853055385244,0.2141835274882485,0.01655426118945432,0.003678724708767627,0.7537298181075005,0.01185366850602902,0.0,0.9067501739735561,0.9714683368128044,0.9993041057759221,0.2477383437717467,0.49586206896551727,0.6317241379310344,0.4317241379310345,0.25862068965517243,0.04758620689655172
50-387,0.7595111828452847,0.09269080009222966,0.051418030896933364,0.20866958727230805,0.0629467373760664,0.18445930366612867,0.023287987087848742,0.01729305971869956,0.008761816924141111,0.9405118745676735,0.010145261701637076,0.0,0.97165991902834,0.9748987854251012,0.9975708502024292,0.1360323886639676,0.5262321144674086,0.712241653418124,0.5190779014308426,0.25675675675675674,0.0397456279809221
50-388,0.7822698490014612,0.054554310764734534,0.04432537749634681,0.28860204578665366,0.11836337067705796,0.1602532878714077,0.023136872868972237,0.03360935216755967,0.004627374573794447,0.9218217243058938,0.016561130053580127,0.00024354603019970775,0.988619119878604,0.9954476479514416,1.0,0.05235204855842185,0.38712121212121214,0.7712121212121212,0.6446969696969697,0.3416666666666667,0.025757575757575757
50-389,0.8509074201699977,0.06248564208591776,0.04686423156443832,0.37583275901677005,0.15644383184011026,0.12083620491614978,0.013553870893636572,0.016310590397427063,0.010337698139214336,0.9388927176659775,0.020905122903744543,0.0,0.9867060561299852,0.9940915805022157,0.9992614475627769,0.07163958641063516,0.47935103244837757,0.8584070796460177,0.754424778761062,0.4174041297935103,0.012536873156342183
50-390,0.9137986490833065,0.019942103570279833,0.04374396912190415,0.43936957220971373,0.1749758764876166,0.10485686715985848,0.0041814088131231905,0.023158571888066904,0.014474107430041815,0.9414602766162753,0.016725635252492762,0.0,0.9833147942157954,0.9944382647385984,1.0,0.025583982202447165,0.6629955947136564,0.9107929515418502,0.8392070484581498,0.538546255506608,0.005506607929515419
50-391,0.8600305110602593,0.03756674294431731,0.040999237223493516,0.3590770404271548,0.14130434782608695,0.12299771167048056,0.018306636155606407,0.033943554538520215,0.018497330282227307,0.9071319603356217,0.02212051868802441,0.0,0.98375,0.993125,0.99875,0.025625,0.4205955334987593,0.836848635235732,0.7574441687344913,0.4100496277915633,0.009925558312655087
50-392,0.8996655518394648,0.031438127090301006,0.033779264214046825,0.40535117056856185,0.17959866220735787,0.11237458193979934,0.0070234113712374585,0.033444816053511704,0.008026755852842809,0.9311036789297659,0.02040133779264214,0.0,0.9737945492662474,0.9905660377358491,0.9968553459119497,0.016771488469601678,0.5916666666666667,0.8802083333333334,0.81875,0.5,0.00625
50-393,0.8962576153176676,0.023846823324630114,0.033942558746736295,0.4194952132288947,0.19251523063533507,0.1040905134899913,0.009051348999129677,0.015839860748476937,0.007310704960835509,0.9449956483899042,0.02193211488250653,0.0008703220191470844,0.9882100750267953,0.9941050375133976,0.9989281886387996,0.014469453376205787,0.4997327632282202,0.8979155531801176,0.794762159273116,0.4767504008551577,0.002672367717797969
50-394,0.8744832769635476,0.03006388575723412,0.043968432919954906,0.37204058624577224,0.14844043592634348,0.133032694475761,0.018789928598271326,0.021796317173994738,0.016535137166478767,0.9146937241638482,0.026305900037579856,0.0018789928598271326,0.9965277777777778,0.9942129629629629,1.0,0.037037037037037035,0.42038946162657503,0.8396334478808706,0.715922107674685,0.38602520045819017,0.010309278350515464
50-395,0.8371261378413524,0.053966189856957086,0.04291287386215865,0.29486345903771133,0.09915474642392717,0.14336801040312094,0.029583875162548765,0.02633289986996099,0.018205461638491547,0.9089726918075423,0.016905071521456438,0.0,0.9764102564102564,0.9969230769230769,1.0,0.07487179487179488,0.4484167517875383,0.7385086823289071,0.6087844739530133,0.30337078651685395,0.04290091930541369
50-396,0.7998446400828586,0.06861729673744174,0.03676851372345935,0.28197824961160023,0.10409114448472294,0.14344899016053858,0.038063179699637496,0.038839979285344384,0.012687726566545831,0.898757120662869,0.010875194199896427,0.0007767995857068876,0.9885245901639345,0.9983606557377049,0.9926229508196721,0.038524590163934426,0.3983673469387755,0.7853061224489796,0.6171428571428571,0.3216326530612245,0.022857142857142857
50-397,0.7903430749682337,0.05946632782719187,0.035069885641677255,0.23710292249047013,0.07445997458703939,0.18983481575603559,0.04294790343074968,0.03252858958068615,0.008894536213468869,0.9031766200762389,0.012452350698856416,0.0,0.9559183673469388,0.986938775510204,0.9951020408163266,0.08653061224489796,0.4763458401305057,0.7300163132137031,0.5791190864600326,0.28548123980424145,0.04241435562805873
50-398,0.797972654408298,0.06624233851956625,0.041254125412541254,0.25176803394625175,0.06718528995756719,0.14214992927864215,0.0231023102310231,0.04266855256954267,0.007779349363507779,0.9172560113154172,0.009193776520509194,0.0,0.97847809377402,0.9930822444273636,0.9984627209838586,0.06456571867794005,0.48347425057647964,0.7432744043043813,0.6272098385857033,0.2751729438893159,0.030745580322828592
50-399,0.7343521038308561,0.1103202846975089,0.04458865396692485,0.20452166631777266,0.060079547833368226,0.2009629474565627,0.081431861000628,0.021980322378061544,0.005861419300816412,0.88214360477287,0.008582792547624032,0.0,0.9400428265524625,0.9707351891506067,0.9964311206281228,0.16202712348322626,0.47764371894960966,0.7068843151171044,0.5060326472675657,0.24485450674237047,0.050390347764371894
50-400,0.6994320664045435,0.11664482306684142,0.02839667977282656,0.1760594145915247,0.045871559633027525,0.19921363040629095,0.055919615552643076,0.013543031891655745,0.002621231979030144,0.9134993446920052,0.013979903888160769,0.00043687199650502403,0.800314465408805,0.800314465408805,0.9937106918238994,0.16823899371069181,0.5681818181818182,0.6893939393939394,0.5227272727272727,0.2515151515151515,0.05606060606060606
50-401,0.77439446366782,0.09204152249134948,0.04913494809688582,0.20173010380622838,0.05397923875432526,0.2,0.1328719723183391,0.0328719723183391,0.0038062283737024223,0.8224913494809688,0.00726643598615917,0.0006920415224913495,0.955952380952381,0.9857142857142858,0.9964285714285714,0.19285714285714287,0.5541022592152199,0.751486325802616,0.539833531510107,0.24851367419738407,0.04280618311533888
50-402,0.7211903756859435,0.1124947235120304,0.043689320388349516,0.1787674124102997,0.04938792739552554,0.2165470662726889,0.18172224567327985,0.02891515407344871,0.0029548332629801602,0.7766990291262136,0.00823132123258759,0.0014774166314900801,0.96529284164859,0.9949385394070861,0.9942154736080984,0.16630513376717282,0.5248933143669986,0.6749644381223329,0.4623044096728307,0.21621621621621623,0.05476529160739687
50-403,0.761984392419175,0.09085841694537347,0.04710144927536232,0.24832775919732442,0.08110367892976589,0.16192865105908585,0.08221850613154962,0.02508361204013378,0.010033444816053512,0.8704013377926422,0.012263099219620958,0.0,0.9761904761904762,0.9972527472527473,1.0,0.1346153846153846,0.5815861440291704,0.7219690063810392,0.5797629899726527,0.31267092069279856,0.03555150410209663
50-404,0.7728571428571429,0.08342857142857144,0.053142857142857144,0.23942857142857144,0.07942857142857143,0.17257142857142857,0.06628571428571428,0.032857142857142856,0.011428571428571429,0.8811428571428571,0.008285714285714285,0.0,0.9798657718120806,0.9942473633748802,0.9990412272291467,0.07478427612655801,0.4708691499522445,0.7239732569245463,0.5740210124164279,0.27507163323782235,0.04297994269340974
50-405,0.7951191827468785,0.0641316685584563,0.04370034052213394,0.23864926220204313,0.07150964812712826,0.16515323496027243,0.03688989784335982,0.029228149829738932,0.015607264472190692,0.9001135073779796,0.017309875141884222,0.000851305334846765,0.9832089552238806,0.996268656716418,0.9990671641791045,0.058768656716417914,0.40502793296089384,0.7476722532588455,0.5642458100558659,0.24394785847299813,0.04003724394785847
50-406,0.8804311774461028,0.033499170812603646,0.03316749585406302,0.33001658374792703,0.1252072968490879,0.12039800995024875,0.017744610281923714,0.028855721393034824,0.007131011608623549,0.9313432835820895,0.014925373134328358,0.0,0.9896457765667575,0.9983651226158038,0.9989100817438692,0.04141689373297003,0.5691721132897604,0.8534858387799564,0.7489106753812637,0.34477124183006536,0.007080610021786492
50-407,0.825056071771868,0.04613905799423262,0.03300224287087472,0.2845241909644345,0.08458827298942646,0.14546619673181674,0.03556552387055431,0.04101249599487344,0.01537968599807754,0.887215636014098,0.02018583787247677,0.0006408202499198974,0.993006993006993,0.997002997002997,1.0,0.01998001998001998,0.3455809334657398,0.7805362462760675,0.6067527308838133,0.253227408142999,0.020854021847070508
50-408,0.8037119225337906,0.0653621141819649,0.04902158563647367,0.2707282630623361,0.08815816017752673,0.1650191648174299,0.03389146661287069,0.014928384103288278,0.008472866653217672,0.9225337905991527,0.020173492031470647,0.0,0.9946737683089214,0.9966711051930759,1.0,0.0559254327563249,0.37061548643282594,0.7538054268696228,0.5804103242885507,0.31369953673064194,0.03176704169424222
50-409,0.78732782369146,0.05674931129476584,0.031955922865013774,0.22258953168044077,0.06831955922865014,0.1399449035812672,0.05895316804407714,0.013774104683195593,0.017079889807162536,0.8809917355371901,0.029201101928374655,0.0,0.9946714031971581,0.9946714031971581,0.9982238010657194,0.035523978685612786,0.2968197879858657,0.7243816254416962,0.5053003533568905,0.24911660777385158,0.04770318021201413
50-410,0.7487046632124352,0.07426597582037997,0.03151986183074266,0.23963730569948186,0.07081174438687392,0.14248704663212436,0.022884283246977548,0.014248704663212436,0.008203799654576857,0.9434369602763385,0.01079447322970639,0.0004317789291882556,0.9959893048128342,1.0,0.9973262032085561,0.05481283422459893,0.34354194407456723,0.7443408788282291,0.5552596537949401,0.30758988015978694,0.033288948069241014
50-411,0.8609969167523125,0.03931140801644399,0.044193216855087356,0.3147482014388489,0.10354573484069887,0.12538540596094552,0.019270298047276466,0.02697841726618705,0.008478931140801645,0.9293422404933196,0.01567317574511819,0.00025693730729701953,0.9942196531791907,0.9991742361684558,0.9966969446738233,0.03468208092485549,0.414332784184514,0.8080724876441515,0.6754530477759473,0.4110378912685338,0.022240527182866558
50-412,0.8692159383033419,0.035668380462724934,0.030526992287917738,0.36503856041131105,0.17255784061696658,0.1256426735218509,0.010282776349614395,0.013174807197943445,0.015102827763496144,0.9328406169665809,0.027634961439588688,0.0009640102827763496,0.9813664596273292,0.9917184265010351,0.9989648033126294,0.043478260869565216,0.5827338129496403,0.8746145940390545,0.7677286742034943,0.4676258992805755,0.013360739979445015
50-413,0.8809523809523809,0.02888368462138954,0.03044496487119438,0.40007806401249024,0.18149882903981265,0.09679937548790007,0.01131928181108509,0.02810304449648712,0.01366120218579235,0.9195940671350508,0.0273224043715847,0.0,0.9792746113989638,0.9909326424870466,0.9987046632124352,0.02849740932642487,0.5179948586118251,0.9138817480719794,0.8020565552699229,0.4820051413881748,0.008997429305912597
50-414,0.8519400953029271,0.0439074200136147,0.03778080326752893,0.32437031994554116,0.12287270251872022,0.1385296119809394,0.012933968686181076,0.02042205582028591,0.010891763104152484,0.937712729748128,0.018039482641252554,0.0,0.9899777282850779,0.9933184855233853,0.9988864142538976,0.066815144766147,0.48180815876515987,0.8291069459757442,0.7056229327453142,0.37596471885336274,0.012127894156560088
50-415,0.8197740112994351,0.05056497175141243,0.046045197740112995,0.27033898305084747,0.09632768361581921,0.1612994350282486,0.042655367231638416,0.03220338983050847,0.004519774011299435,0.9070621468926554,0.013559322033898305,0.0,0.9945701357466064,0.995475113122172,0.9990950226244344,0.046153846153846156,0.4281842818428184,0.7931345980126467,0.6251129177958447,0.32339656729900634,0.024390243902439025
50-416,0.804959465903672,0.058655221745350504,0.05102527420123987,0.24368144969003339,0.0832141154029566,0.15379113018597998,0.02074391988555079,0.037672865999046255,0.006676204101096805,0.9215546018121126,0.01335240820219361,0.0,0.9857482185273159,0.9920823436262867,0.9984164687252574,0.052256532066508314,0.4099134539732494,0.7427222659323367,0.5806451612903226,0.2824547600314713,0.045633359559402044
50-417,0.8015981735159817,0.05730593607305936,0.055251141552511415,0.2319634703196347,0.0776255707762557,0.16073059360730593,0.04315068493150685,0.03515981735159817,0.006392694063926941,0.9020547945205479,0.013242009132420091,0.0,0.9755917159763313,0.992603550295858,0.996301775147929,0.06582840236686391,0.3763837638376384,0.7601476014760148,0.5726937269372694,0.25313653136531367,0.037638376383763834
50-418,0.7688275862068965,0.08110344827586206,0.040827586206896554,0.21737931034482758,0.07641379310344827,0.1809655172413793,0.04717241379310345,0.023172413793103447,0.005793103448275862,0.9191724137931034,0.004689655172413793,0.0,0.9591078066914498,0.9925650557620818,0.9981412639405205,0.09293680297397769,0.42764976958525347,0.7391705069124423,0.576036866359447,0.27557603686635945,0.04423963133640553
50-419,0.644660525417946,0.15813715455475946,0.0892186966905493,0.14790174002047082,0.04162401910610713,0.17673149095871715,0.1830433299215285,0.027976799727055614,0.004776526782668032,0.7768679631525077,0.0073353804162401915,0.0,0.9687108886107635,0.9968710888610763,0.9943679599499374,0.09073842302878599,0.3660658794282163,0.6761963952765693,0.4021131137352393,0.1709136109384711,0.018645121193287758
50-420,0.7600351596835628,0.09522414298271316,0.04775857017286844,0.18458833870495164,0.045414591268678584,0.2045121593905655,0.13770876062115442,0.019923820685613828,0.003808965719308526,0.8306475241722825,0.007910928801640784,0.0,0.9572564612326043,0.9880715705765407,0.9781312127236581,0.17395626242544732,0.5504950495049505,0.7396039603960396,0.5465346534653466,0.2613861386138614,0.040594059405940595
50-421,0.7550309597523219,0.08862229102167182,0.04489164086687306,0.18382352941176472,0.050696594427244585,0.2043343653250774,0.1010061919504644,0.01934984520123839,0.005804953560371517,0.8645510835913313,0.009287925696594427,0.0,0.924066924066924,0.9716859716859717,0.9871299871299871,0.16988416988416988,0.5224071702944942,0.7131882202304738,0.5224071702944942,0.20614596670934698,0.046094750320102434
50-422,0.779074794638997,0.0851707738867272,0.041072200605274535,0.2369217466493731,0.08560311284046693,0.16255944660613922,0.04236921746649373,0.03977518374405534,0.0025940337224383916,0.9061824470384782,0.009079118028534372,0.0,0.9666666666666667,0.9944444444444445,0.9986111111111111,0.058333333333333334,0.475,0.7694444444444445,0.5722222222222222,0.2625,0.018055555555555554
50-423,0.7795581451808692,0.06239378489924739,0.03835882495751396,0.2478756979849478,0.09201262442340374,0.1626608400097111,0.022821073075989316,0.03180383588249575,0.006069434328720563,0.9186695799951444,0.020636076717649915,0.0,0.9936958234830575,0.9992119779353822,0.9992119779353822,0.0677698975571316,0.41287284144427,0.7739403453689168,0.5745682888540031,0.2880690737833595,0.03218210361067504
50-424,0.7890661661191929,0.06945096198967621,0.05326137963397466,0.2390896292820272,0.08141717503519474,0.15016424213984045,0.028155795401220086,0.031909901454716096,0.0077428437353355235,0.9230408259033318,0.009150633505396527,0.0,0.984174830444612,0.9969856819894499,0.9992464204973625,0.06179351921627732,0.37809452363090773,0.7771942985746436,0.568642160540135,0.2828207051762941,0.023255813953488372
50-425,0.7614128623792069,0.07764078640453183,0.039320226591136286,0.2575808063978674,0.09330223258913696,0.1526157947350883,0.026991002999000334,0.028323892035988004,0.007997334221926024,0.9256914361879374,0.010663112295901367,0.0003332222592469177,0.9869989165763814,0.991332611050921,0.9978331527627302,0.06175514626218852,0.42332613390928725,0.7926565874730022,0.5561555075593952,0.2796976241900648,0.035637149028077755
50-426,0.8760932944606414,0.037900874635568516,0.045553935860058306,0.3301749271137026,0.11443148688046648,0.135932944606414,0.006559766763848397,0.017857142857142856,0.007288629737609329,0.9526239067055393,0.01567055393586006,0.0,0.9891696750902527,0.9963898916967509,0.9975932611311673,0.02888086642599278,0.5455635491606715,0.8717026378896883,0.7242206235011991,0.4064748201438849,0.01079136690647482
50-427,0.8559935639581657,0.04746580852775543,0.04022526146419952,0.3089300080450523,0.10136765888978279,0.13555913113435236,0.015687851971037812,0.018905872888173775,0.0028157683024939663,0.9408688656476267,0.02172164119066774,0.0,0.992,0.9973333333333333,1.0,0.04666666666666667,0.4714475431606906,0.8472775564409031,0.6799468791500664,0.38645418326693226,0.013280212483399735
50-428,0.7788629229159401,0.07359609347750262,0.04325078479246599,0.28496686431810253,0.10847575863271712,0.15172654342518313,0.023020579002441578,0.013603069410533658,0.01430066271363795,0.9347750261597488,0.01430066271363795,0.0,0.9849624060150376,0.9946294307196563,0.9967776584317938,0.11600429645542427,0.5005359056806002,0.7684887459807074,0.6066452304394426,0.3290460878885316,0.030010718113612004
50-429,0.8135954523922312,0.05542396968261488,0.031975367124585506,0.2546186641402179,0.08526764566556135,0.18214116532449076,0.020606347702510658,0.04831833254381809,0.005210800568450971,0.91189009947892,0.01397441970630033,0.0,0.9931662870159453,0.9893697798025817,0.9984813971146546,0.06681852695520121,0.45625942684766213,0.7579185520361991,0.6040723981900452,0.2888386123680241,0.02865761689291101
50-430,0.7800502332256907,0.06386795837818443,0.03265159669895946,0.23645496950125583,0.07176175098672408,0.1743810548977395,0.054180121994976675,0.0193756727664155,0.005382131324004306,0.898815931108719,0.022246142805884463,0.0,0.9903030303030304,0.9987878787878788,0.9987878787878788,0.06060606060606061,0.5120481927710844,0.7506024096385542,0.5614457831325301,0.30120481927710846,0.03734939759036145
50-431,0.7790123456790123,0.07860082304526748,0.03374485596707819,0.22510288065843623,0.07407407407407407,0.202880658436214,0.09958847736625515,0.018930041152263374,0.005761316872427984,0.8646090534979424,0.009876543209876543,0.0012345679012345679,0.9513888888888888,0.9777777777777777,0.9972222222222222,0.11527777777777778,0.46805555555555556,0.7305555555555555,0.5555555555555556,0.28194444444444444,0.04861111111111111
50-432,0.8050914876690533,0.066030230708035,0.030230708035003977,0.2024661893396977,0.07199681782020684,0.20326173428798727,0.06523468575974542,0.02426412092283214,0.00954653937947494,0.8735083532219571,0.027446300715990454,0.0,0.9372384937238494,0.9790794979079498,1.0,0.13110181311018132,0.457182320441989,0.68646408839779,0.5207182320441989,0.31629834254143646,0.04419889502762431
50-433,0.8344699318040918,0.042467451952882825,0.0319280843149411,0.1921884686918785,0.05579665220086795,0.19807811531308123,0.019218846869187848,0.005579665220086794,0.005889646621202728,0.9621822690638562,0.00712957222566646,0.0,0.9785177228786252,0.9903329752953813,1.0,0.12567132116004295,0.4737967914438503,0.7668449197860963,0.5422459893048128,0.24705882352941178,0.039572192513368985
50-434,0.7967685419505548,0.0737784699240802,0.060541171890208294,0.23476737395366945,0.08662643566283823,0.16488222698072805,0.02647459606774382,0.01382129647654273,0.006229316721822076,0.9458828109791707,0.007397313607163714,0.00019466614755693986,0.9840865690642903,0.9942711648631445,0.9955442393380013,0.12348822406110757,0.46633102580239144,0.7432347388294525,0.5695405915670233,0.3228445563247325,0.03587161736941473
50-435,0.8092307692307692,0.05811965811965812,0.055384615384615386,0.24547008547008548,0.07658119658119658,0.20683760683760682,0.044444444444444446,0.011965811965811967,0.007863247863247864,0.9247863247863248,0.01094017094017094,0.0,0.9211663066954644,0.9913606911447084,0.9978401727861771,0.11987041036717062,0.5016077170418006,0.7245444801714899,0.5605573419078242,0.3097534833869239,0.03215434083601286
50-436,0.822754491017964,0.04311377245508982,0.029141716566866267,0.2946107784431138,0.11097804391217565,0.16127744510978043,0.04151696606786427,0.017964071856287425,0.012375249500998005,0.8962075848303394,0.03033932135728543,0.0015968063872255488,0.9830949284785435,0.9947984395318595,1.0,0.02990897269180754,0.4085603112840467,0.7924773022049286,0.6342412451361867,0.33073929961089493,0.0311284046692607
50-437,0.8076241134751773,0.0549645390070922,0.05230496453900709,0.2650709219858156,0.09042553191489362,0.16046099290780141,0.057919621749408984,0.022754137115839245,0.007387706855791962,0.8977541371158393,0.014184397163120567,0.0,0.9786407766990292,0.9932038834951457,0.9990291262135922,0.062135922330097085,0.3718446601941748,0.7310679611650486,0.596116504854369,0.31359223300970873,0.03398058252427184
50-438,0.8397813288477712,0.04289318755256518,0.03784693019343986,0.3473507148864592,0.1118587047939445,0.12531539108494533,0.017241379310344827,0.021026072329688814,0.012615643397813289,0.9394449116904963,0.009671993271656855,0.0,0.9922077922077922,0.9961038961038962,1.0,0.048051948051948054,0.5251612903225806,0.8038709677419354,0.6787096774193548,0.3161290322580645,0.02193548387096774
50-439,0.8887496867952894,0.0340766725131546,0.03532949135554999,0.3515409671761463,0.1325482335254322,0.12979203207216236,0.022550739163117013,0.021047356552242547,0.011776497118516662,0.9293410172889001,0.014031571034828364,0.0012528188423953897,0.9893790849673203,0.9975490196078431,1.0,0.027777777777777776,0.5498366013071896,0.8504901960784313,0.7622549019607843,0.41911764705882354,0.00980392156862745
50-440,0.7960470984020185,0.05298570227081581,0.03700588730025231,0.2750210260723297,0.07737594617325484,0.17788057190916737,0.027333894028595457,0.025651808242220353,0.0054667788057190915,0.9306139613120269,0.010933557611438183,0.0,0.9918478260869565,0.9972826086956522,1.0,0.125,0.4797843665768194,0.7479784366576819,0.5956873315363881,0.2776280323450135,0.029649595687331536
50-441,0.8396147403685092,0.04731993299832496,0.031407035175879394,0.2135678391959799,0.06072026800670017,0.18132328308207704,0.048576214405360134,0.018844221105527637,0.009212730318257957,0.919179229480737,0.0041876046901172526,0.0,0.9815059445178336,0.9973579920739762,1.0,0.071334214002642,0.4052631578947368,0.7407894736842106,0.5565789473684211,0.3078947368421053,0.039473684210526314
50-442,0.7853522554485555,0.07627977698935631,0.03345159655347187,0.2607704004054739,0.08286872782564622,0.141409021794222,0.030663963507349214,0.0225544855549924,0.006082108464267613,0.9333502280790674,0.007349214394323365,0.0,0.9840566873339238,0.995571302037201,0.9982285208148804,0.0912311780336581,0.5947136563876652,0.801762114537445,0.6563876651982379,0.36387665198237884,0.021145374449339206
50-443,0.7208611729769859,0.09131403118040089,0.05444196980945311,0.16505815392229647,0.0400890868596882,0.2182628062360802,0.18831972284088097,0.013363028953229399,0.003711952487008166,0.791635733729275,0.002969561989606533,0.0,0.9803921568627451,0.9965899403239556,0.9914748508098892,0.1585677749360614,0.5248107653490328,0.6652649285113541,0.42304457527333894,0.2001682085786375,0.02943650126156434
50-444,0.779430789133247,0.07740405347132384,0.04398447606727038,0.1979301423027167,0.06338939197930142,0.20827943078913325,0.18499353169469598,0.013583441138421734,0.005821474773609315,0.7915049590340664,0.004096593359206554,0.0,0.9392558845861807,0.9916476841305999,0.9984813971146546,0.1404707668944571,0.55,0.7350746268656716,0.5373134328358209,0.29328358208955224,0.04253731343283582
50-445,0.6676622318761879,0.1134944338854195,0.03584034754276405,0.1344013032853652,0.02579418951941352,0.22644583220200923,0.3274504480043443,0.009231604670105892,0.007330980179201738,0.6532717893021993,0.0027151778441487917,0.0,0.9613861386138614,0.9772277227722772,0.9930693069306931,0.22871287128712872,0.5311890838206628,0.6432748538011696,0.3635477582846004,0.1695906432748538,0.0935672514619883
50-446,0.6663780663780664,0.11861471861471862,0.048196248196248195,0.18297258297258298,0.03665223665223665,0.18759018759018758,0.1847041847041847,0.01847041847041847,0.004617604617604618,0.7867243867243867,0.005483405483405483,0.0,0.942495126705653,0.9532163742690059,0.9970760233918129,0.20955165692007796,0.4583333333333333,0.6172480620155039,0.4331395348837209,0.2180232558139535,0.06201550387596899
50-447,0.7199379363847944,0.11210240496508922,0.05896043444530644,0.18619084561675717,0.04965089216446858,0.18076027928626842,0.10395655546935609,0.011249030256012413,0.008145849495733127,0.8626842513576416,0.013964313421256789,0.0,0.9662921348314607,0.9962546816479401,0.9937578027465668,0.1348314606741573,0.48093480934809346,0.6654366543665436,0.46371463714637146,0.24108241082410825,0.04428044280442804
50-448,0.5900068446269678,0.08795345653661875,0.03593429158110883,0.16392881587953456,0.04791238877481177,0.20088980150581792,0.10061601642710473,0.014715947980835045,0.006844626967830253,0.8720054757015743,0.005817932922655715,0.0,0.9695550351288056,0.9859484777517564,0.9964871194379391,0.12060889929742388,0.49239766081871345,0.6853801169590643,0.4269005847953216,0.2736842105263158,0.05497076023391813
50-449,0.5886717783823893,0.14469453376205788,0.049715557754142964,0.17289141726440763,0.044521395003710114,0.18674251793222854,0.06653475142221123,0.017313875834776157,0.006925550333910463,0.8936433341578036,0.014840465001236706,0.0007420232500618352,0.9206611570247933,0.9942148760330578,0.9991735537190083,0.13801652892561983,0.4392220421393841,0.6166936790923825,0.4359805510534846,0.2479740680713128,0.060777957860615885
50-450,0.7213688508652537,0.09216410655259576,0.03655454015166246,0.22924363212132998,0.07058137273964613,0.18471709119191135,0.05424849309741396,0.02449931946334824,0.006222049387517014,0.9033637954501264,0.0116663426015944,0.0,0.9701492537313433,0.9948085658663206,0.9974042829331603,0.12978585334198572,0.4524421593830334,0.6844473007712082,0.532133676092545,0.243573264781491,0.05012853470437018
50-451,0.7707631874298541,0.0707070707070707,0.055274971941638606,0.24354657687991021,0.08221099887766554,0.15881032547699214,0.06172839506172839,0.020202020202020204,0.010942760942760943,0.8827160493827161,0.023007856341189674,0.0014029180695847362,0.9433453237410072,0.9964028776978417,0.9991007194244604,0.07913669064748201,0.3767857142857143,0.7133928571428572,0.5116071428571428,0.2580357142857143,0.039285714285714285
50-452,0.6760316066725197,0.09877085162423178,0.04258121158911326,0.19798068481123793,0.04960491659350307,0.17647058823529413,0.1694468832309043,0.024582967515364356,0.009218612818261633,0.7796312554872695,0.016681299385425813,0.0004389815627743635,0.9636098981077147,0.9985443959243085,0.9970887918486172,0.06695778748180495,0.3583815028901734,0.6271676300578035,0.5072254335260116,0.24566473988439305,0.059248554913294796
50-453,0.7370892018779343,0.10653665583243048,0.03539183820873962,0.2022390754785121,0.050920910075839654,0.1733477789815818,0.15095702419646082,0.027085590465872156,0.010834236186348862,0.8039003250270856,0.007222824124232575,0.0,0.9862385321100917,0.9965596330275229,0.9988532110091743,0.06422018348623854,0.4098173515981735,0.7374429223744292,0.5353881278538812,0.2694063926940639,0.05251141552511415
50-454,0.7797029702970297,0.08209570957095709,0.0462046204620462,0.23473597359735973,0.08250825082508251,0.18275577557755776,0.10437293729372937,0.02268976897689769,0.006188118811881188,0.8634488448844885,0.0033003300330033004,0.0,0.9769335142469471,0.9796472184531886,0.9986431478968792,0.04613297150610583,0.4489247311827957,0.7298387096774194,0.5873655913978495,0.353494623655914,0.030913978494623656
50-455,0.7897597254004577,0.06407322654462243,0.052917620137299774,0.2322654462242563,0.08180778032036613,0.16790617848970252,0.13157894736842105,0.010011441647597255,0.004576659038901602,0.8483981693363845,0.005434782608695652,0.0,0.9897645854657113,0.9897645854657113,0.9989764585465711,0.07267144319344933,0.573170731707317,0.7520325203252033,0.6189024390243902,0.383130081300813,0.029471544715447155
50-456,0.7064516129032258,0.126036866359447,0.028341013824884794,0.18341013824884791,0.056912442396313365,0.20967741935483872,0.147926267281106,0.028110599078341014,0.005299539170506912,0.812442396313364,0.006221198156682027,0.0,0.9686520376175548,0.9905956112852664,1.0,0.11206896551724138,0.46417445482866043,0.6666666666666666,0.5062305295950156,0.2235202492211838,0.053738317757009345
50-457,0.8152450090744101,0.06860254083484574,0.04573502722323049,0.2660617059891107,0.06642468239564428,0.12558983666061707,0.023956442831215972,0.037023593466424684,0.005081669691470054,0.9277676950998185,0.006170598911070781,0.0,0.9833729216152018,0.994061757719715,0.9916864608076009,0.0510688836104513,0.5768321513002365,0.8002364066193853,0.6359338061465721,0.29550827423167847,0.018912529550827423
50-458,0.8019617001401215,0.067725361980383,0.03456328818309201,0.22092480149462868,0.06492293320878094,0.16581036898645493,0.04297057449789818,0.017748715553479684,0.010275572162540868,0.916394208313872,0.012610929472209247,0.0,0.9856,0.9936,0.9936,0.1072,0.4793650793650794,0.7285714285714285,0.5349206349206349,0.24761904761904763,0.05238095238095238
50-459,0.7835861321776815,0.07692307692307693,0.03439869989165764,0.1898699891657638,0.04739978331527627,0.19257854821235104,0.11700975081256772,0.024918743228602384,0.0013542795232936078,0.8510292524377031,0.005687973997833153,0.0,0.9766187050359713,0.9901079136690647,0.9991007194244604,0.12140287769784172,0.4716981132075472,0.7142857142857143,0.4474393530997305,0.22012578616352202,0.044923629829290206
50-460,0.7504460303300624,0.09009812667261374,0.04504906333630687,0.19714540588760035,0.05686886708296164,0.17462087421944691,0.0847457627118644,0.00958965209634255,0.003345227475468332,0.8991971454058876,0.0031222123104371097,0.0,0.9704049844236761,0.9922118380062306,1.0,0.10903426791277258,0.4938366718027735,0.7411402157164869,0.5323574730354391,0.26810477657935283,0.046224961479198766
50-461,0.628783000643915,0.16355441081777206,0.08306503541532517,0.1107533805537669,0.025112685125563427,0.2607855763039279,0.3702511268512556,0.013522215067611075,0.00643915003219575,0.6052801030264006,0.004507405022537025,0.0,0.8237327188940092,0.8732718894009217,0.9827188940092166,0.32373271889400923,0.5754824063564131,0.6538024971623155,0.4097616345062429,0.2054483541430193,0.08172531214528944
50-462,0.669031571479248,0.15572898190847817,0.06172401560837176,0.13267115998581058,0.03157147924796027,0.21532458318552677,0.22525718339836823,0.026959914863426748,0.006385242993969493,0.740333451578574,0.001064207165661582,0.0,0.9679802955665024,0.9729064039408867,0.9864532019704434,0.2955665024630542,0.5157384987893463,0.6283292978208233,0.4188861985472155,0.16343825665859565,0.08595641646489104
50-463,0.6812442254388666,0.12596242685555897,0.04250076994148445,0.14875269479519557,0.024946104096088696,0.2038805050816138,0.2716353557129658,0.011395133969818293,0.0024638127502309825,0.7089621188789652,0.00554357868801971,0.0,0.9543429844097996,0.9922048997772829,0.9910913140311804,0.2071269487750557,0.5055555555555555,0.6277777777777778,0.39111111111111113,0.17777777777777778,0.08666666666666667
50-464,0.6579597599717614,0.15531238969290503,0.05435933639251676,0.12142605012354395,0.03141546064242852,0.2364984115778327,0.36745499470525944,0.01447229085774797,0.0028238616307800918,0.6067772679138722,0.008471584892340275,0.0,0.9227941176470589,0.9877450980392157,0.9938725490196079,0.23897058823529413,0.5066991473812423,0.6163215590742996,0.3520097442143727,0.1364190012180268,0.08526187576126674
50-465,0.6368894601542416,0.150706940874036,0.043701799485861184,0.1172879177377892,0.021529562982005142,0.22782776349614395,0.2917737789203085,0.012210796915167094,0.008997429305912597,0.6850899742930592,0.0019280205655526992,0.0,0.844671201814059,0.9421768707482994,0.9671201814058957,0.32653061224489793,0.5645879732739421,0.5712694877505567,0.31625835189309576,0.08351893095768374,0.09688195991091314
50-466,0.7186960276338514,0.1094559585492228,0.039939550949913645,0.14227115716753022,0.03626943005181347,0.20617443868739205,0.22538860103626943,0.01468048359240069,0.0045336787564766836,0.7523747841105354,0.0030224525043177895,0.0,0.9497041420118343,0.9874260355029586,0.9933431952662722,0.1900887573964497,0.5371596762325239,0.6100073583517293,0.40397350993377484,0.1714495952906549,0.058130978660779986
50-467,0.7833384192859323,0.06927067439731462,0.04760451632590784,0.20262435154104363,0.052792187976808055,0.18095819346963687,0.08330790357033872,0.02105584375953616,0.003967043027158987,0.8873970094598719,0.0042722001830942935,0.0,0.9852941176470589,0.9957983193277311,0.9957983193277311,0.12605042016806722,0.590146750524109,0.6855345911949685,0.5136268343815513,0.24842767295597484,0.03773584905660377
50-468,0.7570130383247728,0.09482418016594231,0.026471750296325564,0.20940339786645595,0.04583168708020545,0.20505728960885025,0.20189648360331885,0.026866851047016988,0.009877518767285659,0.7605689450809957,0.0007902015013828526,0.0,0.9260237780713342,0.9841479524438573,1.0,0.1215323645970938,0.5150720838794234,0.6880733944954128,0.4875491480996068,0.2673656618610747,0.03407601572739188
50-469,0.7506702412868632,0.10675115768949549,0.03680233975140142,0.21325859127467706,0.06263709480867657,0.18133073360955398,0.055081647574945165,0.01827930782354375,0.011698757007068,0.9049475993175725,0.009992688276870583,0.0,0.9626459143968872,0.9852140077821012,0.9875486381322958,0.08560311284046693,0.5120435120435121,0.6728826728826729,0.48951048951048953,0.27505827505827507,0.035742035742035744
50-470,0.7177802117561154,0.09054399415845199,0.04417670682730924,0.2248995983935743,0.0660825118656444,0.18254837531945967,0.07484483388097846,0.012413289521723256,0.01095290251916758,0.891566265060241,0.01022270901788974,0.0,0.979381443298969,0.997709049255441,0.997709049255441,0.12829324169530354,0.4034285714285714,0.664,0.5177142857142857,0.2662857142857143,0.04914285714285714
50-471,0.7718957871396895,0.07815964523281596,0.04573170731707317,0.22838137472283815,0.07150776053215077,0.16823725055432373,0.06014412416851441,0.009977827050997782,0.0036031042128603103,0.9218403547671841,0.004434589800443459,0.0,0.9732472324723247,0.9880073800738007,0.9990774907749077,0.0996309963099631,0.46471127406049495,0.7277726856095326,0.5508707607699358,0.2648945921173236,0.043996333638863426
50-472,0.6965550940630344,0.08893232347911068,0.03469337893965307,0.18446127534815537,0.06059125335939409,0.15538724651844613,0.15025653554849744,0.009772782799902272,0.004886391399951136,0.8311751771316882,0.003909113119960909,0.0,0.9814665592264303,0.9951651893634166,0.9959709911361805,0.088638195004029,0.414320193081255,0.6757843925985519,0.4907481898632341,0.24698310539018503,0.04102976669348351
50-473,0.6520818630910374,0.13196894848270996,0.02893436838390967,0.189484827099506,0.04516584333098095,0.16231474947071278,0.0935074100211715,0.01305575158786168,0.008468595624558928,0.8832039520112914,0.0017642907551164433,0.0,0.9850230414746544,0.9930875576036866,0.9976958525345622,0.10829493087557604,0.4288990825688073,0.6892201834862385,0.43577981651376146,0.23509174311926606,0.047018348623853214
50-474,0.69451309935739,0.11913000494315373,0.04102817597627286,0.18413247652001977,0.049431537320810674,0.2009391992090954,0.07661888284725656,0.014829461196243203,0.002965892239248641,0.9033613445378151,0.0022244191794364805,0.0,0.985977212971078,0.9877300613496932,0.9991235758106923,0.13672217353198948,0.46293103448275863,0.7043103448275863,0.4982758620689655,0.23448275862068965,0.04913793103448276
50-475,0.7022146507666098,0.0919931856899489,0.04531516183986371,0.19318568994889268,0.059625212947189095,0.19591141396933562,0.057240204429301535,0.031686541737649065,0.006132879045996593,0.9005110732538331,0.004429301533219762,0.0,0.9869358669833729,0.994061757719715,0.995249406175772,0.11045130641330166,0.575326215895611,0.7319098457888493,0.5160142348754448,0.2514827995255042,0.03795966785290629
50-476,0.8207233192811183,0.0479254493010872,0.053916130463723094,0.24118038606611936,0.090747725759929,0.16063900599068115,0.02130019968937209,0.051253605502551584,0.013312624805857555,0.8950521411138229,0.01908142888839583,0.0,0.9884169884169884,0.9961389961389961,0.9987129987129987,0.06306306306306306,0.8084832904884319,0.8194087403598972,0.6124678663239075,0.20244215938303342,0.010282776349614395
50-477,0.8485745024206562,0.03362022592791824,0.03388918773534158,0.22700376546530393,0.08337816030123722,0.14631522323830015,0.027972027972027972,0.06428187197417967,0.013179128563743949,0.8827326519634212,0.011565357719203874,0.00026896180742334586,0.9936305732484076,1.0,0.9984076433121019,0.06369426751592357,0.8252581413820492,0.8173153296266878,0.5988880063542494,0.1572676727561557,0.018268467037331215
50-478,0.8654099079351162,0.013590530469092503,0.020166593599298552,0.36168347216133273,0.16834721613327489,0.10872424375274002,0.01797457255589654,0.04340201665935993,0.009644892590968873,0.9074967119684348,0.020604997807978958,0.0008768084173608067,0.9783783783783784,0.9972972972972973,0.9945945945945946,0.04054054054054054,0.7671601615074024,0.8990578734858681,0.7402422611036339,0.4468371467025572,0.005383580080753701
50-479,0.7744667503136763,0.06838143036386449,0.030112923462986198,0.27132998745294856,0.10915934755332497,0.16279799247176913,0.06744040150564617,0.035759096612296114,0.004705144291091593,0.8861355081555834,0.005959849435382685,0.0,0.9849462365591398,0.9913978494623656,0.9967741935483871,0.0967741935483871,0.6365591397849463,0.8,0.6440860215053763,0.3548387096774194,0.024731182795698924
50-480,0.8222130128470784,0.06589307915457936,0.0256941566514712,0.25569830087028594,0.09946125155408206,0.12847078325735597,0.004973062577704103,0.03895565685868214,0.0045586406962287605,0.9448818897637795,0.00663075010360547,0.0,0.9984802431610942,0.993920972644377,0.9969604863221885,0.0182370820668693,0.783987915407855,0.8912386706948641,0.797583081570997,0.4395770392749245,0.010574018126888218
50-481,0.7999340804218853,0.07382992748846408,0.03361898483849703,0.23862887277521425,0.07679630850362558,0.17172050098879368,0.05405405405405406,0.01812788398154252,0.005932762030323006,0.9106789716545814,0.01120632827949901,0.0,0.9941860465116279,0.9941860465116279,0.9976744186046511,0.08837209302325581,0.615916955017301,0.7877739331026529,0.6412918108419838,0.2975778546712803,0.03575547866205306
50-482,0.8002980625931445,0.058618976651763535,0.03502235469448584,0.22280178837555886,0.051664182811723795,0.18827620466964728,0.06607054148037754,0.025583705911574765,0.00894187779433681,0.8874813710879285,0.011922503725782414,0.0,0.9682675814751286,0.9982847341337907,0.9982847341337907,0.07289879931389365,0.49829351535836175,0.7534129692832765,0.5784982935153583,0.25426621160409557,0.05204778156996587
50-483,0.7187765505522515,0.09388275276125743,0.052676295666949875,0.2183517417162277,0.048428207306711976,0.17672047578589634,0.08453695836873407,0.017417162276975363,0.009345794392523364,0.8797790994052677,0.008920985556499575,0.0,0.9870503597122302,0.9928057553956835,0.9985611510791367,0.07913669064748201,0.4885386819484241,0.66189111747851,0.4828080229226361,0.22206303724928367,0.05300859598853868
50-484,0.7479026845637584,0.0738255033557047,0.051174496644295304,0.23657718120805368,0.05662751677852349,0.16568791946308725,0.05243288590604027,0.015100671140939598,0.0050335570469798654,0.9240771812080537,0.003355704697986577,0.0,0.9856733524355301,0.9813753581661891,0.998567335243553,0.0673352435530086,0.45415472779369626,0.7564469914040115,0.5659025787965616,0.2521489971346705,0.05157593123209169
50-485,0.7421247683755404,0.08029647930821494,0.04570722668313774,0.23656578134651018,0.07350216182828907,0.16831377393452748,0.06732550957381099,0.012353304508956145,0.012044471896232242,0.9008647313156269,0.0074119827053736875,0.0,0.9813725490196078,0.9941176470588236,0.9941176470588236,0.06568627450980392,0.42300194931773877,0.7368421052631579,0.5779727095516569,0.29922027290448344,0.02631578947368421
50-486,0.7442510208467655,0.09370298732000859,0.04513217279174726,0.23404255319148937,0.07887384483129165,0.18375241779497098,0.050719965613582635,0.018482699333763165,0.0049430474962389856,0.9114549752847625,0.014399312271652698,0.0,0.9602313810556761,0.9978308026030369,0.9963846710050615,0.11062906724511931,0.5792857142857143,0.705,0.5314285714285715,0.29,0.054285714285714284
50-487,0.7210657785179018,0.09700249791840133,0.017901748542880933,0.19317235636969193,0.04454621149042465,0.19691923397169026,0.15320566194837634,0.010407993338884263,0.004995836802664446,0.8251457119067444,0.0062447960033305576,0.0,0.9546120058565154,0.9970717423133236,0.9985358711566618,0.12298682284040996,0.48250728862973763,0.7011661807580175,0.49271137026239065,0.2536443148688047,0.06268221574344024
50-488,0.7400598546387345,0.09619495510902094,0.04831124412141941,0.19923044035912782,0.05301410859341599,0.18469431380932022,0.20735356990166737,0.013681060282171868,0.012825994014536126,0.7541684480547243,0.011970927746900385,0.0,0.9824304538799414,0.9926793557833089,0.9956076134699854,0.12152269399707175,0.4264919941775837,0.6521106259097526,0.48326055312954874,0.22707423580786026,0.04512372634643377
50-489,0.7392513368983957,0.08427807486631016,0.045989304812834225,0.20983957219251337,0.07080213903743315,0.17304812834224598,0.1013903743315508,0.015401069518716578,0.0032085561497326204,0.8688770053475936,0.011122994652406418,0.0,0.9699570815450643,0.9899856938483548,0.9971387696709585,0.12589413447782546,0.463623395149786,0.6997146932952925,0.4957203994293866,0.2831669044222539,0.04992867332382311
50-490,0.7239245727754862,0.0854449027695934,0.04684737772539776,0.2136122569239835,0.07189157336476135,0.1676487919858574,0.08809664113140837,0.01296405421331762,0.005598114319387153,0.8818503241013553,0.011196228638774307,0.0002946375957572186,0.9718719689621726,0.9951503394762367,0.9980601357904947,0.1037827352085354,0.43587270973963355,0.6412729026036644,0.4956605593056895,0.23722275795564127,0.04532304725168756
50-491,0.7222748815165877,0.0966824644549763,0.043601895734597156,0.18293838862559242,0.04928909952606635,0.19478672985781992,0.09928909952606635,0.016350710900473932,0.0071090047393364926,0.8727488151658768,0.004502369668246445,0.0,0.9535433070866142,0.9952755905511811,0.9976377952755906,0.15826771653543306,0.46462264150943394,0.6572327044025157,0.46855345911949686,0.2429245283018868,0.059748427672955975
50-492,0.6863931853844429,0.11880744227751625,0.05155794664873347,0.1582604797130688,0.04236718224613315,0.20555929163864603,0.16924456399910334,0.014794889038332213,0.0022416498542927594,0.8096839273705447,0.004034969737726967,0.0,0.9042298483639266,0.9521149241819633,0.9800478850758181,0.20271348762968874,0.528196981731533,0.6505162827640985,0.4495631453534551,0.17394757744241462,0.07466243050039714
50-493,0.6864829681058798,0.1054458667823823,0.06812757648079844,0.13343458450857018,0.02712085050987199,0.20416576263831634,0.3677587329138642,0.007376871338685182,0.0060750705142113256,0.6137990887394229,0.004990236493816446,0.0,0.8905630452022204,0.8969072164948454,0.9904837430610627,0.28707375099127674,0.6149068322981367,0.6234472049689441,0.38354037267080743,0.18090062111801242,0.08618012422360248
50-494,0.7454646943901758,0.09963717555121407,0.043259838124476695,0.19090147920736814,0.056377337426737374,0.2090427016466648,0.17499302260675412,0.013117499302260676,0.007256488975718672,0.7943064471113592,0.01032654200390734,0.0,0.9825581395348837,0.997093023255814,0.999031007751938,0.1753875968992248,0.5486641221374046,0.7080152671755725,0.5286259541984732,0.28530534351145037,0.05152671755725191
50-495,0.7339757017176372,0.10934227063259322,0.05236698785085882,0.21700879765395895,0.051110180142438205,0.19019689987431923,0.07331378299120235,0.007959782153330541,0.006284038542103058,0.9044826141600335,0.007959782153330541,0.0,0.9384615384615385,0.9776223776223776,0.9944055944055944,0.12727272727272726,0.5396383866481224,0.6995827538247567,0.5535465924895688,0.2545201668984701,0.043115438108484005
50-496,0.6255912961210974,0.1487701040681173,0.03453169347209082,0.17336802270577106,0.05345316934720908,0.1979659413434248,0.36210974456007566,0.009224219489120151,0.005203405865657522,0.6166035950804163,0.006859035004730369,0.0,0.8080631025416302,0.6538124452234881,0.9447852760736196,0.2979842243645925,0.4791666666666667,0.6223958333333334,0.4192708333333333,0.2265625,0.0876736111111111
50-497,0.7545582047685835,0.0847525545982769,0.04187537567621719,0.2185934682428371,0.055700260468843917,0.182328190743338,0.13804848727709879,0.023442195952714885,0.011821278300941694,0.817271087958325,0.009416950510919656,0.0,0.9633471645919779,0.9930843706777317,0.9937759336099585,0.12102351313969571,0.46101231190150477,0.6627906976744186,0.4856361149110807,0.2763337893296854,0.0677154582763338
50-498,0.67552,0.14784,0.03904,0.17696,0.03584,0.18368,0.13376,0.0064,0.0032,0.84896,0.00768,0.0,0.8982300884955752,0.8993362831858407,0.9623893805309734,0.26991150442477874,0.5614035087719298,0.5975877192982456,0.39035087719298245,0.21052631578947367,0.06578947368421052
50-499,0.669424595712674,0.10003760812335465,0.04174501692365551,0.1681083113952614,0.036479879654005266,0.20609251598345243,0.21775103422339226,0.013915005641218503,0.006769462203836028,0.7570515231289958,0.0045129748025573525,0.0,0.9361147327249022,0.9582790091264668,0.9817470664928292,0.25684485006518903,0.6397919375812744,0.5929778933680104,0.38491547464239273,0.17685305591677503,0.07152145643693109
50-903,0.872,0.038,0.0215,0.458,0.192,0.129,0.002,0.019,0.0075,0.939,0.0325,0.0,0.9777777777777777,0.9825396825396825,0.9968253968253968,0.06031746031746032,0.6518987341772152,0.8449367088607594,0.7373417721518988,0.6265822784810127,0.01740506329113924
50-904,0.9207920792079208,0.02178217821782178,0.027722772277227723,0.5702970297029702,0.2,0.04554455445544554,0.011881188118811881,0.023762376237623763,0.0019801980198019802,0.9287128712871288,0.033663366336633666,0.0,0.9722222222222222,0.9861111111111112,1.0,0.027777777777777776,0.7986111111111112,0.9791666666666666,0.8888888888888888,0.9305555555555556,0.006944444444444444
50-916,0.7037671232876712,0.13784246575342465,0.05393835616438356,0.1344178082191781,0.026541095890410957,0.24143835616438356,0.02910958904109589,0.011986301369863013,0.004280821917808219,0.9452054794520548,0.009417808219178082,0.0,0.7671641791044777,0.10746268656716418,0.982089552238806,0.27761194029850744,0.6420118343195266,0.6242603550295858,0.3698224852071006,0.21301775147928995,0.0621301775147929
50-950,0.7922705314009661,0.07729468599033816,0.03140096618357488,0.21497584541062803,0.06280193236714976,0.22705314009661837,0.04106280193236715,0.0,0.0,0.9541062801932367,0.004830917874396135,0.0,1.0,1.0,1.0,0.21929824561403508,0.860655737704918,0.7049180327868853,0.6311475409836066,0.4344262295081967,0.02459016393442623
50-999,0.597422794934459,0.14285714285714285,0.05421017551655188,0.18195956454121306,0.06387469451233059,0.2152854921128638,0.06954010219951122,0.0164407909353477,0.006220839813374806,0.8952455009997778,0.012108420351033104,0.00044434570095534326,0.6594969012030624,0.46190302588406856,0.959168793292016,0.3401385344513307,0.584687612856627,0.6081617912603828,0.40375586854460094,0.27880101119537737,0.07367280606717226
51-001,0.8164745258460394,0.07233172182967645,0.05410933432502789,0.3432502789140945,0.1500557828188918,0.16084046113796951,0.016362960208255856,0.012458162885831164,0.0061361100780959466,0.947936035701004,0.017106731126812942,0.0,0.9409975669099757,0.8369829683698297,0.9933090024330901,0.16849148418491483,0.656047197640118,0.8035398230088495,0.6766961651917404,0.4194690265486726,0.027138643067846607
51-905,0.8896640826873385,0.040310077519379844,0.02739018087855297,0.5152454780361757,0.23695090439276487,0.09896640826873385,0.01214470284237726,0.014728682170542635,0.005426356589147287,0.9222222222222223,0.04547803617571059,0.0,0.9699499165275459,0.9590984974958264,0.9991652754590985,0.1010016694490818,0.728701406120761,0.8990901571546733,0.8296112489660876,0.6947890818858561,0.01902398676592225
51-906,0.9197212965767949,0.024235080278703424,0.04119963647379582,0.5931535898212663,0.28264162375037866,0.05392305362011512,0.00545289306270827,0.007573462587094819,0.004847016055740685,0.9154801575280218,0.06664647076643442,0.0,0.9840075258701787,0.9868297271872061,0.9990592662276576,0.08278457196613359,0.7792329279700655,0.9560336763330215,0.9251637043966323,0.8362956033676333,0.01028999064546305
51-907,0.9257425742574258,0.02392739273927393,0.03135313531353135,0.584983498349835,0.27365236523652364,0.05803080308030803,0.010451045104510451,0.006875687568756876,0.006875687568756876,0.9249174917491749,0.050605060506050605,0.000275027502750275,0.9777397260273972,0.9863013698630136,0.9991438356164384,0.0410958904109589,0.776748104465038,0.9587194608256108,0.9275484414490311,0.806234203875316,0.006739679865206402
51-908,0.8696113074204948,0.045229681978798585,0.0353356890459364,0.4895759717314488,0.22985865724381627,0.12049469964664311,0.015371024734982332,0.01254416961130742,0.006713780918727915,0.9215547703180212,0.04293286219081272,0.0008833922261484099,0.9697153240460327,0.9818291944276196,0.9993943064809206,0.10236220472440945,0.7370892018779343,0.8914319248826291,0.8145539906103286,0.670774647887324,0.01232394366197183
51-909,0.7598152424942263,0.10194655229297261,0.04305509732761465,0.2806004618937644,0.09633784229627186,0.2019135598812273,0.008248102936324645,0.014516661167931376,0.009732761464863082,0.9510062685582316,0.0163312438139228,0.0001649620587264929,0.9105645612073784,0.9161542761319172,0.9927333705980995,0.1883733929569592,0.6160907127429806,0.7591792656587473,0.5901727861771058,0.3299136069114471,0.04373650107991361
51-999,0.7350326022525193,0.1078838174273859,0.061351511558980436,0.24807350326022526,0.08950800237107291,0.21561944279786605,0.025340841730883225,0.018375815056312982,0.006075874333135744,0.9340545346769413,0.016004742145820983,0.00014819205690574984,0.8835978835978836,0.6624338624338625,0.9952380952380953,0.24656084656084656,0.6698880976602238,0.7151576805696847,0.5300101729399797,0.3570701932858596,0.04425228891149542
52-001,0.7558379120879121,0.10130494505494506,0.07726648351648352,0.27506868131868134,0.09821428571428571,0.1713598901098901,0.020604395604395604,0.009958791208791208,0.0006868131868131869,0.9512362637362637,0.017513736263736264,0.0,0.9018912529550828,0.8085106382978723,0.9976359338061466,0.25059101654846333,0.6894117647058824,0.7329411764705882,0.5976470588235294,0.36470588235294116,0.029411764705882353
52-002,0.7471547216241157,0.09012611504152568,0.05321439557059366,0.2346970163026761,0.08243617348508152,0.18886496462626884,0.019071055059981544,0.010150722854506305,0.005229160258382036,0.9600123039064903,0.005536757920639803,0.0,0.8886509635974305,0.8993576017130621,0.9957173447537473,0.19164882226980728,0.6740041928721174,0.6844863731656184,0.5649895178197065,0.30922431865828093,0.03773584905660377
52-003,0.7090705487122061,0.07995520716685331,0.049720044792833144,0.3211646136618141,0.11108622620380738,0.16035834266517357,0.023964165733482642,0.025755879059350503,0.012541993281075027,0.9254199328107503,0.012318029115341545,0.0,0.9254612546125461,0.9616236162361623,0.996309963099631,0.17343173431734318,0.5300146412884333,0.7291361639824304,0.6310395314787701,0.37481698389458273,0.02635431918008785
52-902,0.8290378006872853,0.05097365406643757,0.04524627720504009,0.37628865979381443,0.1640893470790378,0.11225658648339061,0.012027491408934709,0.012313860252004582,0.011741122565864834,0.9490263459335624,0.014604810996563574,0.000286368843069874,0.9478672985781991,0.9383886255924171,0.9962085308056872,0.07109004739336493,0.7105508870214753,0.8235294117647058,0.7198879551820728,0.5714285714285714,0.021475256769374416
52-903,0.8245989304812834,0.06417112299465241,0.04385026737967915,0.3764705882352941,0.13689839572192514,0.1411764705882353,0.024242424242424242,0.02067736185383244,0.004991087344028521,0.9336898395721925,0.01639928698752228,0.0,0.9582850521436849,0.9536500579374276,1.0,0.10081112398609501,0.6850574712643678,0.7942528735632184,0.6988505747126437,0.4839080459770115,0.02413793103448276
52-904,0.7921837866385001,0.06944811196197517,0.044890414576181675,0.3181938209664642,0.11777132294692369,0.1367837338262477,0.012674940586216002,0.045154475838394506,0.006865592817533668,0.9162925798785319,0.019012410879324003,0.0,0.9446808510638298,0.9480851063829787,0.9982978723404256,0.14638297872340425,0.561078348778433,0.7868576242628476,0.6722830665543387,0.43723673125526535,0.02864363942712721
52-910,0.6932515337423313,0.09202453987730061,0.03067484662576687,0.3312883435582822,0.07975460122699386,0.12269938650306748,0.0,0.0,0.0,0.9815950920245399,0.018404907975460124,0.0,0.875,0.9583333333333334,1.0,0.10416666666666667,0.6122448979591837,0.7755102040816326,0.5918367346938775,0.40816326530612246,0.0
52-911,0.7219453514349544,0.12527925760439937,0.05138339920948617,0.26396288021996905,0.08025433923354529,0.1947069943289225,0.009279945007733287,0.024402818353669014,0.005155525004296271,0.951538064959615,0.009623646674686372,0.0,0.8279761904761904,0.9583333333333334,0.9952380952380953,0.10892857142857143,0.6868686868686869,0.7284610814022578,0.6054664289958408,0.30897207367795604,0.0487225193107546
52-912,0.8604240282685512,0.0176678445229682,0.022968197879858657,0.28091872791519434,0.030035335689045935,0.014134275618374558,0.00530035335689046,0.09363957597173145,0.007067137809187279,0.8480565371024735,0.045936395759717315,0.0,0.9776119402985075,0.9701492537313433,0.9925373134328358,0.022388059701492536,0.06716417910447761,0.9850746268656716,0.9328358208955224,0.7686567164179104,0.022388059701492536
52-914,0.7984542211652794,0.07431629013079667,0.04042806183115339,0.25980975029726516,0.08145065398335315,0.19322235434007135,0.01605231866825208,0.017241379310344827,0.0047562425683709865,0.9268727705112961,0.03507728894173603,0.0,0.9818181818181818,0.9797979797979798,1.0,0.11313131313131314,0.5928853754940712,0.8102766798418972,0.6818181818181818,0.3774703557312253,0.03162055335968379
52-932,0.5360824742268041,0.1134020618556701,0.061855670103092786,0.17869415807560138,0.044673539518900345,0.2027491408934708,0.010309278350515464,0.0,0.0,0.9896907216494846,0.0,0.0,0.4024390243902439,0.23170731707317074,0.975609756097561,0.3780487804878049,0.6547619047619048,0.6071428571428571,0.44047619047619047,0.23809523809523808,0.047619047619047616
52-939,0.7405874236152178,0.1192588212103292,0.0494776266508969,0.20737236349300217,0.06031933767001774,0.214863000197122,0.011433077074709246,0.007884880741178789,0.006899270648531441,0.9684604770352848,0.005322294500295683,0.0,0.8658101356174162,0.9000713775874375,0.9921484653818701,0.185581727337616,0.6741803278688525,0.6823770491803278,0.5484972677595629,0.2629781420765027,0.030054644808743168
52-999,0.6744316272818904,0.12520998992048382,0.07066860790682047,0.1748236084667936,0.05420539814088924,0.2505319744652257,0.01937506999664016,0.006159704334191959,0.0075036398252883866,0.9580020159032366,0.008847575316384814,0.00011199462425803562,0.6644323418516966,0.5446166736489317,0.9928780896522832,0.26392961876832843,0.7558835261268448,0.6665337056242521,0.4918228958915038,0.24012764260071798,0.043478260869565216
53-001,0.680119581464873,0.16292974588938713,0.16591928251121077,0.16591928251121077,0.07772795216741404,0.11360239162929746,0.02092675635276532,0.008968609865470852,0.0014947683109118087,0.9641255605381166,0.004484304932735426,0.0,0.9700854700854701,0.8803418803418803,0.9914529914529915,0.31196581196581197,0.8085106382978723,0.6085106382978723,0.3148936170212766,0.24680851063829787,0.02127659574468085
53-999,0.5971685971685972,0.16344916344916344,0.13127413127413126,0.11325611325611326,0.029601029601029602,0.28442728442728443,0.002574002574002574,0.0,0.0,0.9974259974259975,0.0,0.0,0.7131147540983607,0.2581967213114754,0.9918032786885246,0.3729508196721312,0.7450980392156863,0.5490196078431373,0.19607843137254902,0.17254901960784313,0.06274509803921569
54-001,0.7071755725190839,0.13740458015267176,0.07022900763358779,0.216793893129771,0.0751145038167939,0.22137404580152673,0.0033587786259541984,0.014045801526717557,0.007633587786259542,0.9529770992366412,0.02198473282442748,0.0,0.9338654503990877,0.9441277080957811,0.9942987457240593,0.2519954389965792,0.5612565445026177,0.6827225130890052,0.4942408376963351,0.2973821989528796,0.041884816753926704
54-999,0.6329188869153345,0.1728833629366489,0.08821788040260509,0.1373593842510361,0.04914150384843102,0.24807578448786263,0.06631142687981054,0.02960331557134399,0.011841326228537596,0.8744819419775015,0.016577856719952634,0.0011841326228537595,0.6833667334669339,0.3847695390781563,0.9458917835671342,0.4348697394789579,0.5806451612903226,0.5521821631878557,0.3567362428842505,0.22960151802656548,0.0777988614800759
55-001,0.8789486985089714,0.030578721253474855,0.038918372504422545,0.3290371493555724,0.12762193580995704,0.15592620672226434,0.014657568865301996,0.11852413444528684,0.013646702047005308,0.8273944907758403,0.02577710386656558,0.0,0.996177370030581,0.996177370030581,0.9992354740061162,0.034403669724770644,0.7179878048780488,0.864329268292683,0.6966463414634146,0.3948170731707317,0.023628048780487805
55-002,0.7987919183503437,0.05457196417413039,0.02957717142262029,0.21453863778379503,0.06852739012705686,0.19558425328056656,0.04186627785877942,0.10497812955634243,0.007498437825453031,0.8331597583836701,0.012497396375755051,0.0,0.945260347129506,0.9352469959946595,0.9959946595460614,0.15353805073431243,0.6117724867724867,0.7162698412698413,0.5277777777777778,0.2665343915343915,0.046957671957671955
55-003,0.7339774557165861,0.1037037037037037,0.06086956521739131,0.15233494363929145,0.0499194847020934,0.20515297906602253,0.07922705314009662,0.1249597423510467,0.007085346215780998,0.7742351046698873,0.014492753623188406,0.0,0.9068522483940042,0.7955032119914347,0.9914346895074947,0.22376873661670235,0.5711252653927813,0.6518046709129511,0.43418259023354566,0.2346072186836518,0.06157112526539278
55-004,0.7447212336892052,0.09347568208778173,0.04555160142348755,0.1786476868327402,0.05243179122182681,0.21162514827995255,0.12099644128113879,0.12052194543297746,0.007829181494661922,0.7432977461447212,0.006168446026097271,0.0011862396204033216,0.8721991701244813,0.8871369294605809,0.991701244813278,0.22821576763485477,0.5649671052631579,0.6726973684210527,0.46957236842105265,0.2722039473684211,0.061677631578947366
55-005,0.7893432465923172,0.06381660470879802,0.03717472118959108,0.17410161090458487,0.03903345724907063,0.19454770755885997,0.120817843866171,0.10130111524163568,0.005885997521685254,0.7645600991325898,0.007434944237918215,0.0,0.8235294117647058,0.696078431372549,0.9945533769063181,0.16013071895424835,0.6602768903088392,0.7454739084132055,0.4440894568690096,0.24600638977635783,0.04579339723109691
55-006,0.79125138427464,0.06838316722037652,0.06423034330011074,0.15448504983388706,0.04235880398671096,0.241140642303433,0.1644518272425249,0.07807308970099668,0.01301218161683278,0.7367109634551495,0.007751937984496124,0.0,0.8288201160541586,0.655705996131528,0.9825918762088974,0.27176015473887816,0.6044273339749759,0.7035611164581328,0.5187680461982676,0.23099133782483156,0.04331087584215592
55-007,0.7807872878295413,0.07728421812928855,0.05940772842181293,0.1655832430480318,0.044420368364030335,0.20892018779342722,0.0929938605994944,0.06608884073672806,0.007042253521126761,0.8266522210184182,0.007222824124232575,0.0,0.8639947437582128,0.6918528252299606,0.9947437582128777,0.2490144546649146,0.6088050314465409,0.7503144654088051,0.5044025157232704,0.25849056603773585,0.06540880503144654
55-008,0.7438620929827616,0.09385338673167334,0.03412850426606304,0.17482152185269023,0.039526379940797496,0.20494515061814383,0.06877938359742294,0.056764757095594635,0.02281037785129723,0.8438098554762319,0.007835625979453248,0.0,0.8980891719745223,0.8484076433121019,0.9936305732484076,0.28662420382165604,0.6260762607626076,0.6808118081180812,0.453259532595326,0.22509225092250923,0.06519065190651907
55-009,0.75048828125,0.09440104166666667,0.0478515625,0.22037760416666666,0.0556640625,0.1728515625,0.08984375,0.08365885416666667,0.00927734375,0.8048502604166666,0.012369791666666666,0.0,0.9672131147540983,0.9886941775014132,0.9920859242509893,0.16506500847936686,0.5153203342618384,0.7264623955431755,0.5303621169916435,0.27075208913649024,0.0701949860724234
55-010,0.8081264108352144,0.04884054996921814,0.02708803611738149,0.18366509337163964,0.0482249127847322,0.17812435871126617,0.06484711676585266,0.1576031192284014,0.0063615842396880775,0.7572337369177098,0.01395444284834804,0.0,0.959830866807611,0.9534883720930233,0.9943622269203665,0.15715292459478505,0.5388927820602663,0.767344078486335,0.5508058864751226,0.23265592151366504,0.049754730203223546
55-011,0.7706041994000857,0.08684473646621911,0.044422225396371945,0.22982431081274105,0.06684759320097129,0.18925867733180973,0.06556206256249107,0.11012712469647193,0.008855877731752606,0.8034566490501357,0.011998285959148694,0.0,0.9577744659711873,0.972180824639841,0.9955290611028316,0.13164431197218082,0.5492125984251969,0.7490157480314961,0.5733267716535433,0.3169291338582677,0.05364173228346457
55-012,0.7590921157419698,0.07963897000265463,0.03543934165118131,0.23666047252455535,0.08229360233607645,0.18210777807273693,0.06331298115211044,0.06397663923546588,0.008362091850278737,0.8512078577117069,0.012874966817095832,0.0002654632333421821,0.9241288045875606,0.9453021614468461,0.9964711071901191,0.1729157476841641,0.5631832094446874,0.7481416703104504,0.5579361609094884,0.3183209444687363,0.04241364232619152
55-013,0.7596818086665271,0.0694996859953946,0.028469750889679714,0.2509943479171028,0.08645593468704207,0.16558509524806364,0.06238224827297467,0.05254343730374712,0.008792128951224618,0.8660247016956248,0.010048147372828135,0.00020933640360058616,0.9390070921985816,0.8304964539007093,0.9936170212765958,0.1879432624113475,0.6122881355932204,0.7450564971751412,0.5677966101694916,0.2831920903954802,0.05367231638418079
55-014,0.7712127943136384,0.07618836072856508,0.04886717014660151,0.23878276321634828,0.0699689027099067,0.17947578853842736,0.041314971123944916,0.07463349622390049,0.0059973345179920035,0.8662816525988449,0.010661928031985785,0.0011106175033318525,0.9544117647058824,0.9669117647058824,0.9941176470588236,0.14044117647058824,0.4650655021834061,0.6935953420669578,0.5516739446870451,0.2627365356622999,0.05312954876273653
55-015,0.7279050042408821,0.06429177268871926,0.03494486853265479,0.29889737065309585,0.10619168787107719,0.1458863443596268,0.0371501272264631,0.05869380831212892,0.006785411365564037,0.878880407124682,0.018490245971162,0.0,0.9905186837702176,0.9866146123814835,0.9972113775794758,0.06860011154489683,0.6171396772398442,0.7952142459654981,0.6444073455759599,0.36115748469671677,0.028937117417918753
55-016,0.7726054922973878,0.08372404554588078,0.026456798392498326,0.20629604822505024,0.06697923643670463,0.2056262558606832,0.07166778298727394,0.08606831882116543,0.005023442732752847,0.8345612860013396,0.0026791694574681848,0.0,0.973741794310722,0.9846827133479212,0.9956236323851203,0.1301969365426696,0.5464362850971922,0.7516198704103672,0.5701943844492441,0.2818574514038877,0.038876889848812095
55-017,0.8217142857142857,0.05180952380952381,0.03504761904761905,0.2499047619047619,0.08076190476190476,0.14895238095238095,0.021333333333333333,0.10704761904761904,0.004571428571428572,0.864,0.0030476190476190477,0.0,0.9634591961023142,0.9805115712545676,0.9963459196102314,0.09378806333739342,0.5432692307692307,0.78125,0.6177884615384616,0.30528846153846156,0.040865384615384616
55-018,0.7507523939808481,0.0694938440492476,0.03119015047879617,0.1786593707250342,0.03529411764705882,0.16880984952120384,0.11545827633378933,0.24186046511627907,0.006019151846785226,0.6300957592339261,0.006566347469220246,0.0,0.9079925650557621,0.8438661710037175,0.991635687732342,0.24070631970260223,0.6086956521739131,0.7261794634597595,0.4791859389454209,0.22016651248843663,0.05272895467160037
55-019,0.8286587558432219,0.05843221862639338,0.03002517080186983,0.26033800791082345,0.1021215390147429,0.1664868752247393,0.06346637900035958,0.08522114347357065,0.008090614886731391,0.8354908306364617,0.007731032002876663,0.0,0.9561611374407583,0.9751184834123223,0.9958530805687204,0.09063981042654029,0.5924617196702002,0.7785630153121319,0.6042402826855123,0.35276796230859836,0.02237926972909305
55-020,0.8067249863313286,0.05850191361399672,0.03116457080371788,0.3053581191908146,0.13723346090759977,0.16156369600874795,0.08201202843083652,0.059322033898305086,0.00683433570256971,0.8340623291416074,0.017769272826681247,0.0,0.966728280961183,0.9648798521256932,0.9981515711645101,0.08133086876155268,0.6393744250229991,0.8160073597056118,0.7175712971481141,0.46826126954921804,0.03403863845446182
55-021,0.8583968583968584,0.04342804342804343,0.029568029568029567,0.32917532917532916,0.12843612843612845,0.1409101409101409,0.015015015015015015,0.08593208593208593,0.009702009702009701,0.8667128667128667,0.02263802263802264,0.0,0.9800918836140888,0.9892802450229708,0.9992343032159265,0.16309341500765698,0.5949656750572082,0.8573607932875668,0.7505720823798627,0.4660564454614798,0.012967200610221205
55-022,0.8682559598494354,0.0396486825595985,0.03864491844416562,0.3411543287327478,0.15520702634880804,0.13789209535759098,0.02245922208281054,0.06612296110414052,0.010163111668757841,0.8772898368883313,0.023212045169385194,0.000752823086574655,0.9817666126418152,0.9914910858995137,0.9979740680713128,0.06564019448946515,0.6413876563130294,0.8620411456232352,0.7398144413069786,0.46551028640580877,0.016135538523598225
55-023,0.82201737280624,0.052472965786208116,0.027831944690657685,0.3237014713703244,0.1453642971104414,0.13791880872185783,0.034745612480056726,0.053713880517638715,0.008331856053891154,0.8828221946463393,0.02003190923595107,0.0003545470661230278,0.9616045845272206,0.8710601719197708,0.9988538681948425,0.0825214899713467,0.6252860411899314,0.8026315789473685,0.6229977116704806,0.3878718535469107,0.04290617848970252
55-024,0.7233370494240059,0.10702341137123746,0.05369751021924935,0.15496098104793757,0.03976217019695281,0.2255667038275734,0.3312894834633965,0.015793385358602748,0.005574136008918618,0.6443701226309922,0.0029728725380899295,0.0,0.850632911392405,0.6683544303797468,0.9936708860759493,0.2120253164556962,0.605412208936438,0.6809314033983638,0.40591567023285086,0.1831340465701699,0.040276903713027064
55-025,0.7124229492650546,0.09625414888572784,0.03698435277382646,0.14770033191085824,0.04267425320056899,0.23921289710763394,0.34732100521574205,0.023233760075865337,0.004978662873399715,0.620199146514936,0.0040303461356092935,0.0002370791844476055,0.8413910093299406,0.7099236641221374,0.9991518235793045,0.2018659881255301,0.6245819397993311,0.681438127090301,0.4523411371237458,0.23745819397993312,0.0451505016722408
55-026,0.7949484878697242,0.05250913924891991,0.03456297773346627,0.3045862412761715,0.12279827185111333,0.17231638418079095,0.044533067464273844,0.05300764373546028,0.015121302758391492,0.8546028580923895,0.032735127949484875,0.0,0.9647368421052631,0.9515789473684211,0.998421052631579,0.13052631578947368,0.49267782426778245,0.7547071129707112,0.6166317991631799,0.4178870292887029,0.030334728033472803
55-027,0.8896060906984442,0.029791459781529295,0.03574975173783516,0.396391923204237,0.17858325057927837,0.1254551473022178,0.011585567692816948,0.05312810327706058,0.008606421714664018,0.901522674611056,0.025157232704402517,0.0,0.9870689655172413,0.9897629310344828,0.9978448275862069,0.052801724137931036,0.6317767042404724,0.8899624261943102,0.8035426731078905,0.5619967793880838,0.011272141706924315
55-028,0.8713189804503836,0.03390249938134125,0.03588220737441227,0.3617916357337293,0.145756000989854,0.13486760702796338,0.03390249938134125,0.06607275426874536,0.011383320960158377,0.8666171739668399,0.020539470428111852,0.0014847809948032665,0.9847389558232932,0.9959839357429718,0.9991967871485944,0.08674698795180723,0.5465393794749404,0.8663484486873508,0.750994431185362,0.5019888623707239,0.01988862370723946
55-029,0.8714957666980244,0.041956726246472245,0.04741298212605832,0.34242709313264347,0.13922859830667922,0.13885230479774224,0.030667920978363124,0.09877704609595485,0.014299153339604891,0.8333019755409219,0.02144873000940734,0.0015051740357478834,0.9823120656980417,0.9924194567277321,0.9993682880606444,0.07264687302590019,0.6205385097056982,0.8666249217282405,0.7683155917345021,0.509079524107702,0.016906700062617408
55-030,0.8549676437000381,0.05062809288161401,0.0401598781880472,0.3123334602207842,0.10030452988199468,0.12390559573658165,0.012942519984773505,0.1410354015987819,0.0074229158736200986,0.8218500190331176,0.01674914350970689,0.0,0.981253661394259,0.9900410076157,0.9994141769185706,0.19273579379027533,0.5462478184991274,0.83304246655032,0.6340895869691682,0.30424665503199533,0.01861547411285631
55-031,0.8445451376786337,0.05193447194144301,0.04147786685256187,0.3035901010805159,0.0878354827466016,0.11467410247472987,0.030149878006273962,0.09393516904844894,0.009062391077030324,0.8450679679330777,0.02126176368072499,0.0005228302544440571,0.9887700534759358,0.9946524064171123,0.9962566844919786,0.11390374331550802,0.5471497069792222,0.8316462440063932,0.6403835908364411,0.3047416089504528,0.020245071923281833
55-032,0.8392276422764228,0.046341463414634146,0.053252032520325204,0.29532520325203254,0.11402439024390244,0.11707317073170732,0.022357723577235773,0.06565040650406503,0.00894308943089431,0.8802845528455284,0.022560975609756097,0.0002032520325203252,0.9849812265331664,0.9956195244055068,0.9981226533166458,0.08322903629536921,0.5242839352428393,0.8567870485678705,0.6463262764632628,0.2783312577833126,0.023661270236612703
55-033,0.8360220994475138,0.04795580110497238,0.04839779005524862,0.29082872928176795,0.10386740331491713,0.13569060773480662,0.03933701657458564,0.07425414364640884,0.013480662983425415,0.849060773480663,0.023646408839779004,0.00022099447513812155,0.9759119064005506,0.9889883000688231,0.9944941500344116,0.08396421197522368,0.4544208361891707,0.8169979437971213,0.6374228923920493,0.3207676490747087,0.0205620287868403
55-034,0.8489525909592062,0.038313120176405736,0.05567805953693495,0.3078831312017641,0.09977949283351709,0.13561190738699008,0.029768467475192944,0.05953693495038589,0.005788313120176406,0.8718302094818081,0.03307607497243661,0.0,0.9908256880733946,0.9924937447873228,1.0,0.07589658048373644,0.47880299251870323,0.8379052369077307,0.6658354114713217,0.3341645885286783,0.017456359102244388
55-035,0.8580843585237259,0.04086115992970123,0.070298769771529,0.36775043936731105,0.14806678383128294,0.11335676625659051,0.022847100175746926,0.07425307557117751,0.006590509666080844,0.8567662565905096,0.038224956063268895,0.0013181019332161687,0.986648865153538,0.9919893190921228,1.0,0.12416555407209613,0.4927536231884058,0.8827404479578392,0.7193675889328063,0.31752305665349145,0.02766798418972332
55-036,0.8668563300142248,0.03926031294452347,0.05604551920341394,0.38549075391180654,0.18150782361308676,0.12347083926031295,0.01422475106685633,0.06770981507823613,0.008250355618776671,0.8782361308677098,0.031578947368421054,0.0,0.9406113537117904,0.9930131004366812,0.9991266375545852,0.05764192139737991,0.5052173913043478,0.8721739130434782,0.7269565217391304,0.42434782608695654,0.01565217391304348
55-037,0.7670072992700729,0.08583941605839417,0.05430656934306569,0.21343065693430657,0.08087591240875912,0.22189781021897811,0.14423357664233577,0.044963503649635035,0.00583941605839416,0.785985401459854,0.018102189781021898,0.0008759124087591241,0.8774703557312253,0.9792490118577075,0.9980237154150198,0.23221343873517786,0.44206426484907496,0.6601752677702045,0.5150925024342746,0.3008763388510224,0.08568646543330087
55-038,0.8118845500848897,0.05874363327674024,0.029711375212224108,0.3234295415959253,0.1234295415959253,0.13056027164685907,0.03293718166383701,0.021222410865874362,0.007470288624787776,0.9195246179966045,0.018845500848896433,0.0,0.9527098831030818,0.9750265674814028,0.9962805526036131,0.13336875664187034,0.5721840296139609,0.7800105764145955,0.6409307244843998,0.4262295081967213,0.04230565838180857
55-039,0.8165645960921551,0.05482648002333042,0.04461942257217848,0.35928842228054825,0.14231554389034703,0.1388159813356664,0.040828229804607756,0.02478856809565471,0.004666083406240887,0.9078448527267425,0.021289005540974047,0.0005832604257801109,0.9757009345794393,0.9766355140186916,0.9990654205607477,0.1383177570093458,0.5617455896007428,0.8059424326833797,0.6722376973073352,0.4382544103992572,0.02692664809656453
55-040,0.8371443532902776,0.053237912375632745,0.04538313841857217,0.3555594344562751,0.12393087798917787,0.12899284342817247,0.03770291499389073,0.031419095828242274,0.005061965438994589,0.8996334438820038,0.026182579856868563,0.0,0.965160587915079,0.985302123026674,0.9989112683723462,0.0985302123026674,0.575512405609493,0.8462783171521036,0.6930960086299892,0.4368932038834951,0.0296655879180151
55-041,0.7983367983367984,0.06906906906906907,0.04158004158004158,0.2843612843612844,0.08316008316008316,0.14807114807114807,0.033264033264033266,0.03465003465003465,0.015246015246015246,0.8978978978978979,0.018942018942018943,0.0,0.972183588317107,0.9888734353268428,0.9986091794158554,0.13073713490959665,0.5062240663900415,0.7551867219917012,0.5767634854771784,0.2966804979253112,0.03941908713692946
55-042,0.8128971962616822,0.06467289719626168,0.04205607476635514,0.30317757009345797,0.11626168224299066,0.1502803738317757,0.049345794392523366,0.03626168224299065,0.00822429906542056,0.8912149532710281,0.014953271028037384,0.0,0.954599761051374,0.953405017921147,0.9970131421744325,0.13560334528076465,0.6652769505658129,0.7867778439547349,0.6480047647409172,0.4341870160810006,0.02561048243001787
55-043,0.7610526315789473,0.060789473684210525,0.034210526315789476,0.3423684210526316,0.13210526315789473,0.13631578947368422,0.03,0.03289473684210526,0.003947368421052632,0.9178947368421052,0.015263157894736841,0.0,0.9737058340180772,0.9860312243221035,0.9991783073130649,0.11914543960558752,0.6117936117936118,0.7927927927927928,0.6945126945126945,0.5184275184275184,0.022113022113022112
55-044,0.8778390297684675,0.03726571113561191,0.026019845644983462,0.424696802646086,0.2160970231532525,0.12127894156560089,0.017420066152149943,0.026901874310915105,0.008158765159867696,0.9175303197353915,0.029988974641675853,0.0,0.9612403100775194,0.9830866807610994,0.9985905567300916,0.12544045102184637,0.6682995101469559,0.8656403079076277,0.787963610916725,0.636109167249825,0.016794961511546535
55-045,0.8148631029986962,0.06453715775749674,0.02998696219035202,0.35636679704476315,0.13820078226857888,0.1475445458496306,0.0297696653628857,0.04932637983485441,0.009995654063450673,0.8828770099956541,0.027162103433289873,0.000869187309865276,0.9585316111488783,0.9864038069340585,0.9986403806934059,0.08701563562202583,0.528263795423957,0.8337819650067295,0.6843876177658142,0.37886944818304175,0.02759084791386272
55-046,0.7938793879387939,0.08010801080108011,0.0387038703870387,0.2866786678667867,0.12061206120612061,0.19509450945094509,0.025427542754275428,0.06975697569756975,0.006975697569756975,0.8775877587758776,0.02025202520252025,0.0,0.9655172413793104,0.9820089955022488,0.9985007496251874,0.1191904047976012,0.5973353071798667,0.7668393782383419,0.6528497409326425,0.385640266469282,0.031088082901554404
55-047,0.87595850248083,0.037663509246729815,0.03360396932792061,0.33964817320703655,0.12201172755976544,0.16463689670726206,0.02886783942264321,0.07104194857916103,0.015110509697789806,0.8599458728010826,0.02503382949932341,0.0,0.9912536443148688,0.9956268221574344,0.9985422740524781,0.08309037900874636,0.5322697606961566,0.8600435097897027,0.69108049311095,0.4220449601160261,0.014503263234227702
55-048,0.8607329842931937,0.03961605584642234,0.03926701570680628,0.3706806282722513,0.16020942408376965,0.15427574171029668,0.043804537521815005,0.0474694589877836,0.011169284467713788,0.8722513089005236,0.024083769633507852,0.0012216404886561956,0.9733560090702947,0.9835600907029478,0.9977324263038548,0.10374149659863946,0.6214848143982002,0.8335208098987626,0.7418447694038245,0.4701912260967379,0.0140607424071991
55-049,0.8074183976261128,0.06735905044510386,0.04094955489614243,0.3040059347181009,0.11795252225519288,0.1685459940652819,0.07077151335311573,0.03130563798219584,0.012462908011869436,0.8670623145400593,0.016172106824925817,0.002225519287833828,0.9375,0.9780534351145038,0.9990458015267175,0.12881679389312978,0.5633537447008949,0.785209609043806,0.6457842675459255,0.41544983513895434,0.02920395666509656
55-050,0.7768754833720031,0.07965970610982212,0.05104408352668213,0.25638051044083526,0.08391337973704563,0.16009280742459397,0.06960556844547564,0.046790409899458624,0.0069605568445475635,0.87122969837587,0.005413766434648105,0.0,0.9571984435797666,0.9221789883268483,0.9909208819714657,0.16342412451361868,0.6477419354838709,0.7806451612903226,0.5961290322580645,0.3638709677419355,0.03612903225806452
55-051,0.6774084124830394,0.09056987788331072,0.04782903663500678,0.17469470827679784,0.04002713704206241,0.21031207598371776,0.09938941655359566,0.019335142469470826,0.012890094979647219,0.8558344640434192,0.012550881953867029,0.0,0.9048723897911833,0.7819025522041764,0.988399071925754,0.2888631090487239,0.6237172177879133,0.6681870011402509,0.47434435575826683,0.24173318129988597,0.052451539338654506
55-052,0.7524324324324324,0.08837837837837838,0.03783783783783784,0.2245945945945946,0.06351351351351352,0.1845945945945946,0.13513513513513514,0.017027027027027027,0.0035135135135135136,0.8321621621621622,0.011621621621621621,0.0005405405405405405,0.9406934306569343,0.9443430656934306,0.9954379562043796,0.19981751824817517,0.6681776971894833,0.7180417044424298,0.5294650951949229,0.2928377153218495,0.02901178603807797
55-053,0.8033735736728956,0.07077889862741855,0.04134281461881925,0.30229866049280635,0.11245245576318835,0.1518108152803043,0.07458243757234992,0.0395237307755912,0.010253018025467174,0.8648916818256986,0.010418389283942451,0.000330742516950554,0.9544175576814856,0.9662352279122116,0.9954980303882949,0.19583567810917277,0.6319327731092437,0.7848739495798319,0.6582633053221288,0.4358543417366947,0.03361344537815126
55-902,0.5714285714285714,0.17582417582417584,0.03296703296703297,0.07326007326007326,0.03296703296703297,0.22344322344322345,0.047619047619047616,0.054945054945054944,0.018315018315018316,0.8644688644688645,0.014652014652014652,0.0,0.9705882352941176,0.029411764705882353,0.9803921568627451,0.5490196078431373,0.7941176470588235,0.49019607843137253,0.22549019607843138,0.16666666666666666,0.029411764705882353
55-999,0.669683257918552,0.10256410256410256,0.058823529411764705,0.12066365007541478,0.05279034690799397,0.2911010558069382,0.07541478129713423,0.02865761689291101,0.004524886877828055,0.8853695324283559,0.006033182503770739,0.0,0.7062146892655368,0.6440677966101694,0.8813559322033898,0.3502824858757062,0.8066298342541437,0.6022099447513812,0.36464088397790057,0.27624309392265195,0.0718232044198895
56-001,0.7535395909805978,0.09098059779758784,0.04588358678552701,0.2464604090194022,0.09438909281594127,0.2118510749868904,0.0448348190875721,0.009176717357105402,0.008390141583639224,0.9284216046145779,0.009176717357105402,0.0,0.9527629233511586,0.9866310160427807,0.9982174688057041,0.19340463458110516,0.5333333333333333,0.6973684210526315,0.5736842105263158,0.2719298245614035,0.04649122807017544
56-002,0.8403272631301135,0.04671417260490895,0.0498812351543943,0.3027183953549749,0.10556875164951174,0.16178411190287675,0.02454473475851148,0.023225125362892583,0.007125890736342043,0.9292689363948271,0.01583531274742676,0.0,0.9780033840947546,0.9788494077834179,0.9974619289340102,0.1455160744500846,0.6279461279461279,0.803030303030303,0.6826599326599326,0.4031986531986532,0.04040404040404041
56-003,0.8654618473895582,0.048415885765283356,0.05912539045069166,0.41186970102632753,0.1468094600624721,0.11735832217759928,0.0142793395805444,0.016956715751896476,0.005577867023650156,0.9433288710397144,0.017626059794734493,0.0022311468094600626,0.9606126914660832,0.962800875273523,0.9970824215900802,0.07731582786287382,0.6928104575163399,0.8416848220769789,0.7632534495279594,0.4698620188816267,0.01597676107480029
56-004,0.8629610655737705,0.047387295081967214,0.03944672131147541,0.40548155737704916,0.17776639344262296,0.12269467213114754,0.010502049180327868,0.014344262295081968,0.0038422131147540983,0.9482581967213115,0.02305327868852459,0.0,0.9539094650205762,0.9670781893004116,0.9958847736625515,0.09794238683127572,0.6487804878048781,0.8227642276422764,0.7390243902439024,0.5422764227642276,0.024390243902439025
56-005,0.8527439024390244,0.05121951219512195,0.03323170731707317,0.43871951219512195,0.20884146341463414,0.12164634146341463,0.025914634146341462,0.012804878048780487,0.008231707317073171,0.9304878048780488,0.022560975609756097,0.0,0.9641873278236914,0.9476584022038568,0.9972451790633609,0.07621671258034894,0.7041742286751361,0.8430127041742287,0.7613430127041743,0.5816696914700544,0.015426497277676952
56-006,0.917119073470865,0.021715526601520086,0.031849439015562794,0.5598986608758596,0.3022077452044879,0.07564241766196164,0.007962359753890699,0.013029315960912053,0.003981179876945349,0.9457111834961998,0.029315960912052116,0.0,0.9810690423162584,0.9844097995545658,1.0,0.02783964365256125,0.7710176991150443,0.9435840707964602,0.8960176991150443,0.7345132743362832,0.0055309734513274336
56-007,0.8598705501618124,0.0511326860841424,0.04757281553398058,0.45663430420711976,0.256957928802589,0.13171521035598704,0.01423948220064725,0.01488673139158576,0.006148867313915857,0.9453074433656958,0.019417475728155338,0.0,0.9634273772204807,0.9738766980146291,0.9979101358411703,0.09404388714733543,0.716804979253112,0.8703319502074689,0.7946058091286307,0.6441908713692946,0.006224066390041493
56-008,0.8866050808314088,0.03187066974595843,0.03879907621247113,0.5720554272517321,0.323094688221709,0.06674364896073903,0.006466512702078522,0.012471131639722863,0.006928406466512702,0.9321016166281755,0.04203233256351039,0.0,0.9863112391930836,0.9877521613832853,0.9992795389048992,0.043227665706051875,0.786628733997155,0.9409672830725462,0.89900426742532,0.8051209103840683,0.008534850640113799
56-009,0.8282619907168643,0.05801959773078907,0.04641567818463126,0.4141309953584322,0.19597730789066528,0.14156781846312533,0.020113460546673543,0.012377514182568335,0.01186178442496132,0.9275399690562145,0.02810727178958226,0.0,0.9611734253666955,0.9896462467644521,0.998274374460742,0.11044003451251079,0.6852966466036113,0.8426483233018057,0.7351676698194325,0.5743766122098022,0.026655202063628546
56-010,0.8531963470319635,0.05228310502283105,0.0545662100456621,0.4045662100456621,0.19794520547945205,0.1226027397260274,0.010273972602739725,0.02237442922374429,0.004794520547945206,0.9401826484018265,0.02237442922374429,0.0,0.9627507163323782,0.9785100286532952,0.997134670487106,0.07951289398280802,0.6131334760885082,0.8386866523911491,0.7466095645967167,0.5417558886509636,0.014275517487508922
56-011,0.8915884034299714,0.03164556962025317,0.04797876684360964,0.5061249489587587,0.254797876684361,0.06737443854634545,0.011433238056349531,0.011841567986933442,0.006329113924050633,0.9477337688852593,0.022662311147407105,0.0,0.9785435630689207,0.9954486345903771,0.9986996098829649,0.053966189856957086,0.6666666666666666,0.8975356679636836,0.8138780804150454,0.6738002594033723,0.013618677042801557
56-012,0.9181882855110268,0.024187811240218165,0.04647853924590942,0.6193976760730378,0.31586435854873135,0.05098411192791084,0.005928385107896609,0.008062603746739389,0.0021342186388427793,0.9274365662793455,0.05548968460991226,0.0009485416172634575,0.9875183553597651,0.9801762114537445,1.0,0.06020558002936858,0.7558479532163743,0.9502923976608187,0.918859649122807,0.8421052631578947,0.006578947368421052
56-013,0.8462513199577614,0.04963041182682154,0.051108764519535374,0.4272439281942978,0.20274551214361142,0.1102428722280887,0.006546990496304118,0.014994720168954593,0.0044350580781415,0.9512143611404436,0.022808870116156284,0.0,0.9685658153241651,0.9895219384413884,1.0,0.10478061558611657,0.628072445019405,0.8402328589909444,0.7445019404915912,0.5316946959896507,0.027166882276843468
56-014,0.8690601900739177,0.04382259767687434,0.04514255543822598,0.4585533262935586,0.21277719112988383,0.11272439281942978,0.0034318901795142554,0.018479408658922915,0.004223864836325237,0.9427138331573389,0.0308870116156283,0.00026399155227032733,0.9841004184100418,0.9640167364016736,0.9974895397489539,0.0694560669456067,0.5869394177812746,0.8347757671125098,0.7623918174665618,0.5003933910306845,0.01888276947285602
56-015,0.8033813400125235,0.07806303485702358,0.06345230640784805,0.32227092465038615,0.14109789188060948,0.17407639323731997,0.033813400125234816,0.020246295136714672,0.008348987685243165,0.9217282404508453,0.015863076601962012,0.0,0.9437321937321937,0.9323361823361823,0.9928774928774928,0.16025641025641027,0.5861344537815126,0.7689075630252101,0.6673669467787114,0.39705882352941174,0.0350140056022409
56-016,0.8110618534937725,0.06649778340721976,0.05763141228625712,0.3362887903736542,0.14291745830694533,0.16233903314333967,0.01625501372176483,0.013932868904369854,0.007599746675110829,0.9430018999366688,0.017943846316233903,0.001266624445851805,0.9526424159231297,0.9588194921070693,0.9965682910089224,0.15511324639670557,0.6489434219495569,0.7695978186775733,0.6462167689161554,0.3987730061349693,0.029993183367416496
56-017,0.7960714285714285,0.07392857142857143,0.05392857142857143,0.2546428571428571,0.0925,0.15535714285714286,0.035,0.01607142857142857,0.019642857142857142,0.9207142857142857,0.008571428571428572,0.0,0.9376528117359413,0.9376528117359413,0.9963325183374083,0.24327628361858192,0.6547619047619048,0.7476190476190476,0.5702380952380952,0.3416666666666667,0.05357142857142857
56-018,0.9054950889301832,0.014865941067162198,0.04486328643482878,0.5165914520838863,0.24820812317494026,0.07061322006902045,0.003185558800106185,0.014335014600477834,0.009025749933634192,0.9554021767985134,0.018051499867268384,0.0,0.9816819317235637,0.97751873438801,0.9991673605328892,0.0324729392173189,0.7412935323383084,0.9262023217247097,0.8706467661691543,0.6699834162520729,0.007462686567164179
56-019,0.8763364219529579,0.029223093371347115,0.042765502494654314,0.4429793300071276,0.18317890235210263,0.09907341411261582,0.009265858873841768,0.017462580185317177,0.003920171062009979,0.9440484675694939,0.025302922309337134,0.0,0.9805714285714285,0.9874285714285714,0.9965714285714286,0.04228571428571429,0.6076233183856502,0.8778026905829597,0.7769058295964125,0.5964125560538116,0.013452914798206279
56-020,0.858806404657933,0.04861717612809316,0.05851528384279476,0.41222707423580784,0.18311499272197962,0.11790393013100436,0.010771470160116448,0.010189228529839884,0.009315866084425037,0.9394468704512373,0.02911208151382824,0.0011644832605531296,0.9615384615384616,0.9892665474060823,0.998211091234347,0.09838998211091235,0.6360485268630849,0.8275563258232236,0.7400346620450606,0.4852686308492201,0.016464471403812825
56-021,0.8793577981651376,0.0389908256880734,0.06116207951070336,0.47262996941896024,0.23226299694189603,0.10840978593272171,0.009480122324159021,0.023853211009174313,0.003363914373088685,0.9307339449541284,0.03226299694189602,0.0003058103975535168,0.9816470588235294,0.9882352941176471,1.0,0.08094117647058824,0.6811594202898551,0.8602150537634409,0.7928938756428238,0.5946704067321178,0.013557737260402058
56-022,0.8502463054187193,0.05390570021111893,0.04546094299788881,0.43434201266713585,0.21224489795918366,0.11738212526389866,0.009992962702322309,0.014496833216045038,0.005348346235045743,0.9466572836030964,0.0235045742434905,0.0,0.980561555075594,0.980561555075594,0.9982721382289417,0.10194384449244061,0.6429184549356223,0.8510729613733906,0.7450643776824034,0.5459227467811159,0.012446351931330472
56-023,0.8062715918150412,0.06404464522986979,0.038798830720170076,0.39914961466914695,0.1793781557268137,0.12835503587563116,0.01355301621047037,0.016210470369386127,0.008769598724422003,0.9263885197980335,0.03454690406590486,0.0005314908317831517,0.9294012511170688,0.9222520107238605,0.9964253798033958,0.15192135835567472,0.6734154929577465,0.7948943661971831,0.6892605633802817,0.551056338028169,0.02992957746478873
56-024,0.7797069994574064,0.0914270211611503,0.050461204557786216,0.33613673358654367,0.13510580575149214,0.1785132935431362,0.02875746066196419,0.015463917525773196,0.008410200759631037,0.921595225176343,0.02577319587628866,0.0,0.9332146037399822,0.9038290293855743,0.9991095280498664,0.1495992876224399,0.6472632493483927,0.7741094700260643,0.634231103388358,0.4413553431798436,0.03735881841876629
56-025,0.8881900768693222,0.039832285115303984,0.04437456324248777,0.5286512928022362,0.2543675751222921,0.07302585604472397,0.006289308176100629,0.009084556254367574,0.0017470300489168414,0.9322152341020266,0.0506638714185884,0.0,0.9762150982419855,0.9689762150982419,1.0,0.05997931747673216,0.7067901234567902,0.904320987654321,0.8251028806584362,0.698559670781893,0.009259259259259259
56-026,0.9175084175084175,0.02356902356902357,0.03569023569023569,0.5993265993265994,0.2777777777777778,0.0734006734006734,0.0047138047138047135,0.00202020202020202,0.003367003367003367,0.9444444444444444,0.045454545454545456,0.0,0.9807302231237323,0.9858012170385395,0.9989858012170385,0.07606490872210954,0.7698492462311558,0.9407035175879397,0.8834170854271357,0.8100502512562814,0.009045226130653266
56-027,0.9010046557216369,0.030629747610879686,0.04582210242587601,0.5211957853467287,0.2398921832884097,0.10022053418279833,0.007596177407498162,0.00490075961774075,0.0036755697133055622,0.9536878216123499,0.029649595687331536,0.000490075961774075,0.9722675367047309,0.9861337683523654,0.9975530179445351,0.02936378466557912,0.7622097678142514,0.900720576461169,0.8590872698158527,0.7165732586068855,0.008807045636509208
56-028,0.9088689991863304,0.013018714401952807,0.045565500406834825,0.5318687279631137,0.2731217792243016,0.04448060754000543,0.005153241117439653,0.014103607268782207,0.0029834553837808516,0.9547057228098725,0.023053973420124763,0.0,0.9898132427843803,0.9915110356536503,0.9991511035653651,0.011884550084889643,0.7381756756756757,0.9569256756756757,0.9096283783783784,0.768581081081081,0.0008445945945945946
56-029,0.8417108960349672,0.061192631907586635,0.033406181704651886,0.4024352169840774,0.1863877614736185,0.11738994692475804,0.00561973150171714,0.011551670309085233,0.0034342803621604744,0.9662816109896971,0.012800499531689042,0.00031220730565095225,0.9673802242609582,0.981651376146789,0.9979612640163099,0.059123343527013254,0.731948565776459,0.8447082096933729,0.7645895153313551,0.5905044510385756,0.010880316518298714
56-030,0.8818963127252565,0.02633767673967286,0.02273357360687552,0.45134460770723595,0.18713612420293874,0.11948988078735792,0.016079844746326587,0.009426115885777655,0.004435819240365955,0.9487108400332687,0.02134738009426116,0.0,0.941541186891054,0.9441984056687334,0.9973427812223207,0.08237378210806023,0.7546337157987644,0.8755516328331863,0.7802294792586054,0.6390114739629302,0.01323918799646955
56-031,0.8977110157367668,0.035050071530758224,0.04041487839771102,0.5253934191702432,0.2575107296137339,0.07832618025751073,0.004291845493562232,0.017167381974248927,0.008583690987124463,0.9434907010014306,0.026466380543633764,0.0,0.9653979238754326,0.9907727797001153,1.0,0.05997693194925029,0.7717889908256881,0.9174311926605505,0.8497706422018348,0.7110091743119266,0.008027522935779817
56-999,0.7674498370776882,0.08300463042359801,0.0763162407820271,0.2876007545875493,0.12690790601955068,0.2164294289144229,0.04767621334247985,0.022980620819756475,0.009603841536614645,0.9067055393586005,0.013033784942548449,0.0,0.856547619047619,0.7416666666666667,0.9773809523809524,0.2720238095238095,0.694428489373923,0.7099368179207353,0.5761056863871339,0.3871338311315336,0.049971280873061456
57-001,0.8951033732317737,0.031991294885745376,0.041349292709466814,0.5366702937976061,0.3044613710554951,0.12252448313384114,0.013492927094668117,0.013057671381936888,0.004134929270946681,0.7653971708378673,0.20217627856365614,0.0017410228509249185,0.9534722222222223,0.9458333333333333,0.9986111111111111,0.07569444444444444,0.699585635359116,0.9185082872928176,0.8584254143646409,0.7624309392265194,0.012430939226519336
57-002,0.9306748466257668,0.020245398773006136,0.02883435582822086,0.6720858895705522,0.3371165644171779,0.07423312883435583,0.008282208588957056,0.010429447852760737,0.006441717791411043,0.7506134969325153,0.21871165644171778,0.005521472392638037,0.9829059829059829,0.9803418803418803,0.9982905982905983,0.06752136752136752,0.7033613445378152,0.9672268907563025,0.9327731092436975,0.8369747899159664,0.005042016806722689
57-003,0.8864218616567037,0.03131226871619698,0.03729006547110732,0.5624822089382294,0.24879020779960148,0.107600341588386,0.015086820381440364,0.005977796754910333,0.005123825789923143,0.901508682038144,0.07230287503558212,0.0,0.9714703730797366,0.9948792977322605,1.0,0.030724213606437453,0.5514223194748359,0.9095550692924872,0.8657913931436907,0.6061269146608315,0.010211524434719184
57-004,0.8917678812415655,0.03049932523616734,0.03427800269905533,0.6026990553306343,0.340080971659919,0.09662618083670715,0.01970310391363023,0.010796221322537112,0.005937921727395412,0.7792172739541161,0.1805668016194332,0.003778677462887989,0.970310391363023,0.941970310391363,0.9993252361673415,0.06815114709851552,0.6096579476861167,0.9161636485580148,0.8370221327967807,0.7712944332662642,0.011401743796109993
57-005,0.8072289156626506,0.06626506024096386,0.026391279403327597,0.44463568559954103,0.2455536431440046,0.1606425702811245,0.022948938611589215,0.011187607573149742,0.006597819850831899,0.8473895582329317,0.11072862880091795,0.0011474469305794606,0.9445865302642796,0.9889173060528559,0.9974424552429667,0.11679454390451834,0.6349072512647554,0.8583473861720068,0.7833052276559865,0.6526138279932546,0.02951096121416526
57-006,0.8960573476702509,0.04062126642771804,0.037037037037037035,0.5755675029868578,0.28285543608124253,0.10065710872162485,0.022401433691756272,0.014038231780167264,0.01015531660692951,0.8133213859020311,0.13799283154121864,0.002090800477897252,0.9798149705634988,0.9882253994953742,0.9991589571068125,0.0656013456686291,0.5961376994122586,0.8975650713685979,0.8312342569269522,0.6842989084802686,0.01343408900083963
57-007,0.9094017094017094,0.02905982905982906,0.029914529914529916,0.6262108262108262,0.3264957264957265,0.04928774928774929,0.009971509971509971,0.005413105413105413,0.003988603988603989,0.8390313390313391,0.1415954415954416,0.0,0.9798994974874372,0.9824120603015075,0.9991624790619765,0.04773869346733668,0.7933609958506224,0.9692946058091286,0.9311203319502075,0.8954356846473029,0.008298755186721992
57-008,0.9048507462686567,0.025186567164179104,0.04042288557213931,0.5674751243781094,0.26026119402985076,0.08115671641791045,0.011194029850746268,0.007462686567164179,0.002798507462686567,0.8258706467661692,0.1501865671641791,0.0024875621890547263,0.9250965250965251,0.9922779922779923,0.9953667953667954,0.033204633204633204,0.6867838044308633,0.9388846447669977,0.8861726508785333,0.745607333842628,0.009167303284950344
57-009,0.8552938130986281,0.04711364224695832,0.03986538959358012,0.46958322547243075,0.2342738804038312,0.11881957028216412,0.016826300802485115,0.01190784364483562,0.003106393994304944,0.9034429200103546,0.062127879886098886,0.0025886616619207868,0.9462686567164179,0.9537313432835821,0.9970149253731343,0.10671641791044777,0.7288135593220338,0.8725128960943257,0.7988209285187915,0.6779661016949152,0.01694915254237288
57-010,0.9339884101788863,0.015369110607205845,0.01889644746787604,0.6412194507432603,0.3469387755102041,0.05542957923910305,0.002771478961955152,0.004283194759385236,0.002771478961955152,0.8851095993953136,0.10430839002267574,0.0007558578987150416,0.9820592823712948,0.9695787831513261,0.999219968798752,0.042901716068642744,0.8105022831050228,0.974124809741248,0.9406392694063926,0.8904109589041096,0.00532724505327245
57-011,0.821401077752117,0.06812933025404157,0.025789068514241724,0.35912240184757505,0.18321785989222478,0.18514241724403388,0.14280215550423403,0.010392609699769052,0.008852963818321785,0.7979214780600462,0.04003079291762895,0.0,0.9416243654822335,0.9631979695431472,0.9961928934010152,0.1319796954314721,0.5843828715365239,0.8136020151133502,0.6826196473551638,0.5088161209068011,0.03400503778337532
57-012,0.7863279790810609,0.07620470676129996,0.03922301083302204,0.21591333582368322,0.09301456854688084,0.23384385506163616,0.26634292118042585,0.04221143070601419,0.012327231976092642,0.6585730295106462,0.02054538662682107,0.0,0.940677966101695,0.9636803874092009,0.9842615012106537,0.162227602905569,0.4735576923076923,0.7235576923076923,0.5661057692307693,0.2932692307692308,0.052884615384615384
57-999,0.6075949367088608,0.13924050632911392,0.05063291139240506,0.1518987341772152,0.08860759493670886,0.22784810126582278,0.569620253164557,0.0,0.05063291139240506,0.379746835443038,0.0,0.0,0.8636363636363636,0.13636363636363635,0.9545454545454546,0.3181818181818182,0.6363636363636364,0.5909090909090909,0.2727272727272727,0.36363636363636365,0.13636363636363635
58-001,0.5806451612903226,0.24193548387096775,0.0913978494623656,0.0967741935483871,0.05913978494623656,0.25268817204301075,0.0,0.0,0.0,1.0,0.0,0.0,0.9428571428571428,0.9,0.9857142857142858,0.2571428571428571,0.7428571428571429,0.5142857142857142,0.32857142857142857,0.08571428571428572,0.0
58-999,0.5165394402035624,0.272264631043257,0.16539440203562342,0.05089058524173028,0.005089058524173028,0.3104325699745547,0.005089058524173028,0.002544529262086514,0.005089058524173028,0.9516539440203562,0.035623409669211195,0.0,0.6,0.44,0.992,0.632,0.7142857142857143,0.48412698412698413,0.16666666666666666,0.14285714285714285,0.023809523809523808
59-001,0.712778429073857,0.12739351309105118,0.04533020711215319,0.18835482610394685,0.05470887065259867,0.28487690504103164,0.0523642047674873,0.011332551778038297,0.008597108245408363,0.9155920281359906,0.01211410707307542,0.0,0.8908629441624365,0.9314720812182741,0.9911167512690355,0.2918781725888325,0.53875,0.6275,0.4425,0.275,0.0725
59-002,0.7176520994001714,0.12553556126820908,0.04584404455869751,0.15681233933161953,0.044130248500428446,0.2570694087403599,0.06812339331619537,0.031705227077977724,0.014138817480719794,0.8684661525278492,0.017566409597257925,0.0,0.8844566712517193,0.889958734525447,0.9958734525447043,0.265474552957359,0.4952120383036936,0.6320109439124487,0.4008207934336525,0.2161422708618331,0.08207934336525308
59-999,0.6649492347325352,0.14153659645400818,0.05879678739202909,0.123352023033793,0.03682376117593575,0.29898469465070465,0.07122291256250947,0.01045612971662373,0.009546901045612972,0.8960448552811032,0.01272920139415063,0.0,0.7970721857647652,0.491670873296315,0.9934376577486118,0.34729934376577487,0.6366336633663366,0.6247524752475248,0.42326732673267325,0.22376237623762377,0.0599009900990099
60-001,0.7127092846270928,0.10540334855403348,0.0380517503805175,0.21080669710806696,0.05060882800608828,0.18645357686453576,0.11187214611872145,0.032343987823439876,0.003424657534246575,0.8432267884322678,0.006468797564687975,0.002663622526636225,0.8943488943488943,0.9312039312039312,0.9975429975429976,0.22235872235872237,0.4531059683313033,0.6772228989037758,0.4762484774665043,0.23629719853836784,0.11327649208282582
60-002,0.7487781036168133,0.07673509286412512,0.03421309872922776,0.19159335288367546,0.05816226783968719,0.20576735092864126,0.16177908113391984,0.026881720430107527,0.00635386119257087,0.7947214076246334,0.010263929618768328,0.0,0.9491279069767442,0.9651162790697675,0.997093023255814,0.11918604651162791,0.4357864357864358,0.7243867243867244,0.4935064935064935,0.21645021645021645,0.07215007215007214
60-003,0.6382322713257965,0.12076053442959918,0.019013360739979446,0.13257965056526208,0.029804727646454265,0.2394655704008222,0.2738951695786228,0.025179856115107913,0.012332990750256937,0.6747173689619733,0.012332990750256937,0.001541623843782117,0.9075500770416025,0.9830508474576272,0.987673343605547,0.14329738058551617,0.3267175572519084,0.6519083969465649,0.3251908396946565,0.19236641221374046,0.11297709923664122
60-907,0.6277577216205376,0.11552346570397112,0.04973926995587646,0.1712795828319294,0.04853590052146009,0.2547131969514641,0.13156839149618932,0.04091456077015644,0.012033694344163659,0.8066586442037705,0.008824709185720016,0.0,0.8888888888888888,0.8848238482384824,0.991869918699187,0.24932249322493225,0.5628342245989305,0.6858288770053476,0.4264705882352941,0.23663101604278075,0.06818181818181818
60-916,0.583373610439826,0.11889801836636056,0.0430159497341711,0.1193813436442726,0.033832769453842435,0.24214596423392942,0.015466408893185114,0.01836636056065732,0.0043499275012083135,0.9536007733204447,0.008216529724504592,0.0,0.8431061806656102,0.9334389857369255,0.9904912836767037,0.40570522979397783,0.6593059936908517,0.6151419558359621,0.35173501577287064,0.2082018927444795,0.056782334384858045
60-924,0.8103638368246968,0.05402425578831312,0.04520396912899669,0.19625137816979052,0.047409040793825796,0.23153252480705622,0.07938257993384785,0.009922822491730982,0.020948180815876516,0.8787210584343991,0.011025358324145534,0.0,0.9865319865319865,0.9326599326599326,0.9966329966329966,0.08417508417508418,0.35294117647058826,0.738562091503268,0.45751633986928103,0.2973856209150327,0.058823529411764705
60-999,0.6963727329580988,0.1299249530956848,0.05753595997498437,0.12898686679174484,0.03424015009380863,0.2945590994371482,0.05597248280175109,0.023139462163852407,0.005159474671669793,0.9072858036272671,0.008442776735459663,0.0,0.8269435569755058,0.6480298189563365,0.9882854100106496,0.3572949946751864,0.5984615384615385,0.6487179487179487,0.39076923076923076,0.2282051282051282,0.06
61-001,0.3627450980392157,0.2549019607843137,0.18627450980392157,0.16666666666666666,0.049019607843137254,0.20588235294117646,0.0,0.06862745098039216,0.0,0.9313725490196079,0.0,0.0,0.9024390243902439,0.5365853658536586,1.0,0.6829268292682927,0.5476190476190477,0.47619047619047616,0.19047619047619047,0.11904761904761904,0.07142857142857142
61-888,0.0,0.3333333333333333,0.3333333333333333,0.3333333333333333,0.0,0.0,0.0,0.0,1.0,0.0,0.0,0.0,0.6666666666666666,0.6666666666666666,1.0,0.6666666666666666,0.3333333333333333,0.6666666666666666,0.6666666666666666,0.3333333333333333,0.0
61-999,0.47842401500938087,0.23702313946216386,0.09568480300187618,0.10569105691056911,0.01876172607879925,0.21951219512195122,0.00375234521575985,0.023139462163852407,0.01813633520950594,0.9443402126328956,0.010631644777986242,0.0,0.6647286821705426,0.31007751937984496,0.9515503875968992,0.7790697674418605,0.5523809523809524,0.3314285714285714,0.14095238095238094,0.13142857142857142,0.03238095238095238
62-001,0.7765089722675367,0.09706362153344208,0.06892332789559544,0.2573409461663948,0.08890701468189233,0.23123980424143556,0.044861337683523655,0.013050570962479609,0.005301794453507341,0.9302610114192496,0.0065252854812398045,0.0,0.8637015781922525,0.8866571018651362,0.9971305595408895,0.25107604017216645,0.6138888888888889,0.6888888888888889,0.5069444444444444,0.30833333333333335,0.06805555555555555
62-999,0.7632696390658175,0.09447983014861996,0.06740976645435244,0.22717622080679406,0.061040339702760085,0.2372611464968153,0.12154989384288747,0.019639065817409766,0.0074309978768577496,0.8428874734607219,0.008492569002123142,0.0,0.7606679035250464,0.6679035250463822,0.9814471243042672,0.3580705009276438,0.6762075134168157,0.6422182468694096,0.4543828264758497,0.26654740608228983,0.08228980322003578
63-001,0.7239722370528564,0.10411105178857448,0.04538174052322477,0.198611852642819,0.04965296316070475,0.22744260544580885,0.032568072610784836,0.020822210357714897,0.0037373198077949813,0.9247197010144154,0.018152696209289908,0.0,0.8286189683860233,0.8985024958402662,0.9983361064891847,0.2079866888519135,0.5338842975206611,0.7256198347107438,0.4512396694214876,0.33553719008264465,0.05785123966942149
63-002,0.725359522974395,0.07927043142756927,0.045247281655559454,0.1890564714135391,0.053314626446860754,0.19221325850578744,0.021396001403016486,0.025955804980708524,0.011925640126271484,0.9316029463346195,0.009119607155384075,0.0,0.7641304347826087,0.9489130434782609,0.9967391304347826,0.175,0.49945828819068255,0.7150595882990249,0.49295774647887325,0.24702058504875407,0.05308775731310943
63-003,0.7372320719767134,0.08441386610214342,0.06377348504895475,0.21619476051865572,0.06033342154008997,0.22228102672664726,0.045514686424980154,0.0224927229425774,0.003440063508864779,0.9010320190526594,0.02540354591161683,0.0021169621593014024,0.9469164715066355,0.9664324746291959,0.9976580796252927,0.15768930523028885,0.4034134988363072,0.6501163692785105,0.425911559348332,0.2591155934833204,0.0682699767261443
63-004,0.733912683633354,0.08917856403889923,0.06496999793089178,0.2042209807572936,0.06621146285950755,0.2377405338299193,0.047589488930271054,0.03041589075108628,0.006414235464514794,0.8981998758535071,0.015518311607697082,0.00186219739292365,0.9523809523809523,0.9715608465608465,0.9986772486772487,0.18783068783068782,0.44248366013071894,0.6908496732026144,0.44313725490196076,0.26405228758169935,0.06601307189542484
63-888,0.5833333333333334,0.16666666666666666,0.16666666666666666,0.08333333333333333,0.0,0.3333333333333333,0.25,0.16666666666666666,0.0,0.5833333333333334,0.0,0.0,0.4,0.4,1.0,0.2,0.6,0.4,0.2,0.4,0.0
63-902,0.67618332081142,0.10743801652892562,0.0608564988730278,0.12396694214876033,0.04282494365138993,0.3178061607813674,0.14425244177310292,0.059353869271224644,0.015777610818933134,0.763335837716003,0.01728024042073629,0.0,0.9203747072599532,0.7072599531615925,0.9976580796252927,0.13817330210772832,0.4195804195804196,0.6153846153846154,0.34965034965034963,0.25874125874125875,0.07459207459207459
63-905,0.6521739130434783,0.11594202898550725,0.057971014492753624,0.2318840579710145,0.028985507246376812,0.30434782608695654,0.0,0.0,0.0,0.9710144927536232,0.028985507246376812,0.0,0.967741935483871,1.0,1.0,0.1935483870967742,0.4838709677419355,0.5806451612903226,0.3548387096774194,0.3225806451612903,0.0
63-916,0.6195121951219512,0.13658536585365855,0.07317073170731707,0.3024390243902439,0.12195121951219512,0.1951219512195122,0.06829268292682927,0.02926829268292683,0.0,0.8731707317073171,0.02926829268292683,0.0,0.9066666666666666,0.7333333333333333,0.9866666666666667,0.3466666666666667,0.5974025974025974,0.7142857142857143,0.5194805194805194,0.4805194805194805,0.012987012987012988
63-923,0.6888888888888889,0.06666666666666667,0.15555555555555556,0.15555555555555556,0.06666666666666667,0.17777777777777778,0.0,0.0,0.0,1.0,0.0,0.0,0.10526315789473684,0.05263157894736842,1.0,0.42105263157894735,0.8947368421052632,0.631578947368421,0.3157894736842105,0.3684210526315789,0.05263157894736842
63-937,0.9162790697674419,0.018604651162790697,0.037209302325581395,0.46511627906976744,0.1813953488372093,0.09767441860465116,0.027906976744186046,0.009302325581395349,0.0,0.9488372093023256,0.013953488372093023,0.0,0.9850746268656716,0.9552238805970149,1.0,0.08955223880597014,0.7910447761194029,0.9402985074626866,0.7611940298507462,0.7014925373134329,0.04477611940298507
63-999,0.698938745112642,0.11375907652206294,0.06870229007633588,0.15714019735617205,0.03760938372742506,0.2699683485384472,0.04021597467883076,0.022342208154905976,0.008750698194004841,0.9180785700986781,0.010426363805622788,0.0001861850679575498,0.7937766931055522,0.6089078706528371,0.984136668700427,0.2733374008541794,0.6045949214026602,0.7061668681983071,0.4486094316807739,0.2750906892382104,0.05562273276904474
64-001,0.7955678670360111,0.08005540166204986,0.043490304709141274,0.3271468144044321,0.12326869806094183,0.19722991689750694,0.01662049861495845,0.018282548476454295,0.007479224376731302,0.9326869806094182,0.023822714681440444,0.00110803324099723,0.8401826484018264,0.8392694063926941,0.9954337899543378,0.26210045662100456,0.6791111111111111,0.7831111111111111,0.6346666666666667,0.41955555555555557,0.029333333333333333
64-923,0.7732732732732732,0.06906906906906907,0.04804804804804805,0.17117117117117117,0.06756756756756757,0.22522522522522523,0.05855855855855856,0.010510510510510511,0.0075075075075075074,0.9129129129129129,0.010510510510510511,0.0,0.8882978723404256,0.026595744680851064,1.0,0.2925531914893617,0.7010309278350515,0.7577319587628866,0.3917525773195876,0.27835051546391754,0.04639175257731959
64-928,0.8102678571428571,0.07366071428571429,0.04017857142857143,0.36830357142857145,0.15178571428571427,0.16741071428571427,0.029017857142857144,0.013392857142857142,0.004464285714285714,0.9352678571428571,0.013392857142857142,0.004464285714285714,0.9047619047619048,0.04081632653061224,0.9931972789115646,0.2585034013605442,0.6405228758169934,0.8169934640522876,0.6274509803921569,0.5359477124183006,0.032679738562091505
64-999,0.6973488233541852,0.12749478701221328,0.05421507298182902,0.15743223115877272,0.05153410783437593,0.2515638963360143,0.015490020851951147,0.007893952934167411,0.004468275245755138,0.9587429252308609,0.013404825737265416,0.0,0.7876200640341515,0.3383137673425827,0.987726787620064,0.29989327641408753,0.7274119448698315,0.6651352730985196,0.4063297600816743,0.2450229709035222,0.03879530372639101
65-001,0.7705882352941177,0.06470588235294118,0.047058823529411764,0.21241830065359477,0.07745098039215687,0.2238562091503268,0.1996732026143791,0.05784313725490196,0.012745098039215686,0.7160130718954248,0.013725490196078431,0.0,0.9424538545059717,0.9109663409337676,0.995656894679696,0.22149837133550487,0.5977130977130977,0.738045738045738,0.5509355509355509,0.26715176715176714,0.06548856548856549
65-002,0.7940133037694014,0.08647450110864745,0.040798226164079826,0.28403547671840357,0.12062084257206208,0.20199556541019956,0.09246119733924613,0.01507760532150776,0.008203991130820399,0.8669623059866962,0.01729490022172949,0.0,0.9299698795180723,0.8704819277108434,0.9962349397590361,0.1746987951807229,0.6268545994065282,0.7603857566765578,0.6305637982195845,0.4235905044510386,0.03115727002967359
65-003,0.7782819116757411,0.07985480943738657,0.03720508166969147,0.22444041137326073,0.07894736842105263,0.1984271022383545,0.12099213551119177,0.009074410163339383,0.0027223230490018148,0.8596491228070176,0.007562008469449486,0.0,0.9174406604747162,0.9545923632610939,0.9979360165118679,0.20743034055727555,0.5695159629248198,0.7476828012358393,0.5602471678681772,0.3233779608650875,0.0411946446961895
65-004,0.7423027166882277,0.09133247089262614,0.05407503234152652,0.1909443725743855,0.06520051746442432,0.19741267787839586,0.13531694695989652,0.010608020698576973,0.014747736093143596,0.8357050452781372,0.0036222509702457956,0.0,0.8777777777777778,0.8629629629629629,0.9898148148148148,0.2037037037037037,0.6593406593406593,0.7087912087912088,0.5173992673992674,0.26282051282051283,0.048534798534798536
65-999,0.4650537634408602,0.07258064516129033,0.08333333333333333,0.11290322580645161,0.016129032258064516,0.17204301075268819,0.06720430107526881,0.002688172043010753,0.008064516129032258,0.9220430107526881,0.0,0.0,0.8390804597701149,0.5747126436781609,0.9540229885057471,0.3103448275862069,0.7126436781609196,0.4827586206896552,0.45977011494252873,0.14942528735632185,0.06896551724137931
66-001,0.7052845528455285,0.11585365853658537,0.08333333333333333,0.15040650406504066,0.047764227642276426,0.27134146341463417,0.02032520325203252,0.011178861788617886,0.0,0.9563008130081301,0.012195121951219513,0.0,0.9209621993127147,0.9312714776632303,0.9896907216494846,0.26804123711340205,0.5714285714285714,0.6768707482993197,0.3707482993197279,0.3163265306122449,0.04421768707482993
66-999,0.5394871794871795,0.18666666666666668,0.06564102564102564,0.10564102564102563,0.028717948717948718,0.30666666666666664,0.19589743589743588,0.021538461538461538,0.006153846153846154,0.7671794871794871,0.009230769230769232,0.0,0.4954128440366973,0.41590214067278286,0.8929663608562691,0.6207951070336392,0.503030303030303,0.39090909090909093,0.22424242424242424,0.22727272727272727,0.10303030303030303
68-001,0.7053701015965167,0.1509433962264151,0.09433962264150944,0.17706821480406387,0.07547169811320754,0.19448476052249636,0.01741654571843251,0.005805515239477504,0.013062409288824383,0.9521044992743106,0.011611030478955007,0.0,0.9380165289256198,0.8801652892561983,1.0,0.384297520661157,0.6122448979591837,0.563265306122449,0.32653061224489793,0.17142857142857143,0.02040816326530612
68-999,0.560352422907489,0.17841409691629956,0.07577092511013216,0.11674008810572688,0.025110132158590308,0.1960352422907489,0.02026431718061674,0.03480176211453744,0.01629955947136564,0.9013215859030838,0.027312775330396475,0.0,0.7716129032258064,0.535483870967742,0.9703225806451613,0.5729032258064516,0.5761843790012804,0.5019206145966709,0.2471190781049936,0.15492957746478872,0.06017925736235595
69-001,0.7106796116504854,0.13009708737864079,0.07184466019417475,0.16116504854368932,0.04757281553398058,0.1912621359223301,0.007766990291262136,0.03398058252427184,0.01650485436893204,0.9281553398058252,0.013592233009708738,0.0,0.9487870619946092,0.9299191374663073,1.0,0.33692722371967654,0.47480106100795755,0.6074270557029178,0.29442970822281167,0.22811671087533156,0.03978779840848806
69-999,0.6099656357388317,0.16323024054982818,0.06987399770904926,0.10767468499427263,0.03436426116838488,0.23997709049255442,0.020618556701030927,0.024627720504009163,0.010882016036655211,0.9284077892325315,0.015463917525773196,0.0,0.75,0.3,0.9879310344827587,0.5672413793103448,0.4702886247877759,0.5195246179966044,0.2071307300509338,0.19015280135823429,0.03735144312393888
70-001,0.7797619047619048,0.0880952380952381,0.04196428571428571,0.3556547619047619,0.14404761904761904,0.17946428571428572,0.10119047619047619,0.0125,0.008333333333333333,0.8574404761904761,0.019642857142857142,0.0008928571428571428,0.935609756097561,0.9629268292682926,0.9931707317073171,0.13463414634146342,0.5748331744518589,0.7473784556720686,0.6310772163965681,0.3813155386081983,0.055290753098188754
70-002,0.7846831416687057,0.08245656961096158,0.027403963787619282,0.32224125275263027,0.12258380229997554,0.20479569366283337,0.07413750917543431,0.007095669195008564,0.009053095179838513,0.8945436750672865,0.015170051382432102,0.0,0.9688026981450253,0.978920741989882,0.9983136593591906,0.10033726812816189,0.6402997502081599,0.771856786011657,0.6577851790174855,0.4079933388842631,0.0507910074937552
70-908,0.8146300914380715,0.058187863674147966,0.034912718204488775,0.3765586034912718,0.15793848711554448,0.2028262676641729,0.03408146300914381,0.020781379883624274,0.00997506234413965,0.8944305901911886,0.040731504571903575,0.0,0.9302949061662198,0.8498659517426274,1.0,0.16621983914209115,0.7306666666666667,0.7946666666666666,0.6853333333333333,0.5733333333333334,0.029333333333333333
70-910,0.922093023255814,0.01744186046511628,0.01627906976744186,0.6674418604651163,0.40813953488372096,0.027906976744186046,0.002325581395348837,0.0,0.002325581395348837,0.8604651162790697,0.13488372093023257,0.0,0.996415770609319,1.0,1.0,0.014336917562724014,0.910394265232975,0.967741935483871,0.942652329749104,0.985663082437276,0.010752688172043012
70-912,0.8191030212047289,0.06436479639707263,0.03828110339650966,0.42090448489397636,0.211109026083693,0.1681366109964346,0.030024394820791892,0.009194970913867517,0.002251829611559392,0.8697691874648151,0.08744604991555639,0.0013135672734096453,0.9406001224739743,0.8995713410900184,0.9987752602571953,0.1904470300061237,0.7385542168674699,0.8174698795180723,0.7325301204819277,0.6331325301204819,0.04216867469879518
70-918,0.9382257315373896,0.013701811425917325,0.03320947515095216,0.6820715281003251,0.3762192289828147,0.0580585229911751,0.002786809103576405,0.005109150023223409,0.0041802136553646075,0.7819321876451463,0.20483046911286576,0.0011611704598235022,0.9642160052049447,0.9863370201691607,0.9993493819128172,0.03057905009759271,0.7206740116655865,0.9799092676604018,0.9293583927414129,0.9105638366817888,0.007128969539857421
70-999,0.8845890410958904,0.030821917808219176,0.020205479452054795,0.5215753424657534,0.3136986301369863,0.10993150684931507,0.017465753424657535,0.003767123287671233,0.006506849315068493,0.8441780821917808,0.1267123287671233,0.0013698630136986301,0.9383783783783783,0.6972972972972973,0.9848648648648649,0.12,0.7720430107526882,0.8956989247311828,0.8247311827956989,0.7817204301075269,0.024731182795698924
71-001,0.6775067750677507,0.21951219512195122,0.1111111111111111,0.14092140921409213,0.04065040650406504,0.22493224932249323,0.008130081300813009,0.0,0.0,0.967479674796748,0.02168021680216802,0.0027100271002710027,0.711864406779661,0.9067796610169492,0.9915254237288136,0.635593220338983,0.6302521008403361,0.6470588235294118,0.3277310924369748,0.2689075630252101,0.04201680672268908
71-908,0.6209366391184573,0.1443526170798898,0.050137741046831955,0.11955922865013774,0.017079889807162536,0.19063360881542699,0.07493112947658402,0.02534435261707989,0.008264462809917356,0.8881542699724518,0.003305785123966942,0.0,0.4386973180076628,0.07279693486590039,0.8984674329501916,0.4827586206896552,0.665406427221172,0.5444234404536862,0.2570888468809074,0.12098298676748583,0.10775047258979206
71-999,0.4761273209549072,0.28779840848806365,0.09416445623342175,0.1259946949602122,0.017241379310344827,0.21352785145888595,0.021220159151193633,0.01989389920424403,0.005305039787798408,0.946949602122016,0.006631299734748011,0.0,0.42696629213483145,0.10112359550561797,0.9438202247191011,0.6966292134831461,0.6245353159851301,0.5390334572490706,0.15985130111524162,0.20074349442379183,0.08921933085501858
72-001,0.6377245508982036,0.1601796407185629,0.09131736526946108,0.1122754491017964,0.0658682634730539,0.20508982035928144,0.0029940119760479044,0.011976047904191617,0.01347305389221557,0.9625748502994012,0.008982035928143712,0.0,0.9343629343629344,0.8455598455598455,0.9961389961389961,0.6177606177606177,0.49812734082397003,0.5617977528089888,0.2397003745318352,0.2247191011235955,0.0599250936329588
72-906,0.35714285714285715,0.3080357142857143,0.09821428571428571,0.05357142857142857,0.022321428571428572,0.30357142857142855,0.0,0.049107142857142856,0.0,0.9330357142857143,0.017857142857142856,0.0,0.8289473684210527,0.8289473684210527,1.0,0.7763157894736842,0.4878048780487805,0.35365853658536583,0.10975609756097561,0.14634146341463414,0.012195121951219513
72-999,0.489354624085163,0.23952095808383234,0.09713905522288756,0.06121091151031271,0.021290751829673986,0.3050565535595476,0.002328675981370592,0.018629407850964737,0.006986027944111776,0.9580838323353293,0.013972055888223553,0.0,0.6625129802699896,0.2585669781931464,0.9823468328141225,0.7570093457943925,0.6050761421319797,0.38781725888324875,0.09847715736040609,0.1116751269035533,0.04568527918781726
74-001,0.6744791666666666,0.1796875,0.15885416666666666,0.1875,0.07291666666666667,0.2265625,0.0078125,0.0078125,0.018229166666666668,0.9401041666666666,0.026041666666666668,0.0,0.9295774647887324,0.8732394366197183,1.0,0.2676056338028169,0.7534246575342466,0.636986301369863,0.410958904109589,0.3082191780821918,0.0273972602739726
74-999,0.640625,0.184375,0.184375,0.090625,0.034375,0.25,0.003125,0.0,0.0125,0.978125,0.00625,0.0,0.8080808080808081,0.5050505050505051,1.0,0.46464646464646464,0.7766990291262136,0.47572815533980584,0.23300970873786409,0.2815533980582524,0.08737864077669903
75-001,0.7642160361646443,0.0913633119200571,0.06305020223649774,0.1684511063526053,0.06305020223649774,0.24530097549369498,0.04925053533190578,0.03140613847251963,0.007851534618129907,0.8981679752557696,0.012134189864382585,0.0011896264572924102,0.9324546952224053,0.9151565074135091,0.9950576606260296,0.2273476112026359,0.47351263243683783,0.6919315403422983,0.511002444987775,0.2404237978810106,0.07416462917685411
75-002,0.7872402692420252,0.07082235879426398,0.04594673690371671,0.24231782265144863,0.0752121744220076,0.208955223880597,0.043898156277436345,0.033655253146034535,0.012584138132865087,0.8764998536728124,0.031314018144571264,0.002048580626280363,0.9427767354596623,0.9774859287054409,0.9962476547842402,0.17448405253283303,0.39925719591457753,0.6880222841225627,0.49675023212627667,0.3147632311977716,0.06499535747446611
75-003,0.7547637195121951,0.09260670731707317,0.05354420731707317,0.24714176829268292,0.0857469512195122,0.2033155487804878,0.028391768292682928,0.04535060975609756,0.007621951219512195,0.8986280487804879,0.01753048780487805,0.0024771341463414634,0.9416149068322981,0.970807453416149,0.991304347826087,0.18322981366459629,0.4425322679778734,0.6803933620159803,0.5181315304240934,0.2901044867854948,0.06945298094652735
75-937,0.7316636851520573,0.10286225402504472,0.07960644007155634,0.1413237924865832,0.04114490161001789,0.26833631484794274,0.024150268336314847,0.027728085867620753,0.004472271914132379,0.9338103756708408,0.007155635062611807,0.0026833631484794273,0.8246753246753247,0.814935064935065,0.9935064935064936,0.2077922077922078,0.7643312101910829,0.6528662420382165,0.4585987261146497,0.2898089171974522,0.044585987261146494
75-999,0.6880425347222222,0.13671875,0.07042100694444445,0.1376953125,0.04698350694444445,0.2866753472222222,0.037651909722222224,0.014105902777777778,0.004991319444444444,0.9305555555555556,0.0126953125,0.0,0.8306671868903629,0.5813499804916114,0.9898556379243074,0.2824814670308233,0.6274065685164213,0.6308040770101925,0.40090600226500567,0.3004907512268781,0.053982634956587394
76-001,0.7279787838605797,0.09888236408410683,0.053040348550861906,0.2634968744080318,0.0931994695965145,0.20723621898086758,0.017427543095283198,0.005682894487592347,0.003978026141314643,0.9687440803182421,0.004167455957567721,0.0,0.9183804627249358,0.9003856041131105,0.9955012853470437,0.22043701799485863,0.6574307304785895,0.7084382871536524,0.5698992443324937,0.3979848866498741,0.034634760705289674
76-950,0.5398907103825137,0.21311475409836064,0.05573770491803279,0.1431693989071038,0.033879781420765025,0.24043715846994534,0.01639344262295082,0.0,0.003278688524590164,0.9781420765027322,0.002185792349726776,0.0,0.62109375,0.40625,0.99609375,0.47265625,0.5940959409594095,0.5018450184501845,0.2767527675276753,0.19557195571955718,0.09225092250922509
76-975,0.6906474820143885,0.1750599520383693,0.12949640287769784,0.10311750599520383,0.03117505995203837,0.37170263788968827,0.007194244604316547,0.016786570743405275,0.0,0.973621103117506,0.002398081534772182,0.0,0.7606837606837606,0.8547008547008547,0.9487179487179487,0.452991452991453,0.7666666666666667,0.6666666666666666,0.31666666666666665,0.4083333333333333,0.08333333333333333
76-999,0.5930603163148717,0.1896686511516026,0.07120091406578868,0.12105358109327079,0.031390943532383184,0.2412051235792892,0.047086415298574776,0.006915629322268326,0.0053520957363641835,0.9357748511636298,0.004871008479162909,0.0,0.6973509933774834,0.38785871964679913,0.984326710816777,0.44944812362030906,0.6598068038639228,0.5434691306173877,0.3120537589248215,0.19403611927761444,0.05984880302393952
77-001,0.8439597315436241,0.04463087248322148,0.05134228187919463,0.3691275167785235,0.15536912751677853,0.15771812080536912,0.006040268456375839,0.014093959731543624,0.003355704697986577,0.9553691275167785,0.020134228187919462,0.0010067114093959733,0.9738562091503268,0.9814814814814815,0.9989106753812637,0.08061002178649238,0.603448275862069,0.822198275862069,0.7424568965517241,0.5150862068965517,0.015086206896551725
77-002,0.8548625480342891,0.040496600650310376,0.0381318356488324,0.4729530002955956,0.244457582027786,0.1081879988176175,0.010050251256281407,0.0218740762636713,0.009163464380727165,0.9101389299438368,0.04552172627845108,0.00325155187703222,0.9632139399806389,0.9670861568247822,0.9990319457889641,0.08518877057115198,0.7129186602870813,0.8861244019138756,0.8086124401913876,0.662200956937799,0.023923444976076555
77-003,0.8397804495556718,0.06116048092002091,0.04208050182958704,0.3238369053842133,0.14192368008363826,0.15865133298484058,0.008625196027182437,0.03868269733403032,0.007841087297438577,0.9226346053319394,0.022216414009409303,0.0,0.9671440606571188,0.9241786015164279,0.9991575400168492,0.13479359730412804,0.642620232172471,0.8192371475953566,0.6824212271973465,0.39718076285240467,0.022388059701492536
77-004,0.7936477748193229,0.06789653860783568,0.04469379992392545,0.26302776721186766,0.11144922023583112,0.20806390262457208,0.01692658805629517,0.036135412704450365,0.006846709775580068,0.9241156333206543,0.01597565614302016,0.0,0.9326424870466321,0.8393782383419689,0.9987046632124352,0.14378238341968913,0.6034373010821134,0.7873965626989179,0.6117122851686824,0.3711012094207511,0.02928071292170592
77-005,0.7908093278463649,0.07338820301783265,0.05692729766803841,0.2903520804755373,0.10928212162780064,0.20759030635573844,0.00411522633744856,0.0361225422953818,0.01188843164151806,0.9318701417466849,0.01600365797896662,0.0,0.9239290989660266,0.9608567208271788,0.9955686853766618,0.11225997045790251,0.5815138282387191,0.7496360989810772,0.586608442503639,0.36317321688500726,0.03420669577874818
77-006,0.8991801462441835,0.02570352315532905,0.039884777309993354,0.5524041657434079,0.25747839574562376,0.07533791269665412,0.0044316419233325945,0.020163970751163305,0.005096388211832484,0.9302016397075117,0.04010635940615998,0.0,0.9871186440677966,0.9891525423728813,0.9993220338983051,0.04271186440677966,0.6814814814814815,0.9245791245791246,0.8471380471380472,0.7097643097643098,0.006734006734006734
77-007,0.8988610478359909,0.02847380410022779,0.0510250569476082,0.5277904328018224,0.2528473804100228,0.07790432801822324,0.006378132118451025,0.01753986332574032,0.0025056947608200456,0.9284738041002278,0.04464692482915718,0.00045558086560364467,0.9911019849418207,0.9671457905544147,0.999315537303217,0.07734428473648186,0.6700749829584185,0.9195637355146558,0.8384458077709611,0.676209952283572,0.006134969325153374
77-905,0.91,0.018571428571428572,0.037142857142857144,0.6185714285714285,0.36857142857142855,0.05,0.011428571428571429,0.027142857142857142,0.002857142857142857,0.8885714285714286,0.07,0.0,0.984313725490196,0.996078431372549,1.0,0.0196078431372549,0.7803921568627451,0.9568627450980393,0.9215686274509803,0.792156862745098,0.0
77-906,0.89349002051856,0.029845178138407015,0.05782503264316359,0.47677672076105204,0.22700988621525836,0.11620966237642232,0.01119194180190263,0.02480880432755083,0.005222906174221227,0.9074799477709382,0.05110986756202201,0.00018653236336504383,0.9694704049844237,0.9806853582554517,0.9987538940809969,0.09283489096573208,0.7766810610734115,0.8852560148056755,0.7859346082665022,0.6859962985811228,0.014805675508945095
77-999,0.8083889418493804,0.04861773117254528,0.04099142040038131,0.34318398474737843,0.16968541468064824,0.15872259294566254,0.023832221163012392,0.04242135367016206,0.012869399428026692,0.8798856053384175,0.03956148713060057,0.0014299332697807435,0.8849840255591054,0.8274760383386581,0.9936102236421726,0.1597444089456869,0.6993769470404985,0.8006230529595015,0.6682242990654206,0.5046728971962616,0.03582554517133956
78-001,0.7226443768996961,0.11094224924012158,0.10030395136778116,0.189209726443769,0.04939209726443769,0.256838905775076,0.004559270516717325,0.004559270516717325,0.005319148936170213,0.96580547112462,0.019756838905775075,0.0,0.9393939393939394,0.8857808857808858,0.9976689976689976,0.1794871794871795,0.6887871853546911,0.7185354691075515,0.47368421052631576,0.32265446224256294,0.011441647597254004
78-906,0.5055350553505535,0.3505535055350554,0.16605166051660517,0.06642066420664207,0.01845018450184502,0.22878228782287824,0.0,0.0036900369003690036,0.0,0.9704797047970479,0.025830258302583026,0.0,0.5930232558139535,0.8953488372093024,1.0,0.5697674418604651,0.7816091954022989,0.5057471264367817,0.10344827586206896,0.12643678160919541,0.04597701149425287
78-914,0.6768774703557312,0.12055335968379446,0.06719367588932806,0.17391304347826086,0.05434782608695652,0.30138339920948615,0.003952569169960474,0.005928853754940711,0.003952569169960474,0.9664031620553359,0.019762845849802372,0.0,0.9581881533101045,0.9303135888501742,0.9895470383275261,0.25435540069686413,0.8311688311688312,0.6818181818181818,0.42857142857142855,0.237012987012987,0.032467532467532464
78-999,0.46870109546165883,0.2942097026604069,0.14553990610328638,0.09859154929577464,0.010172143974960876,0.1983568075117371,0.008998435054773083,0.004303599374021909,0.002347417840375587,0.9737871674491393,0.01056338028169014,0.0,0.5790108564535585,0.3606755126658625,0.9529553679131484,0.5621230398069964,0.7341317365269461,0.47664670658682634,0.1532934131736527,0.11017964071856287,0.06347305389221557
79-001,0.788699431628218,0.08057505850885992,0.04847876964226011,0.2751588097626212,0.12637913741223672,0.21681711802072887,0.02574389836175192,0.019893012370444666,0.00802407221664995,0.9150785690404547,0.031260448010698764,0.0,0.9355016538037486,0.8809261300992283,0.9983461962513782,0.2039691289966924,0.5356756756756756,0.7194594594594594,0.5848648648648649,0.40324324324324323,0.05243243243243243
79-999,0.7787760637396168,0.08196304458382776,0.06001017121546025,0.2742837769113409,0.12646211222241058,0.23164943210713682,0.0304288862519071,0.025851839294795727,0.007882691981691812,0.8794710967960672,0.05577216477369046,0.0005933209018477708,0.9312782805429864,0.8076923076923077,0.9985859728506787,0.2403846153846154,0.5636061946902655,0.7287057522123894,0.5815818584070797,0.4305862831858407,0.049778761061946904
80-001,0.6731448763250883,0.08627797408716137,0.04740871613663133,0.17785630153121318,0.039458186101295645,0.16460541813898705,0.006183745583038869,0.01060070671378092,0.002944640753828033,0.9773262661955241,0.00265017667844523,0.0002944640753828033,0.8889990089197225,0.7314172447968286,0.9940535183349851,0.20812685827552033,0.6594059405940594,0.6782178217821783,0.42178217821782177,0.20297029702970298,0.06633663366336634
80-002,0.7501380452788514,0.0831032578685809,0.06653782440640531,0.26974047487575925,0.09552733296521258,0.19381557150745443,0.012700165654334622,0.02816123688569851,0.009110988404196576,0.9362230811706239,0.013804527885146328,0.0,0.8745247148288974,0.69106463878327,0.9942965779467681,0.22813688212927757,0.6284658040665434,0.7384473197781886,0.5609981515711645,0.3438077634011091,0.053604436229205174
80-003,0.7326406487582362,0.10364926507856057,0.05473897617840851,0.16269640141915864,0.050177394830207805,0.22731880385200204,0.016725798276735936,0.052965027876330464,0.012164216928535226,0.9064875823618854,0.011657374556512924,0.0,0.8950276243093923,0.7191528545119705,0.996316758747698,0.2863720073664825,0.5226449275362319,0.7164855072463768,0.4682971014492754,0.26992753623188404,0.06159420289855073
80-004,0.7282780410742496,0.11279620853080569,0.04928909952606635,0.26571879936808845,0.052132701421800945,0.24928909952606634,0.0072669826224328595,0.03033175355450237,0.007582938388625593,0.9447077409162717,0.009794628751974723,0.000315955766192733,0.9297848244620611,0.9093997734994338,0.986409966024915,0.14949037372593432,0.5526315789473685,0.7532894736842105,0.4550438596491228,0.2719298245614035,0.044956140350877194
80-005,0.7778239202657807,0.07516611295681064,0.0454734219269103,0.2535299003322259,0.08201827242524917,0.1644518272425249,0.01308139534883721,0.03675249169435216,0.0060215946843853825,0.9327242524916943,0.011420265780730897,0.0,0.9739478957915831,0.9832999331997327,0.9966599866399466,0.1623246492985972,0.5950797872340425,0.757313829787234,0.5644946808510638,0.31117021276595747,0.0398936170212766
80-006,0.8327244760622957,0.054412612959046334,0.05383580080753701,0.3258988656027687,0.11766967890790232,0.13132089982695636,0.008844452989809652,0.037300519130936356,0.010382618727167852,0.921361276677562,0.02211113247452413,0.0,0.9776299879081015,0.9860943168077388,0.9987908101571947,0.10701330108827085,0.6239470517448856,0.7912154031287605,0.6432009626955475,0.4073405535499398,0.025872442839951864
80-007,0.8250751939211651,0.055880956150071236,0.06237137881905968,0.3552319138831724,0.14358081367737852,0.14896311540288112,0.011239512426784866,0.021687509893936995,0.006807028652841538,0.9246477758429634,0.03561817318347317,0.0,0.933300395256917,0.9629446640316206,0.9995059288537549,0.11511857707509882,0.6542056074766355,0.7840629611411707,0.6453516969995081,0.4731923266109198,0.018691588785046728
80-008,0.8517731655499264,0.04821049191044288,0.04118319986925968,0.32799477038731817,0.1194639647001144,0.16424252328811897,0.02189900310508253,0.02435038404968132,0.008171269815329302,0.923026638339598,0.022552704690308872,0.0,0.9814241486068112,0.9943240454076367,0.999484004127967,0.10784313725490197,0.5331278890600925,0.8109912686183872,0.6435541859270673,0.3569594247560349,0.024139702105803802
80-009,0.8339285714285715,0.05765306122448979,0.04336734693877551,0.3706632653061224,0.16122448979591836,0.14183673469387756,0.023979591836734693,0.030357142857142857,0.005612244897959183,0.9,0.03979591836734694,0.00025510204081632655,0.9896331738437002,0.9968102073365231,1.0,0.10925039872408293,0.5796178343949044,0.7937898089171974,0.6743630573248408,0.4482484076433121,0.014331210191082803
80-010,0.9015990159901599,0.02972529725297253,0.03505535055350553,0.511070110701107,0.27511275112751127,0.06662566625666257,0.004100041000410004,0.02316523165231652,0.007995079950799507,0.9202542025420254,0.044075440754407544,0.0004100041000410004,0.987546699875467,0.9956413449564134,0.99813200498132,0.0410958904109589,0.7122436295835923,0.9198259788688626,0.8452454940957116,0.6743318831572406,0.002486016159105034
80-910,0.8614864864864865,0.033783783783783786,0.08108108108108109,0.27364864864864863,0.10135135135135136,0.1858108108108108,0.0,0.0472972972972973,0.02364864864864865,0.9087837837837838,0.02027027027027027,0.0,0.9719626168224299,0.9626168224299065,1.0,0.037383177570093455,0.5607476635514018,0.8130841121495327,0.6635514018691588,0.29906542056074764,0.0
80-912,0.8883248730964467,0.0338409475465313,0.05922165820642978,0.35194585448392557,0.12859560067681894,0.1692047377326565,0.0,0.049069373942470386,0.018612521150592216,0.8883248730964467,0.043993231810490696,0.0,0.9895833333333334,0.984375,1.0,0.020833333333333332,0.8031088082901554,0.8549222797927462,0.7564766839378239,0.49222797927461137,0.0051813471502590676
80-999,0.688458434221146,0.12025827280064569,0.08071025020177562,0.1958568738229755,0.053806833467850416,0.2897497982243745,0.039278988431530805,0.02878665590529997,0.026634382566585957,0.8913101963949421,0.013989776701641109,0.0,0.7685269899359561,0.6038426349496798,0.9826166514181153,0.3110704483074108,0.6608391608391608,0.6416083916083916,0.3994755244755245,0.26573426573426573,0.05332167832167832
81-001,0.5913280983270741,0.19733697507681802,0.10276544895868897,0.12632297712529875,0.03584841242744964,0.26561966541481735,0.15363605326049845,0.010242403550699898,0.0037555479685899623,0.8047115056333219,0.027654489586889725,0.0,0.9148073022312373,0.907707910750507,0.9939148073022313,0.4077079107505071,0.6273726273726273,0.5454545454545454,0.29270729270729273,0.13986013986013987,0.04995004995004995
81-999,0.4255639097744361,0.27631578947368424,0.10451127819548872,0.06729323308270677,0.016541353383458645,0.2706766917293233,0.19699248120300752,0.008270676691729323,0.0015037593984962407,0.7684210526315789,0.02481203007518797,0.0,0.6360544217687075,0.1927437641723356,0.9682539682539683,0.6587301587301587,0.7331838565022422,0.40582959641255606,0.14349775784753363,0.08408071748878924,0.05493273542600897
83-001,0.7591022443890274,0.0882793017456359,0.05286783042394015,0.30423940149625933,0.10773067331670823,0.1975062344139651,0.02743142144638404,0.010972568578553617,0.005486284289276808,0.9276807980049875,0.027930174563591023,0.0004987531172069825,0.9123563218390804,0.7959770114942529,1.0,0.2600574712643678,0.5669515669515669,0.7236467236467237,0.5997150997150997,0.4116809116809117,0.029914529914529916
83-999,0.7676056338028169,0.08071505958829903,0.04604550379198267,0.19609967497291442,0.06229685807150596,0.2676056338028169,0.06554712892741062,0.016793066088840736,0.0027085590465872156,0.9003250270855905,0.014626218851570965,0.0,0.8489583333333334,0.7881944444444444,1.0,0.2361111111111111,0.5060034305317325,0.6706689536878216,0.48713550600343053,0.2692967409948542,0.06518010291595197
84-001,0.6754941469967377,0.12972558050278257,0.05258107848781424,0.2185760890424103,0.07752830550758012,0.22298982920744578,0.04260218767990789,0.03204759163308386,0.01400882748033007,0.8946459412780656,0.01669545192861255,0.0,0.8822284908321579,0.8970380818053597,0.9978843441466855,0.2447108603667137,0.6104768300873069,0.6722632639355272,0.49093351242444594,0.29482874412357285,0.05104096709200806
84-002,0.7769468379125345,0.0762477645911234,0.04324500081287595,0.3483986343683954,0.17232970248740043,0.15688505933994473,0.02731263209234271,0.01186798894488701,0.006177857258982279,0.8881482685742156,0.06535522679239147,0.0011380263371809462,0.9100271002710028,0.924119241192412,0.9989159891598915,0.2151761517615176,0.6377659574468085,0.7452127659574468,0.6632978723404256,0.5207446808510638,0.0425531914893617
84-003,0.7515880217785844,0.07531760435571688,0.05671506352087114,0.32418330308529947,0.14450998185117966,0.16810344827586207,0.022686025408348458,0.009981851179673321,0.01293103448275862,0.9201451905626135,0.033802177858439204,0.00045372050816696913,0.9288645690834473,0.9630642954856361,0.9993160054719562,0.16142270861833105,0.4654471544715447,0.709349593495935,0.6104336043360433,0.44986449864498645,0.041327913279132794
84-004,0.8011655011655011,0.052913752913752915,0.03566433566433566,0.3174825174825175,0.1358974358974359,0.16083916083916083,0.01724941724941725,0.029137529137529136,0.009557109557109558,0.9095571095571096,0.0344988344988345,0.0,0.9623733719247467,0.9536903039073806,0.9956584659913169,0.18162083936324167,0.49892163910855497,0.7361610352264558,0.6412652767792955,0.4485981308411215,0.041696621135873475
84-005,0.8436416184971098,0.04682080924855491,0.04277456647398844,0.3763005780346821,0.16907514450867053,0.1485549132947977,0.0060693641618497106,0.023410404624277455,0.007514450867052023,0.8994219653179191,0.06271676300578034,0.0008670520231213873,0.9694793536804309,0.9461400359066428,0.9937163375224417,0.14721723518850988,0.6215494211932324,0.8121104185218165,0.7132680320569902,0.5102404274265361,0.04808548530721282
84-006,0.8891416752843847,0.03805584281282316,0.03867631851085832,0.49968976215098243,0.2533609100310238,0.09906928645294726,0.013650465356773526,0.02295760082730093,0.0062047569803516025,0.8364012409513961,0.11458117890382627,0.0062047569803516025,0.9875156054931336,0.951310861423221,0.9987515605493134,0.08052434456928839,0.6127633209417596,0.8853779429987608,0.7843866171003717,0.6697645600991325,0.01858736059479554
84-007,0.9053974484789009,0.025122669283611385,0.02492639842983317,0.5232580961727183,0.28616290480863593,0.09263984298331698,0.017664376840039256,0.009617271835132482,0.004710500490677135,0.8353287536800785,0.1309126594700687,0.0017664376840039254,0.9763912310286678,0.9347948285553682,0.9994378864530635,0.05508712759977515,0.6724330357142857,0.9034598214285714,0.84765625,0.7583705357142857,0.013392857142857142
84-008,0.7731382978723405,0.07845744680851063,0.0425531914893617,0.2646276595744681,0.11436170212765957,0.19946808510638298,0.03297872340425532,0.03803191489361702,0.00851063829787234,0.8702127659574468,0.050265957446808514,0.0,0.9228813559322034,0.9322033898305084,0.997457627118644,0.17966101694915254,0.4995787700084246,0.6554338668913227,0.5265374894692502,0.3125526537489469,0.05307497893850042
84-009,0.8343462066261518,0.05704763771809449,0.04018819839247206,0.3652225053910998,0.16192903352283866,0.14585375416584984,0.021956479121740834,0.03077827876886885,0.009605959615761616,0.888845324446187,0.04861791805528328,0.00019603999215840032,0.9494097807757167,0.955593029792018,0.9955030916245081,0.12141652613827993,0.5440763615946098,0.8079730488489613,0.6709713644020213,0.46378439079169004,0.02582818641212802
84-010,0.8127393670630921,0.060068534569643214,0.04978834912316065,0.3301753678693812,0.15097762547873414,0.17738359201773837,0.02156823221124773,0.019955654101995565,0.010280185446482563,0.9018343075992743,0.04616004837734328,0.00020157226365652087,0.9265402843601895,0.8880331753554502,0.9982227488151659,0.18898104265402843,0.5577830188679245,0.78125,0.6385613207547169,0.39740566037735847,0.0330188679245283
84-011,0.8308751229105211,0.04523107177974434,0.038348082595870206,0.40363815142576204,0.19100294985250738,0.14896755162241887,0.043264503441494594,0.021140609636184856,0.006391347099311701,0.8652900688298918,0.063913470993117,0.0,0.9094368340943684,0.91324200913242,0.9992389649923896,0.1232876712328767,0.6156178923426838,0.8316906747536013,0.7445034116755117,0.599696739954511,0.03335860500379075
84-012,0.8190284419833879,0.043040523533853514,0.046816008054366975,0.35539894286433427,0.16838660961490057,0.15831865089353134,0.05033979360684621,0.022904606091115026,0.011578152529574628,0.8827082808960484,0.03095897306821042,0.0015101938082053865,0.9732704402515723,0.8797169811320755,0.9992138364779874,0.17531446540880502,0.562888198757764,0.7996894409937888,0.6964285714285714,0.4580745341614907,0.043478260869565216
84-013,0.7927312775330396,0.05814977973568282,0.04977973568281938,0.3596916299559471,0.17753303964757708,0.15594713656387665,0.04361233480176212,0.013876651982378854,0.004185022026431718,0.8962555066079295,0.0420704845814978,0.0,0.940554821664465,0.9319682959048877,1.0,0.17569352708058125,0.5675675675675675,0.7785102175346078,0.6519446275543836,0.4990112063282795,0.03098220171390903
84-014,0.7557795932556927,0.08569442030245089,0.06970276377542152,0.244915696158526,0.10325047801147227,0.2183208760646619,0.037197983660698763,0.021032504780114723,0.01025551885972536,0.9042238831913784,0.02729010950808274,0.0,0.9317708333333333,0.96875,0.9953125,0.2125,0.46738572162300973,0.6692347200821777,0.5326142783769903,0.3312788906009245,0.05136106831022085
84-015,0.7451283040710014,0.0839282268956203,0.05749565888481575,0.24098012733937874,0.09048813428516303,0.22631680493922438,0.06502025853752653,0.017943276094925718,0.0067528458421763455,0.8884815743777735,0.021802045147597916,0.0,0.9044430919050518,0.9567863664029215,0.996956786366403,0.22398052343274497,0.4704463208685163,0.6791314837153196,0.5271411338962606,0.32750301568154405,0.04825090470446321
84-999,0.7453125,0.0985576923076923,0.058173076923076925,0.28076923076923077,0.14158653846153846,0.20516826923076922,0.04014423076923077,0.013461538461538462,0.007692307692307693,0.8836538461538461,0.053966346153846156,0.0010817307692307693,0.7447833065810594,0.4265650080256822,0.9911717495987159,0.27808988764044945,0.6850332161000391,0.6991012114107074,0.5701445877295819,0.4525205158264947,0.04962876123485736
85-001,0.7295275590551181,0.09015748031496063,0.042913385826771656,0.23858267716535433,0.08070866141732283,0.20255905511811023,0.1610236220472441,0.014763779527559055,0.008070866141732283,0.8,0.016141732283464567,0.0,0.918125,0.915625,0.998125,0.249375,0.4713493530499076,0.6913123844731978,0.4676524953789279,0.30191004313000613,0.06284658040665435
85-002,0.7926289926289927,0.07223587223587223,0.04717444717444717,0.21277641277641277,0.06191646191646192,0.17788697788697788,0.05749385749385749,0.0171990171990172,0.011793611793611793,0.9002457002457003,0.013267813267813268,0.0,0.9603658536585366,0.9115853658536586,0.9984756097560976,0.2820121951219512,0.48484848484848486,0.703030303030303,0.47575757575757577,0.26212121212121214,0.08484848484848485
85-003,0.6462388848834415,0.12280701754385964,0.05239125210285989,0.17591925018024512,0.04830569574621485,0.22734919490507088,0.04133621725546743,0.011295361691900985,0.007209805335255948,0.9331891372266282,0.006969478490747416,0.0,0.8713178294573644,0.9023255813953488,0.9945736434108527,0.2751937984496124,0.5412844036697247,0.6276758409785933,0.43577981651376146,0.21483180428134557,0.047400611620795105
85-999,0.7157247514390371,0.11597331240188383,0.05671114599686028,0.14442700156985872,0.04467556253270539,0.2745944531658817,0.07378335949764521,0.01661433804290947,0.00739141810570382,0.8932496075353218,0.008634222919937205,0.0003270538984824699,0.8224525805028672,0.6380679311865902,0.9949272165857962,0.33502426113806794,0.6236979166666666,0.6443142361111112,0.4383680555555556,0.2445746527777778,0.0625
86-001,0.799642674834099,0.08014293006636039,0.043134252169474224,0.31827462991322103,0.13272077590607453,0.18529862174578868,0.02399183256763655,0.006380806533945891,0.006891271056661562,0.9527820316488004,0.009954058192955589,0.0,0.9528145695364238,0.9536423841059603,0.9966887417218543,0.17466887417218543,0.651277823577906,0.7658697444352844,0.6619950535861501,0.3957131079967024,0.03215169002473207
86-906,0.6759941089837997,0.0780559646539028,0.0780559646539028,0.17820324005891017,0.053019145802650956,0.2768777614138439,0.36082474226804123,0.039764359351988215,0.023564064801178203,0.5552282768777614,0.016200294550810016,0.004418262150220913,0.65625,0.005208333333333333,0.9791666666666666,0.453125,0.6363636363636364,0.601010101010101,0.37373737373737376,0.25757575757575757,0.06565656565656566
86-999,0.72808701215611,0.12859884836852206,0.06845809341010876,0.19321817018554063,0.0671785028790787,0.25207933461292387,0.1618682021753039,0.007037747920665387,0.011516314779270634,0.8170185540627,0.0025591810620601407,0.0,0.4255813953488372,0.4697674418604651,0.9790697674418605,0.27674418604651163,0.6797235023041475,0.6866359447004609,0.49078341013824883,0.2557603686635945,0.06912442396313365
