zona_id,parroquia_sat,poblacion_votante,censo_nbi_pobreza_pct,joven_pobre_pct,tasa_desempleo_pea,indice_estructural,rank_estructural,indice_afinidad,rank_afinidad,brecha_rank,fuente_margen
70-910,Nayón,653,0.0197674418604651,0.0046511627906976,0.0129032258064516,1.0,1,0.7411572755534023,86,85,real_parroquia
77-905,Pomasqui,568,0.0314285714285714,0.0071428571428571,0.0226757369614512,0.9763433180814046,2,0.596056600668248,208,206,real_parroquia
50-146,Quito,4084,0.0434510131606434,0.007520367662419,0.0317679558011049,0.957452052079512,3,1.0,1,-2,real_barrio_cne
50-176,Quito,5695,0.0326726540724682,0.003716320842366,0.0410926920382909,0.95702376791393,4,0.9090664173086987,9,5,real_barrio_cne
50-172,Quito,2398,0.0581872435658336,0.0063267584666914,0.0294438386041439,0.9558785235864288,5,0.9090664173086987,9,4,real_barrio_cne
50-950,Quito,295,0.0700483091787439,0.0169082125603864,0.0144927536231884,0.950654064817331,6,0.9090664173086987,9,3,real_barrio_cne
50-138,Quito,4221,0.0388585306618093,0.0070692789335487,0.041343669250646,0.9473811202120388,7,0.8314817526467053,63,56,real_barrio_cne
50-143,Quito,4116,0.0588730025231286,0.0084104289318755,0.0365425158116654,0.9418831443106993,8,1.0,1,-7,real_barrio_cne
50-174,Quito,6953,0.0655216284987277,0.0100508905852417,0.033278777959629,0.9400778692668559,9,0.9090664173086987,9,0,real_barrio_cne
57-002,Cumbayá,2811,0.0377300613496932,0.0085889570552147,0.0465116279069767,0.9379622251771863,10,0.8649595870863216,35,25,real_parroquia
70-918,Nayón,3659,0.0664189503019043,0.0174175568973525,0.0274941084053417,0.9336136952524504,11,0.7411572755534023,86,75,real_parroquia
50-170,Quito,1844,0.0483870967741935,0.0070989115002366,0.0495399858457183,0.9315634672915241,12,0.9090664173086987,9,-3,real_barrio_cne
56-006,Conocoto,2182,0.0329352153456388,0.0057908070937386,0.0573366214549938,0.9307240978787465,13,0.6560741982143916,141,128,real_parroquia
50-071,Quito,3873,0.0434690863051276,0.0082261126344653,0.0522565320665083,0.9280497842032788,14,0.7431848799055887,73,59,real_barrio_cne
50-023,Quito,3875,0.0466522678185745,0.0073039742212674,0.0530846484935437,0.9271471311363041,15,0.3680290710647501,472,457,real_barrio_cne
50-145,Quito,3792,0.0561189993238674,0.0094658553076402,0.0472072072072072,0.9265909616034029,16,1.0,1,-15,real_barrio_cne
57-010,Cumbayá,3203,0.0503905265810027,0.0083144368858654,0.051500223914017,0.9256219472331156,17,0.8649595870863216,35,18,real_parroquia
50-114,Quito,3644,0.0319645356976201,0.0079291044776119,0.0585175552665799,0.9255176236153548,18,0.8327154923399763,48,30,real_barrio_cne
50-124,Quito,2845,0.0489610019925989,0.00910902362653,0.0515106488360574,0.9247828781644762,19,0.6525392962564884,173,154,real_barrio_cne
50-107,Quito,2881,0.0309720944495553,0.0060827250608272,0.0619612068965517,0.9247730948092835,20,0.9022860484298614,26,6,real_barrio_cne
50-154,Quito,5224,0.0790893760539629,0.0154960417719386,0.0322253235219487,0.9247418135757541,21,0.9090664173086987,9,-12,real_barrio_cne
50-151,Quito,1942,0.0711711711711711,0.0117117117117117,0.0403682719546742,0.9245324041313043,22,0.9090664173086987,9,-13,real_barrio_cne
50-149,Quito,3574,0.0465059654248843,0.0077915753591429,0.0544012089157536,0.924490050004742,23,0.8314817526467053,63,40,real_barrio_cne
50-044,Quito,3256,0.0424819773429454,0.0076923076923076,0.0565326633165829,0.9236757063465314,24,0.7431848799055887,73,49,real_barrio_cne
56-026,Conocoto,2493,0.0467638088783463,0.0117845117845117,0.0502067336089781,0.922545316567865,25,0.6560741982143916,141,116,real_parroquia
50-112,Quito,4064,0.0448936170212765,0.0057154953429297,0.0594633792603335,0.9222596166716109,26,1.0,1,-25,real_barrio_cne
50-173,Quito,1270,0.0510846745976207,0.0097970608817354,0.0518672199170124,0.9219795813797492,27,0.9090664173086987,9,-18,real_barrio_cne
50-113,Quito,1777,0.0479921645445641,0.007801072647489,0.0562552476910159,0.9212254288053612,28,0.9022860484298614,26,-2,real_barrio_cne
84-006,Tumbaco,3854,0.0601861427094105,0.0126163391933815,0.0465204236006051,0.919625087626929,29,0.4730001215193621,362,333,real_parroquia
58-001,Chavezpamba,159,0.0806451612903225,0.032258064516129,0.0128205128205128,0.9188129530861632,30,0.4088242727990189,448,418,real_parroquia
50-144,Quito,4210,0.0800246862785435,0.0141538461538461,0.0393184796854521,0.9171264090723453,31,1.0,1,-30,real_barrio_cne
50-190,Quito,2143,0.051433389544688,0.0109243697478991,0.0541871921182266,0.9165006160002562,32,0.7243722905338109,109,77,real_barrio_cne
56-008,Conocoto,3308,0.0367271036727103,0.0073903002309468,0.0642424242424242,0.91643103409396,33,0.6560741982143916,141,108,real_parroquia
50-024,Quito,3797,0.0417204301075268,0.0096774193548387,0.0603197674418604,0.9150910813725841,34,0.6797486997336066,115,81,real_barrio_cne
50-177,Quito,3215,0.0870023727919852,0.0163243812532912,0.0354020979020979,0.9150537669683281,35,0.6569341948950823,132,97,real_barrio_cne
50-105,Quito,3297,0.0410958904109589,0.0072370121478418,0.0643699002719855,0.914466403548939,36,0.9022860484298614,26,-10,real_barrio_cne
50-159,Quito,2921,0.0367940673131774,0.0054192812321734,0.0686695278969957,0.9140714477530786,37,1.0,1,-36,real_barrio_cne
50-171,Quito,1771,0.0515617253346554,0.0107948969578017,0.0564454614797864,0.9135924166775814,38,0.9090664173086987,9,-29,real_barrio_cne
50-152,Quito,2584,0.0268251273344651,0.0044142614601018,0.0744565217391304,0.9127986407462327,39,0.9090664173086987,9,-30,real_barrio_cne
80-010,San Antonio,3833,0.0290721649484536,0.0043050430504305,0.0741007194244604,0.9124227197803902,40,0.3150857083405627,646,606,real_parroquia
56-012,Conocoto,3526,0.042502387774594,0.0075883329381076,0.0652977412731006,0.9118603653713552,41,0.6560741982143916,141,100,real_parroquia
50-130,Quito,3199,0.0170236133992311,0.0030203185063152,0.0811083123425692,0.9109987985348266,42,0.8327154923399763,48,6,real_barrio_cne
50-092,Quito,2859,0.0357565011820331,0.0076832151300236,0.069090909090909,0.9096988811918933,43,0.5946471733996156,236,193,real_barrio_cne
50-039,Quito,4223,0.0543228768171384,0.0097328244274809,0.0601821730644111,0.9091729466220955,44,0.6797486997336066,115,71,real_barrio_cne
57-007,Cumbayá,2914,0.0753523152142651,0.0148148148148148,0.04644412191582,0.9083414725723392,45,0.8649595870863216,35,-10,real_parroquia
50-155,Quito,3033,0.0756663800515907,0.0171722953634802,0.0430954587581093,0.9083105620621162,46,0.9090664173086987,9,-37,real_barrio_cne
50-108,Quito,3674,0.065798338198967,0.0092072759937121,0.0589346429920664,0.9064121980378627,47,0.595393783686324,218,171,real_barrio_cne
57-006,Cumbayá,2770,0.056152927120669,0.0146356033452807,0.055064935064935,0.9060191458262181,48,0.8649595870863216,35,-13,real_parroquia
50-139,Quito,2996,0.0646599777034559,0.0161649944258639,0.0502237692690203,0.9056993824551297,49,0.8314817526467053,63,14,real_barrio_cne
50-096,Quito,2914,0.0536455245998814,0.0121445497630331,0.0607822410147991,0.9041041178109108,50,0.9022860484298614,26,-24,real_barrio_cne
50-126,Quito,3966,0.0511862917398945,0.0125219683655536,0.0612244897959183,0.9039545339483944,51,0.8327154923399763,48,-3,real_barrio_cne
56-031,Conocoto,2248,0.0594555873925501,0.0118025751072961,0.059499661933739,0.9037415244315744,52,0.6560741982143916,141,89,real_parroquia
63-937,Guayllabamba,175,0.0790697674418604,0.0186046511627906,0.0439560439560439,0.9027973358634204,53,0.1370923102541907,719,666,real_parroquia
52-910,Amaguaña,126,0.0981595092024539,0.0122699386503067,0.0461538461538461,0.902699638362504,54,0.2142532737996558,695,641,real_parroquia
50-129,Quito,3266,0.0370754472387866,0.0064566115702479,0.0757505773672055,0.9022753643382408,55,0.8327154923399763,48,-7,real_barrio_cne
50-169,Quito,1419,0.0575851393188854,0.009219422249539,0.0652376514445479,0.9016693484747142,56,0.9090664173086987,9,-47,real_barrio_cne
50-106,Quito,2032,0.0425980598903416,0.0092670598146588,0.0707442888725129,0.9011756530168695,57,0.9022860484298614,26,-31,real_barrio_cne
74-001,Perucho,319,0.125,0.0130208333333333,0.0374331550802139,0.9004366549655968,58,0.4914155909892097,353,295,real_parroquia
50-099,Quito,2343,0.043047488896481,0.0081995216945678,0.074739281575898,0.8975137516229587,59,0.595393783686324,218,159,real_barrio_cne
51-906,Alangasí,2677,0.0454266421117249,0.0099969706149651,0.0718629076838032,0.8969137962503532,60,0.4874491999343671,355,295,real_parroquia
50-168,Quito,2753,0.0636420919974795,0.0125588697017268,0.0626272912423625,0.896031925038837,61,0.739962622914521,93,32,real_barrio_cne
50-192,Quito,1957,0.0753517930095324,0.0121457489878542,0.0593841642228739,0.895679310152216,62,0.7243722905338109,109,47,real_barrio_cne
56-028,Conocoto,2892,0.0317331163547599,0.0051532411174396,0.0851797144263909,0.8943771294152897,63,0.6560741982143916,141,78,real_parroquia
50-070,Quito,4328,0.0495693779904306,0.0078453884424033,0.0752757949383517,0.8943441985442324,64,0.7431848799055887,73,9,real_barrio_cne
50-142,Quito,3173,0.0461874829188302,0.0122984421973216,0.0704091341579448,0.894181441411202,65,0.8314817526467053,63,-2,real_barrio_cne
50-156,Quito,2316,0.075944631500187,0.0164609053497942,0.0545050055617352,0.8939020936206756,66,0.9090664173086987,9,-57,real_barrio_cne
50-180,Quito,1223,0.0590352771778257,0.0114613180515759,0.0680127523910733,0.892930725983119,67,0.7243722905338109,109,42,real_barrio_cne
50-090,Quito,3221,0.0555555555555555,0.0092807424593967,0.0726172465960665,0.8924143019535143,68,0.9022860484298614,26,-42,real_barrio_cne
50-394,Quito,2034,0.0360766629086809,0.0082675685832393,0.0808283233132932,0.8923663359971771,69,0.4547381971983855,415,346,real_barrio_cne
50-182,Quito,1578,0.0528052805280528,0.0082508250825082,0.0752493200362647,0.892071229513929,70,0.739962622914521,93,23,real_barrio_cne
50-167,Quito,2381,0.0457657657657657,0.009719222462203,0.0758620689655172,0.8918022396285864,71,0.739962622914521,93,22,real_barrio_cne
50-193,Quito,3136,0.0566037735849056,0.0108153078202995,0.0712060525144637,0.8909399017492767,72,0.7243722905338109,109,37,real_barrio_cne
50-150,Quito,2693,0.0402663284717818,0.0129911280101394,0.0747713824636901,0.8897152142890808,73,0.8314817526467053,63,-10,real_barrio_cne
56-022,Conocoto,5637,0.0680694817116226,0.0123856439127375,0.0663728286232823,0.8891227011958608,74,0.6560741982143916,141,67,real_parroquia
50-197,Quito,3758,0.063949560909705,0.0134831460674157,0.0667199360767079,0.8885298597330694,75,0.6569341948950823,132,57,real_barrio_cne
50-115,Quito,3502,0.0487283099595911,0.0091959443527469,0.0782533506268914,0.8881083565118026,76,0.8327154923399763,48,-28,real_barrio_cne
50-131,Quito,3521,0.0414520480745646,0.0115026921194322,0.0775975449364314,0.8881007429145639,77,0.8327154923399763,48,-29,real_barrio_cne
50-188,Quito,2485,0.0580310880829015,0.0151515151515151,0.0669772859638905,0.8878347747314861,78,0.739962622914521,93,15,real_barrio_cne
50-184,Quito,1523,0.0454545454545454,0.0101294316263365,0.0787083753784056,0.8872755493311872,79,0.739962622914521,93,14,real_barrio_cne
50-254,Quito,3463,0.0639643861293345,0.0173220973782771,0.06265664160401,0.8868129897212806,80,0.6430492555885968,184,104,real_barrio_cne
57-003,Cumbayá,2972,0.0547121168719564,0.0142328494164531,0.0703592814371257,0.8865248108338801,81,0.8649595870863216,35,-46,real_parroquia
50-040,Quito,3130,0.0367292225201072,0.0099195710455764,0.0825971731448763,0.8865031850255979,82,0.6797486997336066,115,33,real_barrio_cne
56-027,Conocoto,3322,0.0568488115657926,0.0120068610634648,0.0731497418244406,0.885903851158591,83,0.6560741982143916,141,58,real_parroquia
56-007,Conocoto,2374,0.0666666666666666,0.0145631067961165,0.0664788732394366,0.8855197301577096,84,0.6560741982143916,141,57,real_parroquia
50-478,Quito,1672,0.0412099956159579,0.0078912757562472,0.0848909657320872,0.8850714590745915,85,0.3279478062807397,585,500,real_barrio_cne
50-225,Quito,3796,0.0318891576863866,0.0059379810864306,0.0914285714285714,0.8842589167794567,86,0.5588902870852502,257,171,real_barrio_cne
50-393,Quito,4514,0.0311792370667131,0.0073107049608355,0.0898631840796019,0.8841395834922121,87,0.4547381971983855,415,328,real_barrio_cne
57-005,Cumbayá,2696,0.1026965002868617,0.0266781411359724,0.0388548057259713,0.8832337549053196,88,0.8649595870863216,35,-53,real_parroquia
50-183,Quito,1648,0.0638297872340425,0.0155682407887908,0.067750677506775,0.8832246407860656,89,0.739962622914521,93,4,real_barrio_cne
50-050,Quito,3320,0.0567877163051425,0.0114105365379946,0.0763135946622185,0.8827303653454018,90,0.3680290710647501,472,382,real_barrio_cne
51-907,Alangasí,2969,0.064891846921797,0.0151265126512651,0.0688591983556012,0.8820378660325624,91,0.4874491999343671,355,264,real_parroquia
77-001,Pomasqui,2296,0.0699159663865546,0.0147651006711409,0.0682510664229128,0.8811628188389169,92,0.596056600668248,208,116,real_parroquia
57-001,Cumbayá,3714,0.1098757357750163,0.0217627856365614,0.044781643227239,0.8810123177396029,93,0.8649595870863216,35,-58,real_parroquia
50-202,Quito,2489,0.0458994262571717,0.0104377104377104,0.0829800121138703,0.8806301180561342,94,0.6029606041892865,191,97,real_barrio_cne
50-903,Quito,1615,0.061,0.0165,0.0704960835509138,0.8790472976002288,95,0.3680290710647501,472,377,real_barrio_cne
56-019,Conocoto,2267,0.0703069236259814,0.0174625801853171,0.0661375661375661,0.8787596734554681,96,0.6560741982143916,141,45,real_parroquia
50-087,Quito,4318,0.072992700729927,0.0197724305166946,0.0620842572062084,0.878654468689765,97,0.8327154923399763,48,-49,real_barrio_cne
84-007,Tumbaco,4045,0.084316037735849,0.0198233562315996,0.0586004825922095,0.8779361195427046,98,0.4730001215193621,362,264,real_parroquia
50-223,Quito,2109,0.0380287155607295,0.0069848661233993,0.0928270042194092,0.8774365334474045,99,0.5588902870852502,257,158,real_barrio_cne
61-888,Gualea,3,0.3333333333333333,0.0,0.0,0.8771549908644195,100,0.2326739128391956,690,590,real_parroquia
50-116,Quito,2666,0.0587683651140981,0.0181306658330728,0.0705095213587236,0.8770019015092045,101,0.8327154923399763,48,-53,real_barrio_cne
50-253,Quito,2693,0.0605304212168486,0.0183059261557555,0.0698070374574347,0.876792650854143,102,0.6430492555885968,184,82,real_barrio_cne
50-147,Quito,2305,0.046207162110127,0.0088393543428132,0.088501291989664,0.8759514254433463,103,0.8314817526467053,63,-40,real_barrio_cne
77-006,Pomasqui,3670,0.0635940615998227,0.0097496122313317,0.081440877055599,0.8756149680109274,104,0.596056600668248,208,104,real_parroquia
50-043,Quito,2946,0.0633901144931583,0.013396595032096,0.0767857142857142,0.8751765064878124,105,0.7431848799055887,73,-32,real_barrio_cne
50-068,Quito,3733,0.0485611510791366,0.0105665467625899,0.086038961038961,0.8749295965807785,106,0.7431848799055887,73,-33,real_barrio_cne
50-089,Quito,3810,0.04231375196939,0.0087719298245614,0.0907282132908873,0.8748838324344222,107,0.8327154923399763,48,-59,real_barrio_cne
50-330,Quito,3262,0.0551623138882108,0.0117158896753722,0.0824842309558466,0.8744759615444496,108,0.5562233385704759,277,169,real_barrio_cne
50-157,Quito,2442,0.0623441396508728,0.0110241820768136,0.0813253012048192,0.8739534481592374,109,1.0,1,-108,real_barrio_cne
50-412,Quito,2363,0.0629820051413881,0.012210796915167,0.0797144556811421,0.8736071528330076,110,0.4547381971983855,415,305,real_barrio_cne
50-104,Quito,3248,0.0451425554382259,0.0083769633507853,0.0912584053794428,0.8735590368463981,111,0.9022860484298614,26,-85,real_barrio_cne
50-392,Quito,2299,0.0371237458193979,0.0076923076923076,0.0952662721893491,0.8731867966751681,112,0.4547381971983855,415,303,real_barrio_cne
56-021,Conocoto,5321,0.058372912517236,0.0136085626911314,0.0797728501892915,0.8730736878511057,113,0.6560741982143916,141,28,real_parroquia
50-166,Quito,3588,0.0574184657785944,0.0128617363344051,0.0818690095846645,0.8720728707402446,114,0.739962622914521,93,-21,real_barrio_cne
50-198,Quito,2362,0.0727598566308243,0.0161001788908765,0.0726927939317319,0.8711964504034182,115,0.6569341948950823,132,17,real_barrio_cne
57-008,Cumbayá,2727,0.1157436216552582,0.0208333333333333,0.0514579759862778,0.8708366366432736,116,0.8649595870863216,35,-81,real_parroquia
50-041,Quito,2687,0.0676024061873388,0.0162208309618668,0.0746341463414634,0.8707655080553627,117,0.3517495449289433,511,394,real_barrio_cne
50-289,Quito,2617,0.057344372891751,0.0125728304201165,0.0832873690016547,0.8707133100073758,118,0.6430492555885968,184,66,real_barrio_cne
77-906,Pomasqui,4305,0.0610542282897231,0.0147360567058384,0.0791978246091094,0.8704478556307246,119,0.596056600668248,208,89,real_parroquia
50-175,Quito,5471,0.1265172735760971,0.021661766981278,0.0472061657032755,0.8699585795503078,120,0.9090664173086987,9,-111,real_barrio_cne
50-036,Quito,3023,0.047746065617498,0.0101360362763403,0.0909939337377508,0.8693482923777217,121,0.6797486997336066,115,-6,real_barrio_cne
50-181,Quito,2687,0.0482233502538071,0.012275731822474,0.0879120879120879,0.8692869356534415,122,0.739962622914521,93,-29,real_barrio_cne
50-258,Quito,3345,0.0666990055784622,0.0126030053320407,0.0814717477003942,0.8686875026170114,123,0.5522640413984111,295,172,real_barrio_cne
50-127,Quito,2865,0.0834797891036906,0.0180705333721946,0.0694223635400105,0.8668364173554628,124,0.8327154923399763,48,-76,real_barrio_cne
50-268,Quito,1885,0.0637945318972659,0.0124275062137531,0.0844841592201462,0.8662781066297763,125,0.5588902870852502,257,132,real_barrio_cne
50-128,Quito,2791,0.0651515151515151,0.0157480314960629,0.0801265155508697,0.8653074455609105,126,0.8327154923399763,48,-78,real_barrio_cne
50-049,Quito,4025,0.0702848825119567,0.0180623973727422,0.0752384316495937,0.8651712020076445,127,0.5946471733996156,236,109,real_barrio_cne
57-004,Cumbayá,3078,0.1033738191632928,0.029689608636977,0.0476626947754353,0.8651438828629182,128,0.8649595870863216,35,-93,real_parroquia
70-999,Nayón,2274,0.1188356164383561,0.0273972602739726,0.0461907618476304,0.8641397348266507,129,0.7411572755534023,86,-43,real_parroquia
50-103,Quito,2459,0.0701929474384564,0.0189431704885343,0.0748116254036598,0.8641305693144914,130,0.595393783686324,218,88,real_barrio_cne
50-333,Quito,2426,0.0557480314960629,0.0141732283464566,0.0870835768556399,0.8632427138507647,131,0.3088435395716225,661,530,real_barrio_cne
56-025,Conocoto,2362,0.0700280112044818,0.0153738644304682,0.0808015513897866,0.8627697372818185,132,0.6560741982143916,141,9,real_parroquia
50-088,Quito,3977,0.0675850193715023,0.015601624278692,0.0829231351760696,0.8605963591324998,133,0.8327154923399763,48,-85,real_barrio_cne
55-047,Calderón,3485,0.0520974289580514,0.0121786197564276,0.093311974369243,0.860231577364346,134,0.3407930202813737,530,396,real_parroquia
50-047,Quito,3394,0.0525672371638141,0.0114466634193862,0.0957580848383032,0.8580451099257972,135,0.7431848799055887,73,-62,real_barrio_cne
50-038,Quito,3832,0.0548095971824785,0.0125467752586396,0.0935647756138865,0.8578962297932542,136,0.6797486997336066,115,-21,real_barrio_cne
78-914,Puéllaro,805,0.1067193675889328,0.0266798418972332,0.0562613430127041,0.8574787706154657,137,0.1556813643597807,710,573,real_parroquia
56-010,Conocoto,3447,0.0929223744292237,0.0210045662100456,0.0690803162713275,0.8572486908906588,138,0.6560741982143916,141,3,real_parroquia
50-278,Quito,3940,0.0511524464213505,0.0129319054354415,0.0947935368043088,0.8572254838963376,139,0.6430492555885968,184,45,real_barrio_cne
50-117,Quito,4032,0.063812921125644,0.0168283508216194,0.08515731874145,0.8570089206796511,140,0.6525392962564884,173,33,real_barrio_cne
50-438,Quito,1839,0.0584524810765349,0.0164003364171572,0.0882838283828382,0.8560913297551089,141,0.3204367184674198,613,472,real_barrio_cne
50-195,Quito,2822,0.0887537993920972,0.0191431175934366,0.0739968733715476,0.8560283102938206,142,0.6569341948950823,132,-10,real_barrio_cne
55-044,Calderón,3573,0.0771945302161446,0.0174200661521499,0.0804464973056197,0.8559659795930737,143,0.3407930202813737,530,387,real_parroquia
50-091,Quito,2668,0.0640580624802776,0.0110201511335012,0.0944881889763779,0.8551200201802837,144,0.5946471733996156,236,92,real_barrio_cne
50-332,Quito,1992,0.0454726765057838,0.0115676106900678,0.1003636363636363,0.854887831281472,145,0.3088435395716225,661,516,real_barrio_cne
63-916,Guayllabamba,164,0.1658536585365853,0.024390243902439,0.0408163265306122,0.8548058897616002,146,0.1370923102541907,719,573,real_parroquia
50-148,Quito,4594,0.0809090909090909,0.0192727272727272,0.0775401069518716,0.8546665615367426,147,0.8314817526467053,63,-84,real_barrio_cne
50-259,Quito,3381,0.0537607891491985,0.0120808678500986,0.0975609756097561,0.8538062129844529,148,0.5522640413984111,295,147,real_barrio_cne
50-199,Quito,1801,0.0906474820143884,0.018948365703458,0.0759930915371329,0.852761946952543,149,0.6569341948950823,132,-17,real_barrio_cne
50-125,Quito,3611,0.0924482067275562,0.0227222098462909,0.0706278026905829,0.8521008659434172,150,0.6525392962564884,173,23,real_barrio_cne
50-037,Quito,3436,0.0473372781065088,0.0082820634169427,0.1072239890958655,0.8508308913616941,151,0.6797486997336066,115,-36,real_barrio_cne
50-034,Quito,4457,0.0996128123900035,0.025871172122492,0.0650851581508515,0.8503122607582072,152,0.6797486997336066,115,-37,real_barrio_cne
50-035,Quito,3374,0.0429346543996225,0.01105102280743,0.1053273688491256,0.8502781309149399,153,0.6797486997336066,115,-38,real_barrio_cne
50-064,Quito,3406,0.0526442888191258,0.0123158657329147,0.1002237136465324,0.8502463748095256,154,0.5946471733996156,236,82,real_barrio_cne
55-027,Calderón,4664,0.0485099337748344,0.009930486593843,0.105,0.8501945124907667,155,0.3407930202813737,530,375,real_parroquia
56-018,Conocoto,2931,0.0453942129015131,0.0130076984337669,0.1020594965675057,0.849874291363779,156,0.6560741982143916,141,-15,real_parroquia
50-319,Quito,2558,0.051562026084319,0.0087932080048514,0.1067738231917336,0.848466908032524,157,0.5424180635817769,305,148,real_barrio_cne
50-291,Quito,3217,0.0394228291677402,0.0079487179487179,0.112289156626506,0.8482954620363014,158,0.5424180635817769,305,147,real_barrio_cne
50-316,Quito,2968,0.0556844547563805,0.0128899200824954,0.1001378043178686,0.8478285145304048,159,0.5097212626751959,332,173,real_barrio_cne
50-093,Quito,3258,0.0569395017793594,0.0119349923819197,0.1010468821119708,0.8477953453967958,160,0.5946471733996156,236,76,real_barrio_cne
50-095,Quito,2966,0.0405367626502655,0.0041934582051998,0.1177385892116182,0.8474180792908154,161,0.9022860484298614,26,-135,real_barrio_cne
50-005,Quito,3211,0.0704582086115588,0.0181901911121344,0.0880530973451327,0.847298507399893,162,0.3680290710647501,472,310,real_barrio_cne
50-280,Quito,3132,0.0502379693283976,0.0105764145954521,0.1060969755160825,0.8466455275418412,163,0.6430492555885968,184,21,real_barrio_cne
50-153,Quito,3282,0.1159221704576596,0.0232940531652507,0.0656842105263157,0.8466081180504784,164,0.9090664173086987,9,-155,real_barrio_cne
50-391,Quito,4010,0.0495739736638264,0.0165903890160183,0.0981921304501949,0.8463912431862232,165,0.4547381971983855,415,250,real_barrio_cne
53-001,Atahualpa,542,0.1046337817638266,0.0164424514200298,0.08,0.8453625663394698,166,0.3951215132248737,450,284,real_parroquia
78-001,Puéllaro,1021,0.1414448669201521,0.0319148936170212,0.0458579881656804,0.8452684720271326,167,0.1556813643597807,710,543,real_parroquia
50-097,Quito,3089,0.0562877539813289,0.0087863811092806,0.1085,0.843865570476996,168,0.9022860484298614,26,-142,real_barrio_cne
55-048,Calderón,4436,0.0546247818499127,0.0139616055846422,0.1026977314530962,0.842797062480208,169,0.3407930202813737,530,361,real_parroquia
50-158,Quito,2639,0.0757676902536715,0.0183150183150183,0.0893796004206098,0.8427170187146726,170,1.0,1,-169,real_barrio_cne
50-292,Quito,2422,0.0555367422959702,0.0138841855739925,0.1025802391441157,0.8426703502892063,171,0.5424180635817769,305,134,real_barrio_cne
50-334,Quito,1693,0.0968325791855203,0.0217194570135746,0.0777479892761394,0.8421627560716451,172,0.3088435395716225,661,489,real_barrio_cne
51-908,Alangasí,4486,0.0733179478075625,0.0166077738515901,0.0932545850170966,0.8418122058341491,173,0.4874491999343671,355,182,real_parroquia
56-011,Conocoto,3846,0.0542033135610554,0.0120457329522253,0.1062271062271062,0.8417949109297022,174,0.6560741982143916,141,-33,real_parroquia
50-318,Quito,2187,0.0520043336944745,0.0093896713615023,0.1111842105263157,0.8410866555379846,175,0.5424180635817769,305,130,real_barrio_cne
51-905,Alangasí,3068,0.108324715615305,0.0229974160206718,0.073170731707317,0.8405364470228146,176,0.4874491999343671,355,179,real_parroquia
50-439,Quito,3066,0.0370834377349035,0.0085191681282886,0.1180492251595259,0.84044099491278,177,0.3279478062807397,585,408,real_barrio_cne
50-257,Quito,3043,0.0680032511514494,0.0159848279599024,0.0970266040688575,0.840358241920185,178,0.5522640413984111,295,117,real_barrio_cne
50-266,Quito,3689,0.0941227499457818,0.024289741921492,0.0768094534711964,0.8398683208663364,179,0.5588902870852502,257,78,real_barrio_cne
50-066,Quito,2290,0.0750543872371283,0.0165646380986676,0.094375,0.8395327444676598,180,0.7431848799055887,73,-107,real_barrio_cne
50-063,Quito,4119,0.0683229813664596,0.014945652173913,0.0995670995670995,0.8386961097778892,181,0.5946471733996156,236,55,real_barrio_cne
50-429,Quito,3097,0.0774881516587677,0.0201326385599242,0.0892523364485981,0.8386279799920482,182,0.3706827883681122,452,270,real_barrio_cne
50-186,Quito,1801,0.0628465804066543,0.0161513613290263,0.1,0.838426744487093,183,0.739962622914521,93,-90,real_barrio_cne
50-422,Quito,1708,0.0786856895806312,0.0168612191958495,0.0943722943722943,0.8372451852426146,184,0.3706827883681122,452,268,real_barrio_cne
50-317,Quito,2883,0.0503791982665222,0.0127095727420227,0.1108891108891109,0.8359742056457692,185,0.5097212626751959,332,147,real_barrio_cne
50-312,Quito,2357,0.0430247718383311,0.0107561929595827,0.1165865384615384,0.8353758889790309,186,0.5424180635817769,305,119,real_barrio_cne
50-339,Quito,2240,0.0725584594222833,0.015130674002751,0.1005188067444876,0.8350252646404832,187,0.3088435395716225,661,474,real_barrio_cne
50-286,Quito,2062,0.0605947955390334,0.0104089219330855,0.1113360323886639,0.8348565280808937,188,0.5650943898372349,243,55,real_barrio_cne
56-009,Conocoto,2964,0.0938628158844765,0.0250128932439401,0.0796755725190839,0.8346971200882715,189,0.6560741982143916,141,-48,real_parroquia
50-251,Quito,2954,0.0615133369624387,0.0135538086202222,0.1068965517241379,0.8345395242576316,190,0.5650943898372349,243,53,real_barrio_cne
50-246,Quito,1550,0.0660031430068098,0.010977522216414,0.109,0.8344024699246885,191,0.508888187202352,345,154,real_barrio_cne
50-369,Quito,3463,0.0794183445190156,0.0190156599552572,0.0932274247491638,0.8343818403819281,192,0.5562233385704759,277,85,real_barrio_cne
50-440,Quito,1821,0.0820016820857863,0.0176619007569386,0.0944395410414827,0.8340568346231582,193,0.3279478062807397,585,392,real_barrio_cne
50-367,Quito,2061,0.0513108614232209,0.0101123595505617,0.1157580283793876,0.8337843224492664,194,0.5562233385704759,277,83,real_barrio_cne
50-203,Quito,2600,0.0581875993640699,0.0127105179536066,0.1099820681410639,0.8334959529986139,195,0.6029606041892865,191,-4,real_barrio_cne
50-287,Quito,1975,0.0630593978844589,0.016680227827502,0.1029301277235161,0.8333108837912621,196,0.5650943898372349,243,47,real_barrio_cne
50-250,Quito,3382,0.0717094610224381,0.0140780060004615,0.1035653650254669,0.8332522854984121,197,0.5650943898372349,243,46,real_barrio_cne
50-260,Quito,3805,0.0766638584667228,0.0172595243106714,0.0980465815176559,0.8324218707403439,198,0.4555273984929733,397,199,real_barrio_cne
50-031,Quito,2452,0.0973478939157566,0.022776911076443,0.0834990059642147,0.8320384438698739,199,0.6797486997336066,115,-84,real_barrio_cne
55-022,Calderón,6001,0.0721455457967377,0.018444165621079,0.0982766651141127,0.8320138920761377,200,0.3407930202813737,530,330,real_parroquia
50-290,Quito,2850,0.0814901047729918,0.0130928135001454,0.1026472177201512,0.8317185245035866,201,0.5424180635817769,305,104,real_barrio_cne
50-314,Quito,3389,0.0518553758325404,0.0142146410803127,0.1114023591087811,0.8317166191497359,202,0.5650943898372349,243,41,real_barrio_cne
56-029,Conocoto,2540,0.086806643685365,0.0212300967842647,0.0895522388059701,0.8317001849260105,203,0.6560741982143916,141,-62,real_parroquia
80-912,San Antonio,450,0.0203045685279187,0.0118443316412859,0.1257668711656441,0.8315627181237637,204,0.3150857083405627,646,442,real_parroquia
50-200,Quito,2414,0.1131879543094496,0.0252525252525252,0.0751280591918042,0.8312672257222875,205,0.6029606041892865,191,-14,real_barrio_cne
56-005,Conocoto,2538,0.1054878048780487,0.0286585365853658,0.074034902168165,0.8299775119303566,206,0.6560741982143916,141,-65,real_parroquia
70-908,Nayón,903,0.1546134663341646,0.0440565253532834,0.0356612184249628,0.8299547311510214,207,0.7411572755534023,86,-121,real_parroquia
63-905,Guayllabamba,59,0.0579710144927536,0.0144927536231884,0.1111111111111111,0.8286760773517889,208,0.1370923102541907,719,511,real_parroquia
50-189,Quito,2308,0.0774193548387096,0.0217472815898012,0.094418052256532,0.8285275786464154,209,0.7243722905338109,109,-100,real_barrio_cne
50-426,Quito,2046,0.0576642335766423,0.0153061224489795,0.1106500691562932,0.8279123566537041,210,0.4547381971983855,415,205,real_barrio_cne
50-067,Quito,3511,0.0897048570764582,0.0192174114378328,0.0942299709422997,0.8277280385085419,211,0.7431848799055887,73,-138,real_barrio_cne
50-368,Quito,2770,0.0329826556724481,0.0062553312482229,0.1319796954314721,0.8276073887642952,212,0.5562233385704759,277,65,real_barrio_cne
50-480,Quito,1746,0.0248653128885205,0.0058019063406547,0.1355218855218855,0.8274816248227854,213,0.3279478062807397,585,372,real_barrio_cne
50-388,Quito,3130,0.0660170523751522,0.018265952264978,0.1044083526682134,0.8268735491772795,214,0.4561716622492717,378,164,real_barrio_cne
50-264,Quito,2381,0.0857998004655803,0.0229464582640505,0.0911969601013299,0.8266753111159537,215,0.5588902870852502,257,42,real_barrio_cne
50-279,Quito,3244,0.1186440677966101,0.0242424242424242,0.0786622703721149,0.8257431767877412,216,0.6430492555885968,184,-32,real_barrio_cne
57-011,Cumbayá,1925,0.1321263482280431,0.0346420323325635,0.0596072931276297,0.8257109612443099,217,0.8649595870863216,35,-182,real_parroquia
56-013,Conocoto,3791,0.0996832101372756,0.02259767687434,0.087758945386064,0.8254324912012398,218,0.6560741982143916,141,-77,real_parroquia
77-002,Pomasqui,2517,0.096085409252669,0.0230564587644102,0.0885416666666666,0.8252047213158136,219,0.596056600668248,208,-11,real_parroquia
50-065,Quito,3199,0.0692032686414708,0.0201736465781409,0.1024830699774266,0.8243779661870196,220,0.5946471733996156,236,16,real_barrio_cne
50-396,Quito,2883,0.0680994303469704,0.0121698601760745,0.1141885325558794,0.8240399361111678,221,0.4547381971983855,415,194,real_barrio_cne
50-427,Quito,1910,0.0579243765084473,0.0156878519710378,0.1133603238866396,0.8233538378010945,222,0.4547381971983855,415,193,real_barrio_cne
55-043,Calderón,2880,0.0778947368421052,0.0160526315789473,0.1062874251497006,0.8228377328134923,223,0.3407930202813737,530,307,real_parroquia
50-233,Quito,4007,0.0726714431934493,0.0140873826051449,0.1108679795769511,0.8227764236835738,224,0.5522640413984111,295,71,real_barrio_cne
50-276,Quito,2606,0.0868916094356524,0.0223947446999104,0.0945330296127562,0.822632429934143,225,0.5522640413984111,295,70,real_barrio_cne
55-034,Calderón,2819,0.0694789081885856,0.0124035281146637,0.1148851148851148,0.8219863698701704,226,0.3407930202813737,530,304,real_parroquia
50-331,Quito,2851,0.052068674359696,0.0118209963411201,0.1223097112860892,0.8212142723608156,227,0.5424180635817769,305,78,real_barrio_cne
50-415,Quito,2687,0.0714689265536723,0.0161016949152542,0.1096774193548387,0.8211627312187493,228,0.3706827883681122,452,224,real_barrio_cne
50-354,Quito,4092,0.0742975674146709,0.0180995475113122,0.106002106002106,0.8210630423863202,229,0.5562233385704759,277,48,real_barrio_cne
50-476,Quito,3291,0.0627912136676281,0.0153095185267361,0.1140495867768595,0.8208091415809583,230,0.3279478062807397,585,355,real_barrio_cne
84-009,Tumbaco,3970,0.1307692307692307,0.028425798862968,0.0725314183123878,0.8204377327514063,231,0.4730001215193621,362,131,real_parroquia
50-321,Quito,1890,0.0881355932203389,0.0220245658619229,0.096694214876033,0.8197819622189257,232,0.5097212626751959,332,100,real_barrio_cne
50-025,Quito,3176,0.0837734037445991,0.0189630340854536,0.1028622540250447,0.8192139353394217,233,0.6797486997336066,115,-118,real_barrio_cne
50-255,Quito,2231,0.0795413830168398,0.0171919770773638,0.1069057104913678,0.8190480943269621,234,0.5522640413984111,295,61,real_barrio_cne
50-311,Quito,4598,0.0711195708600103,0.0160843998616395,0.1116955445544554,0.8185983136060687,235,0.5424180635817769,305,70,real_barrio_cne
50-028,Quito,2190,0.0812344803121674,0.0209294075913444,0.1016077170418006,0.8184151114323784,236,0.6797486997336066,115,-121,real_barrio_cne
50-282,Quito,3239,0.1156867412520828,0.0283353010625737,0.07945463093559,0.8183113948051238,237,0.5650943898372349,243,6,real_barrio_cne
50-214,Quito,1994,0.116382806163828,0.0259004451639012,0.0825877494838265,0.8183030278726482,238,0.6029606041892865,191,-47,real_barrio_cne
55-001,Calderón,3082,0.0535759413697245,0.010361384887541,0.1260393873085339,0.8181548130054468,239,0.3407930202813737,530,291,real_parroquia
50-327,Quito,3519,0.077576570534317,0.0169604998884177,0.1088463106400326,0.8177649820880556,240,0.5424180635817769,305,65,real_barrio_cne
55-028,Calderón,3135,0.0673100717644147,0.0195496164315763,0.1091148115687993,0.8173806438840266,241,0.3407930202813737,530,289,real_parroquia
50-355,Quito,3429,0.0676317575209228,0.0162822252374491,0.1136262760763426,0.8172405696894445,242,0.5562233385704759,277,35,real_barrio_cne
50-320,Quito,2577,0.0719402985074626,0.0167114294240525,0.1118995633187772,0.8167400053985336,243,0.5424180635817769,305,62,real_barrio_cne
50-346,Quito,3407,0.0374368396876435,0.0084979329352319,0.1354479211315902,0.8164876897459593,244,0.5562233385704759,277,33,real_barrio_cne
80-008,San Antonio,4683,0.072142974258075,0.0184670697826442,0.1096425352958846,0.8164076427600501,245,0.3150857083405627,646,401,real_parroquia
50-277,Quito,2448,0.1134386077989042,0.0311596530677802,0.0778232884727911,0.8162643970433424,246,0.5522640413984111,295,49,real_barrio_cne
50-288,Quito,2890,0.096414342629482,0.0236262277674542,0.0943584623065401,0.8160031474947012,247,0.5650943898372349,243,-4,real_barrio_cne
50-196,Quito,3502,0.0887517797816801,0.0206454674893213,0.1011831905344757,0.815954539482597,248,0.6569341948950823,132,-116,real_barrio_cne
55-036,Calderón,2746,0.1024182076813655,0.0298719772403982,0.0838414634146341,0.8157113174820988,249,0.3407930202813737,530,281,real_parroquia
50-178,Quito,1970,0.2491968793024323,0.0282975810132359,0.0351506456241033,0.8154708243029375,250,0.9090664173086987,9,-241,real_barrio_cne
50-062,Quito,2279,0.1003344481605351,0.0227424749163879,0.0949968334388853,0.8149366537244346,251,0.595393783686324,218,-33,real_barrio_cne
56-003,Conocoto,3545,0.107764390896921,0.0285586791610888,0.0845542067810799,0.8146777429330119,252,0.6560741982143916,141,-111,real_parroquia
57-009,Cumbayá,3053,0.1506601087237898,0.0323582707740098,0.0645454545454545,0.8144498168105132,253,0.8649595870863216,35,-218,real_parroquia
50-329,Quito,3455,0.0443124714481498,0.0116491548652352,0.1303964757709251,0.8141597858075038,254,0.5562233385704759,277,23,real_barrio_cne
50-352,Quito,3691,0.0719517449375269,0.0215424386040499,0.1073267326732673,0.8138427580856232,255,0.5097212626751959,332,77,real_barrio_cne
52-912,Amaguaña,305,0.097173144876325,0.0159010600706713,0.1065989847715736,0.8135174702714361,256,0.2142532737996558,695,439,real_parroquia
50-094,Quito,2503,0.0794847628023876,0.0210493245366006,0.1058230683090705,0.813248777386607,257,0.595393783686324,218,-39,real_barrio_cne
50-423,Quito,3048,0.0735615440640932,0.0169944161204175,0.1144208037825059,0.811979224617194,258,0.3706827883681122,452,194,real_barrio_cne
55-035,Calderón,1835,0.0682218309859155,0.0166959578207381,0.1172690763052208,0.8111872923685031,259,0.3407930202813737,530,271,real_parroquia
50-477,Quito,2660,0.0602474448628294,0.0169445938676707,0.1198179979777553,0.8110233508578691,260,0.3279478062807397,585,325,real_barrio_cne
50-345,Quito,3391,0.0523105794041754,0.0126582278481012,0.128565160157964,0.8109466829429026,261,0.5562233385704759,277,16,real_barrio_cne
50-231,Quito,2858,0.0968886462882096,0.0223799126637554,0.1001437470052707,0.8102165717565728,262,0.5588902870852502,257,-5,real_barrio_cne
86-001,Zámbiza,3001,0.1345074017355793,0.0311383358856559,0.075212866603595,0.8098459811722594,263,0.4300944241412338,445,182,real_parroquia
70-912,Nayón,4111,0.1469318821542503,0.0371551885907299,0.0627503337783711,0.809594371364611,264,0.7411572755534023,86,-178,real_parroquia
84-013,Tumbaco,3392,0.1356606274856385,0.0334801762114537,0.0717722534081796,0.8095709914633674,265,0.4730001215193621,362,97,real_parroquia
80-009,San Antonio,3098,0.0589285714285714,0.011734693877551,0.128735632183908,0.8093114973684485,266,0.3150857083405627,646,380,real_parroquia
50-201,Quito,2332,0.1078066914498141,0.0253439536567704,0.0933660933660933,0.8086820618257317,267,0.6029606041892865,191,-76,real_barrio_cne
50-029,Quito,2245,0.1015873015873015,0.0235087719298245,0.0981794538361508,0.8085298703116268,268,0.6797486997336066,115,-153,real_barrio_cne
50-307,Quito,2444,0.0879365079365079,0.0231085786641342,0.1039035591274397,0.8079505514000113,269,0.4555273984929733,397,128,real_barrio_cne
55-031,Calderón,4435,0.0909724642732659,0.0191704426629487,0.108927381745503,0.8070871848685168,270,0.3407930202813737,530,260,real_parroquia
56-030,Conocoto,2832,0.0934294427502079,0.0227335736068755,0.1040164778578784,0.8058906147680394,271,0.6560741982143916,141,-130,real_parroquia
52-903,Amaguaña,2172,0.1244206773618538,0.0245989304812834,0.0906593406593406,0.8058883017884632,272,0.2142532737996558,695,423,real_parroquia
50-373,Quito,2042,0.1205186880244088,0.0255140898705255,0.0910384068278805,0.8054934122125026,273,0.4561716622492717,378,105,real_barrio_cne
56-014,Conocoto,3031,0.0987261146496815,0.0229672650475184,0.1021431828545371,0.8054906585894765,274,0.6560741982143916,141,-133,real_parroquia
50-313,Quito,2581,0.0671203216826477,0.0151515151515151,0.1240263630916716,0.8053850102613309,275,0.5424180635817769,305,30,real_barrio_cne
50-275,Quito,2370,0.0866915001693193,0.0220040622884224,0.1078553615960099,0.8052247883465213,276,0.5522640413984111,295,19,real_barrio_cne
50-344,Quito,2886,0.0840683572216097,0.0195646183521631,0.1122672508214676,0.8050546875330059,277,0.5562233385704759,277,0,real_barrio_cne
72-906,Pacto,169,0.28125,0.0446428571428571,0.009090909090909,0.8049211331905327,278,0.3424550764700753,527,249,real_parroquia
50-191,Quito,2513,0.1651673263763944,0.0407142857142857,0.055198285101822,0.8045080829813186,279,0.7243722905338109,109,-170,real_barrio_cne
50-245,Quito,2065,0.105923891722244,0.0294233032561788,0.0915279878971255,0.8043662766774369,280,0.508888187202352,345,65,real_barrio_cne
50-414,Quito,2213,0.0488387978142076,0.0125936010891763,0.1348242811501597,0.8041514285314174,281,0.4547381971983855,415,134,real_barrio_cne
50-263,Quito,2981,0.0828729281767955,0.0215732701920547,0.1106382978723404,0.8040486667463428,282,0.5588902870852502,257,-25,real_barrio_cne
56-020,Conocoto,2724,0.1074235807860262,0.0218340611353711,0.1020833333333333,0.8035778534447332,283,0.6560741982143916,141,-142,real_parroquia
50-328,Quito,3284,0.0484140233722871,0.0100119189511323,0.1390051139005114,0.8035203261275459,284,0.5562233385704759,277,-7,real_barrio_cne
50-027,Quito,1998,0.0912832023943135,0.019453797231575,0.1111111111111111,0.8034119779137366,285,0.6797486997336066,115,-170,real_barrio_cne
50-295,Quito,2944,0.0892808683853459,0.017910447761194,0.1139615194869265,0.8033865776869328,286,0.4555273984929733,397,111,real_barrio_cne
84-010,Tumbaco,3795,0.1471477524692602,0.038701874622052,0.0653211009174312,0.8030406119755203,287,0.4730001215193621,362,75,real_parroquia
50-413,Quito,1907,0.0550351288056206,0.0128805620608899,0.1331953071083506,0.8028875346035615,288,0.4547381971983855,415,127,real_barrio_cne
55-045,Calderón,3625,0.1073446327683615,0.0243372446762277,0.0992277992277992,0.802782753876965,289,0.3407930202813737,530,241,real_parroquia
50-281,Quito,2987,0.1015972767740246,0.0219837738811829,0.1049292337725719,0.8021717103997744,290,0.5650943898372349,243,-47,real_barrio_cne
55-026,Calderón,4503,0.0988188321410747,0.0252575606513791,0.1013910355486862,0.8021368697553726,291,0.3407930202813737,530,239,real_parroquia
50-406,Quito,4525,0.0409618573797678,0.0104477611940298,0.1423197492163009,0.8017044323966397,292,0.4547381971983855,415,123,real_barrio_cne
77-003,Pomasqui,2988,0.1139571353894406,0.0277051751176163,0.0931615460852329,0.8015591902528945,293,0.596056600668248,208,-85,real_parroquia
50-140,Quito,3880,0.1193617021276595,0.036162518613061,0.0797101449275362,0.8013805604446125,294,0.8314817526467053,63,-231,real_barrio_cne
50-372,Quito,1963,0.0967495219885277,0.0225276823214967,0.106705118961788,0.8010178927433353,295,0.4561716622492717,378,83,real_barrio_cne
80-005,San Antonio,3576,0.1164867109634551,0.0255398671096345,0.0956878850102669,0.8009978358314608,296,0.3150857083405627,646,350,real_parroquia
70-002,Nayón,3085,0.1257646195253242,0.0357230242231465,0.0786465477823502,0.8006205472985655,297,0.7411572755534023,86,-211,real_parroquia
55-029,Calderón,4073,0.0741996233521657,0.0203198494825964,0.1179661016949152,0.8005195753263105,298,0.3407930202813737,530,232,real_parroquia
50-132,Quito,3639,0.1059751972942502,0.0290083202158758,0.0950884086444007,0.8002526131457826,299,0.8327154923399763,48,-251,real_barrio_cne
50-215,Quito,1718,0.1185515873015873,0.022051773729626,0.1005372217958557,0.799983124316283,300,0.5222684429404858,321,21,real_barrio_cne
50-343,Quito,3344,0.0644624167459562,0.0173644148430066,0.1258366800535475,0.7999788181845855,301,0.5562233385704759,277,-24,real_barrio_cne
84-012,Tumbaco,3029,0.1323936571860055,0.0324691668764158,0.0824455766558591,0.79842671253431,302,0.4730001215193621,362,60,real_parroquia
84-011,Tumbaco,3138,0.1607669616519174,0.0440019665683382,0.0569141840818141,0.7980245110862805,303,0.4730001215193621,362,59,real_parroquia
50-221,Quito,2139,0.0651052004763795,0.0150853513298928,0.1310679611650485,0.796827473186682,304,0.6569341948950823,132,-172,real_barrio_cne
50-030,Quito,2083,0.0963017209813255,0.0201391431709996,0.113235294117647,0.7968146752227253,305,0.6797486997336066,115,-190,real_barrio_cne
50-109,Quito,3559,0.0910990388633514,0.0219389887170915,0.1126242178873757,0.796718791870629,306,0.595393783686324,218,-88,real_barrio_cne
84-004,Tumbaco,3247,0.1408549404344779,0.0363636363636363,0.0753724802804557,0.7967037831679057,307,0.4730001215193621,362,55,real_parroquia
50-069,Quito,3671,0.1239205526770293,0.0299762777657968,0.0905172413793103,0.796132178481853,308,0.7431848799055887,73,-235,real_barrio_cne
50-411,Quito,2992,0.0622748327328872,0.0149023638232271,0.1328282828282828,0.7961115487244533,309,0.4547381971983855,415,106,real_barrio_cne
50-098,Quito,1812,0.1430562006502554,0.0315838365071992,0.0817460317460317,0.7959844067860596,310,0.595393783686324,218,-92,real_barrio_cne
50-390,Quito,2471,0.0369893856545513,0.0093277581215825,0.1494376004284949,0.7959714031226786,311,0.4547381971983855,415,104,real_barrio_cne
50-118,Quito,4315,0.0970732594073804,0.0234502817669514,0.1093800714053878,0.7954526020751003,312,0.6525392962564884,173,-139,real_barrio_cne
60-924,El Quinche,670,0.1598676957001102,0.041896361631753,0.0621761658031088,0.7952368192359252,313,0.0680493119434639,738,425,real_parroquia
50-085,Quito,2336,0.1262675825973176,0.0291135099771017,0.0915619389587073,0.7952186460512766,314,0.3517495449289433,511,197,real_barrio_cne
50-428,Quito,2226,0.0834788683199441,0.0191838158353679,0.1202365308804205,0.7951440630614096,315,0.3706827883681122,452,137,real_barrio_cne
50-179,Quito,1557,0.2167912593444508,0.0430045871559633,0.0412642669007901,0.7946647969513543,316,0.9090664173086987,9,-307,real_barrio_cne
50-141,Quito,2928,0.1389653274628508,0.0346344145134689,0.0800947867298578,0.7944135694789318,317,0.8314817526467053,63,-254,real_barrio_cne
50-137,Quito,3830,0.1298857486470234,0.0308493589743589,0.0886986301369863,0.7941274718497032,318,0.8314817526467053,63,-255,real_barrio_cne
55-015,Calderón,4351,0.087531806615776,0.0205258693808312,0.1179537308569566,0.7937970644372259,319,0.3407930202813737,530,211,real_parroquia
56-004,Conocoto,3069,0.113560625480646,0.0281762295081967,0.0992592592592592,0.7925054514380933,320,0.6560741982143916,141,-179,real_parroquia
50-051,Quito,2917,0.1315998938710533,0.0315148305084745,0.088491517652453,0.7923338494274165,321,0.3680290710647501,472,151,real_barrio_cne
50-485,Quito,2353,0.0849289684990735,0.0210006176652254,0.1195372750642673,0.7919685953921141,322,0.3279478062807397,585,263,real_barrio_cne
55-049,Calderón,5059,0.1220127653258126,0.0267062314540059,0.0994609164420485,0.7909895271629646,323,0.3407930202813737,530,207,real_parroquia
50-216,Quito,2260,0.1081179468511103,0.024310595065312,0.1077922077922077,0.7907371395888096,324,0.5222684429404858,321,-3,real_barrio_cne
55-046,Calderón,3325,0.0976324689966178,0.0243024302430243,0.1126990608411596,0.7890267385665858,325,0.3407930202813737,530,205,real_parroquia
50-374,Quito,3385,0.0914101975195222,0.0197338228545204,0.1213250517598343,0.788834254995007,326,0.4561716622492717,378,52,real_barrio_cne
55-030,Calderón,4155,0.0757518081461743,0.0163684811572135,0.1321818822700035,0.7878007002925828,327,0.3407930202813737,530,203,real_parroquia
80-007,San Antonio,4886,0.1070806272770473,0.0250118727243944,0.1093563766388557,0.7877604440846478,328,0.3150857083405627,646,318,real_parroquia
50-045,Quito,2937,0.1276195593766792,0.0330467490596453,0.0917636526410026,0.7868459676566496,329,0.7431848799055887,73,-256,real_barrio_cne
50-212,Quito,2307,0.1226415094339622,0.0282426778242677,0.1005728835136855,0.7862561860391067,330,0.6029606041892865,191,-139,real_barrio_cne
50-022,Quito,3207,0.0611519317373785,0.0130362645176582,0.1431476209841398,0.7860511574163953,331,0.3680290710647501,472,141,real_barrio_cne
50-389,Quito,3357,0.0487020445669653,0.0128646910176889,0.1479289940828402,0.7857577044374912,332,0.4561716622492717,378,46,real_barrio_cne
80-006,San Antonio,3935,0.0920364270490215,0.0221111324745241,0.1201465201465201,0.7856454009765406,333,0.3150857083405627,646,313,real_parroquia
50-371,Quito,1854,0.0744544287548138,0.0158322635857937,0.1357142857142857,0.7845973898253696,334,0.5562233385704759,277,-57,real_barrio_cne
50-381,Quito,1508,0.1008487269096355,0.0249625561657513,0.114018691588785,0.7844372290686749,335,0.4561716622492717,378,43,real_barrio_cne
50-322,Quito,2135,0.0945165945165945,0.0309968298696724,0.1082036775106082,0.7839820270415022,336,0.5097212626751959,332,-4,real_barrio_cne
55-032,Calderón,3864,0.0871951219512195,0.0148373983739837,0.1336596385542168,0.7832286017587036,337,0.3407930202813737,530,193,real_parroquia
50-219,Quito,2680,0.118491921005386,0.0310726023304451,0.1012385568120624,0.7819586825048438,338,0.5222684429404858,321,-17,real_barrio_cne
55-040,Calderón,4476,0.1075418994413407,0.0303717926339675,0.106147021546261,0.781779709195205,339,0.3407930202813737,530,191,real_parroquia
50-102,Quito,2929,0.1435025245814509,0.0385330853042785,0.0823638901814797,0.7817584954722505,340,0.595393783686324,218,-122,real_barrio_cne
56-002,Conocoto,2882,0.1053048297703879,0.0263921879123779,0.1125541125541125,0.7816118461924185,341,0.6560741982143916,141,-200,real_parroquia
50-436,Quito,1857,0.0754491017964071,0.0151696606786427,0.1386212008895478,0.781398548541003,342,0.3204367184674198,613,271,real_barrio_cne
50-356,Quito,2383,0.1242433896145269,0.0289716650748169,0.102665910380034,0.7812459379845783,343,0.5562233385704759,277,-66,real_barrio_cne
50-046,Quito,2579,0.1300516560316013,0.040097205346294,0.0860103626943005,0.7802070765155137,344,0.7431848799055887,73,-271,real_barrio_cne
55-039,Calderón,2654,0.1041119860017497,0.0282881306503353,0.1114616193480546,0.780083541394771,345,0.3407930202813737,530,185,real_parroquia
50-324,Quito,2014,0.0765714285714285,0.0232380952380952,0.1282820705176294,0.7797342664509844,346,0.5097212626751959,332,-14,real_barrio_cne
55-042,Calderón,4056,0.1202318623784592,0.022803738317757,0.1139285714285714,0.7794204276026265,347,0.3407930202813737,530,183,real_parroquia
50-338,Quito,3050,0.1125667151868025,0.0266150496007742,0.1113801452784503,0.7793388925454285,348,0.3088435395716225,661,313,real_barrio_cne
50-267,Quito,3113,0.1307206068268015,0.0356420626895854,0.0928308823529411,0.7789902027696034,349,0.5588902870852502,257,-92,real_barrio_cne
50-424,Quito,3134,0.075387505871301,0.0175973721257625,0.1371908539430704,0.7787865806050794,350,0.3706827883681122,452,102,real_barrio_cne
50-228,Quito,2700,0.1118860796280151,0.029642545771578,0.1078838174273859,0.7787143575235829,351,0.5588902870852502,257,-94,real_barrio_cne
50-072,Quito,4016,0.1283041886945913,0.0290591343222922,0.1031549096065225,0.7784767375989206,352,0.7431848799055887,73,-279,real_barrio_cne
50-032,Quito,2481,0.0885885885885885,0.021021021021021,0.128132118451025,0.7784176250359313,353,0.6797486997336066,115,-238,real_barrio_cne
50-348,Quito,2440,0.1011479987589202,0.0285448340055848,0.1135166764189584,0.7781945312444258,354,0.5097212626751959,332,-22,real_barrio_cne
55-038,Calderón,4414,0.1487266553480475,0.032427843803056,0.0918170103092783,0.7778939099736304,355,0.3407930202813737,530,175,real_parroquia
50-366,Quito,1669,0.0985221674876847,0.0210008936550491,0.1259706643658326,0.7766849947984411,356,0.3088435395716225,661,305,real_barrio_cne
50-018,Quito,3540,0.1156900622451169,0.0285468984760678,0.1097461097461097,0.7764286567976901,357,0.3680290710647501,472,115,real_barrio_cne
84-003,Tumbaco,3369,0.154038112522686,0.0417422867513611,0.0783738474434199,0.7761243264234333,358,0.4730001215193621,362,4,real_parroquia
81-001,San José de Minas,2194,0.1974674880219028,0.0419938545578695,0.0630157539384846,0.7759965084954209,359,0.1595433446526916,708,349,real_parroquia
50-481,Quito,2251,0.080421885299934,0.01977587343441,0.1350993377483443,0.7751253761413446,360,0.3279478062807397,585,225,real_barrio_cne
50-256,Quito,2376,0.114162806088683,0.0307743216412971,0.1090458488228005,0.773894413985434,361,0.5522640413984111,295,-66,real_barrio_cne
50-395,Quito,2386,0.1285807291666666,0.0266579973992197,0.1101321585903083,0.7733402329131333,362,0.4547381971983855,415,53,real_barrio_cne
50-100,Quito,3023,0.1188068756319514,0.0278058645096056,0.1122308749427393,0.7729458927344008,363,0.595393783686324,218,-145,real_barrio_cne
50-213,Quito,2374,0.1073153899240855,0.0244574578022735,0.1216216216216216,0.7719034860541467,364,0.6029606041892865,191,-173,real_barrio_cne
50-021,Quito,3478,0.1043049903619618,0.0274148639965731,0.1193561052218296,0.7708358070130262,365,0.3680290710647501,472,107,real_barrio_cne
50-351,Quito,3009,0.08059251820236,0.0251067034898317,0.1309022907900888,0.7706906841927896,366,0.5097212626751959,332,-34,real_barrio_cne
50-407,Quito,2312,0.0724126882409484,0.0147388657481576,0.1489485981308411,0.7695187961421105,367,0.4547381971983855,415,48,real_barrio_cne
50-347,Quito,3698,0.0917141049968374,0.0201595968080638,0.1352896341463414,0.768760107334765,368,0.5562233385704759,277,-91,real_barrio_cne
50-409,Quito,1303,0.1289966923925027,0.0275482093663911,0.1122334455667789,0.7685779492818007,369,0.4547381971983855,415,46,real_barrio_cne
63-004,Guayllabamba,3583,0.1665278934221482,0.0442789157872956,0.0767754318618042,0.7675588805470068,370,0.1370923102541907,719,349,real_parroquia
50-294,Quito,3037,0.1157597535934291,0.0297741273100616,0.1146616541353383,0.7673389453153167,371,0.5424180635817769,305,-66,real_barrio_cne
64-928,La Merced,347,0.1495535714285714,0.0223214285714285,0.11328125,0.7672570545668743,372,0.0917969979771144,734,362,real_parroquia
80-910,San Antonio,231,0.0405405405405405,0.0236486486486486,0.1494252873563218,0.767162212116292,373,0.3150857083405627,646,273,real_parroquia
50-340,Quito,2215,0.1244067796610169,0.0284456484930579,0.1138743455497382,0.7668163237487017,374,0.3088435395716225,661,287,real_barrio_cne
50-123,Quito,2516,0.1675096697411484,0.0404521118381915,0.0824353448275862,0.766591769045371,375,0.6525392962564884,173,-202,real_barrio_cne
50-135,Quito,2310,0.1365199449793672,0.0378266850068775,0.0970988750740082,0.7662445922385718,376,0.6525392962564884,173,-203,real_barrio_cne
50-220,Quito,2859,0.1028985507246376,0.0272384815995363,0.1237322515212981,0.7658472299613807,377,0.6569341948950823,132,-245,real_barrio_cne
56-016,Conocoto,3682,0.1367954401519949,0.0344099641123073,0.1020569620253164,0.7657978705749604,378,0.6560741982143916,141,-237,real_parroquia
55-033,Calderón,3531,0.1016042780748663,0.0229834254143646,0.1302503182011031,0.7656003382931128,379,0.3407930202813737,530,151,real_parroquia
50-377,Quito,2403,0.1137705937208579,0.0295306185887472,0.1172332942555685,0.7652260980712634,380,0.4561716622492717,378,-2,real_barrio_cne
51-001,Alangasí,4182,0.1398289326887318,0.0340275195239866,0.1021821960512642,0.7649064084060028,381,0.4874491999343671,355,-26,real_parroquia
50-265,Quito,3088,0.1086407276402223,0.0346134411318847,0.1124234470691163,0.7646246935375831,382,0.5588902870852502,257,-125,real_barrio_cne
50-434,Quito,3873,0.1064823827136461,0.0280319252481993,0.1225604996096799,0.764241689153042,383,0.3706827883681122,452,69,real_barrio_cne
50-298,Quito,3206,0.1363191385217816,0.0335291238374938,0.1046182846371347,0.7641862962252554,384,0.4555273984929733,397,13,real_barrio_cne
55-053,Calderón,4497,0.1385811146022821,0.0365470481230362,0.1000319590923617,0.7636711687289492,385,0.3407930202813737,530,145,real_parroquia
50-486,Quito,3363,0.1404905335628227,0.0343864173651407,0.1026905829596412,0.7632151376892471,386,0.3204367184674198,613,227,real_barrio_cne
50-110,Quito,2573,0.1386138613861386,0.0324032403240324,0.1063157894736842,0.7629022852199582,387,0.595393783686324,218,-169,real_barrio_cne
55-020,Calderón,2678,0.1052487698195735,0.0243302351011481,0.1295647823911956,0.762251594529514,388,0.3407930202813737,530,142,real_parroquia
50-185,Quito,1489,0.0677867902665121,0.021412037037037,0.1469979296066252,0.7617487603989587,389,0.739962622914521,93,-296,real_barrio_cne
50-187,Quito,2019,0.1029900332225913,0.0206355757325629,0.136467020470053,0.7608761022806251,390,0.6029606041892865,191,-199,real_barrio_cne
50-194,Quito,3317,0.142821965033243,0.0373647984267453,0.0995594713656387,0.7607491340370618,391,0.6569341948950823,132,-259,real_barrio_cne
50-121,Quito,3664,0.117157490396927,0.0332764505119453,0.1141776937618147,0.7606999060970463,392,0.6525392962564884,173,-219,real_barrio_cne
50-269,Quito,1890,0.1016243231986672,0.0254060807996668,0.1306306306306306,0.7604796094758961,393,0.5588902870852502,257,-136,real_barrio_cne
50-244,Quito,2788,0.164841182913472,0.0435139573070607,0.0838323353293413,0.7601480489785438,394,0.508888187202352,345,-49,real_barrio_cne
56-015,Conocoto,3708,0.1392186488236563,0.0407013149655604,0.0971180418476115,0.7594863754311009,395,0.6560741982143916,141,-254,real_parroquia
50-164,Quito,2635,0.1021810576635793,0.0280848521063639,0.1285034373347435,0.7580517158989771,396,0.739962622914521,93,-303,real_barrio_cne
50-273,Quito,1529,0.1237373737373737,0.0308080808080808,0.1175925925925926,0.7575671708195688,397,0.4555273984929733,397,0,real_barrio_cne
55-021,Calderón,3257,0.0702240702240702,0.0182490182490182,0.1536502546689304,0.7574718004471546,398,0.3407930202813737,530,132,real_parroquia
50-076,Quito,1851,0.1136363636363636,0.0297520661157024,0.1229571984435797,0.7570322878948575,399,0.3517495449289433,511,112,real_barrio_cne
50-437,Quito,2494,0.100177304964539,0.0277777777777777,0.1310572687224669,0.7560906475534223,400,0.3204367184674198,613,213,real_barrio_cne
50-467,Quito,2370,0.1007018614586512,0.0222764723832773,0.1389937106918239,0.7553966740795055,401,0.3204367184674198,613,212,real_barrio_cne
52-902,Amaguaña,2674,0.1276962899050906,0.0240549828178694,0.1273743016759776,0.7550826939868834,402,0.2142532737996558,695,293,real_parroquia
50-308,Quito,3398,0.0991507918292403,0.025905547913801,0.1349274124679761,0.7548273001371874,403,0.5424180635817769,305,-98,real_barrio_cne
70-001,Nayón,2626,0.1661189124589184,0.0455357142857142,0.0847906730259671,0.7543964656263965,404,0.7411572755534023,86,-318,real_parroquia
50-006,Quito,2837,0.1437324483022721,0.0342098544804697,0.1082995951417004,0.7543250015657319,405,0.3680290710647501,472,67,real_barrio_cne
56-024,Conocoto,2883,0.1820401519262072,0.0455778621812262,0.0794464377242439,0.7540527807631555,406,0.6560741982143916,141,-265,real_parroquia
77-005,Pomasqui,3345,0.16601607347876,0.0393232738911751,0.093763440860215,0.7539296022611749,407,0.596056600668248,208,-199,real_parroquia
50-457,Quito,2088,0.0733212341197822,0.0152450090744101,0.1595441595441595,0.7536178582434093,408,0.3204367184674198,613,205,real_barrio_cne
50-425,Quito,2186,0.0743085638120626,0.0183272242585804,0.1550131926121372,0.7535121229809498,409,0.3706827883681122,452,43,real_barrio_cne
50-382,Quito,2175,0.1065545040308447,0.0276901507185418,0.1316872427983539,0.7523570467833418,410,0.4561716622492717,378,-32,real_barrio_cne
50-270,Quito,2610,0.1322266742987979,0.0294791070406411,0.1204301075268817,0.7521568768854048,411,0.5588902870852502,257,-154,real_barrio_cne
50-370,Quito,2189,0.0863257163583605,0.0232136380123322,0.1454064771976206,0.7516857538976748,412,0.5562233385704759,277,-135,real_barrio_cne
50-455,Quito,2496,0.0712242562929061,0.0205949656750572,0.1550028918449971,0.7506981789495314,413,0.3204367184674198,613,200,real_barrio_cne
50-442,Quito,2857,0.0739989863152559,0.0167257982767359,0.159917990773962,0.7499774170291736,414,0.4547381971983855,415,1,real_barrio_cne
52-914,Amaguaña,1291,0.1189060642092746,0.0315101070154577,0.1239470517448856,0.7498361640526268,415,0.2142532737996558,695,280,real_parroquia
50-433,Quito,2345,0.0936143831370117,0.0257284562926224,0.1408629441624365,0.749671477420647,416,0.3706827883681122,452,36,real_barrio_cne
50-165,Quito,3005,0.1191751472951258,0.02785216925549,0.1295433364398881,0.7489756199254547,417,0.739962622914521,93,-324,real_barrio_cne
76-001,Píntag,4008,0.1627202121613942,0.0426217086569426,0.0944344703770197,0.748330476770355,418,0.0527534289775416,745,327,real_parroquia
84-002,Tumbaco,4675,0.1790385873119686,0.0408063729474882,0.0912722802704363,0.748329160248113,419,0.4730001215193621,362,-57,real_parroquia
50-086,Quito,1766,0.1161290322580645,0.0305376344086021,0.1274038461538461,0.7482676410539093,420,0.3517495449289433,511,91,real_barrio_cne
56-023,Conocoto,2884,0.1772521923996811,0.0465054477810257,0.0851377952755905,0.746781775804503,421,0.6560741982143916,141,-280,real_parroquia
50-293,Quito,2431,0.0851282051282051,0.0188034188034188,0.1560880829015544,0.7459853585261639,422,0.5424180635817769,305,-117,real_barrio_cne
50-469,Quito,3023,0.134535705581282,0.0331464781866926,0.1192842942345924,0.7456774504266681,423,0.3204367184674198,613,190,real_barrio_cne
84-015,Tumbaco,3815,0.1843273499324454,0.048427551611036,0.0816399286987522,0.7445603359925842,424,0.4730001215193621,362,-62,real_parroquia
50-061,Quito,1826,0.1302503182011031,0.0381841323716588,0.1151750972762645,0.7438000209037189,425,0.595393783686324,218,-207,real_barrio_cne
50-084,Quito,2675,0.1541321132399199,0.040320274521018,0.1040176114474408,0.7436581713943565,426,0.3517495449289433,511,85,real_barrio_cne
50-475,Quito,2100,0.1117546848381601,0.0258943781942078,0.1392405063291139,0.7429399844943595,427,0.3279478062807397,585,158,real_barrio_cne
50-083,Quito,2574,0.1322073383808969,0.0331974373907979,0.1224147568474007,0.7424029555622539,428,0.3517495449289433,511,83,real_barrio_cne
50-262,Quito,2512,0.0956893916233567,0.0259462759462759,0.1452070334656835,0.7423219279463417,429,0.5588902870852502,257,-172,real_barrio_cne
50-482,Quito,2925,0.1259314456035767,0.0293094883258817,0.1300383877159309,0.7423189123633231,430,0.3279478062807397,585,155,real_barrio_cne
50-161,Quito,2567,0.1531231049120679,0.0400242571255306,0.1058694459681843,0.7421637257802307,431,0.739962622914521,93,-338,real_barrio_cne
54-001,Calacalí,2501,0.1576053756872327,0.036030534351145,0.1098507462686567,0.7421445142348528,432,0.2946313356741293,681,249,real_parroquia
50-211,Quito,2634,0.1455985379226317,0.0313737435272616,0.1207910208444682,0.7417047514566283,433,0.6029606041892865,191,-242,real_barrio_cne
50-405,Quito,2585,0.0981838819523269,0.0190124858115777,0.1548696114954763,0.7410403499961843,434,0.4547381971983855,415,-19,real_barrio_cne
50-052,Quito,3051,0.1635883905013192,0.0419764931638282,0.1007859454461396,0.7404420546900586,435,0.3680290710647501,472,37,real_barrio_cne
50-410,Quito,1672,0.0772884283246977,0.0146804835924006,0.1686241610738255,0.7403643637617257,436,0.4547381971983855,415,-21,real_barrio_cne
50-479,Quito,2272,0.0919071518193224,0.0219573400250941,0.1537112799532437,0.7400358099947854,437,0.3279478062807397,585,148,real_barrio_cne
50-309,Quito,3053,0.1128467546458389,0.0304336116347966,0.1348430262480699,0.7398408503376858,438,0.5424180635817769,305,-133,real_barrio_cne
84-014,Tumbaco,4329,0.1658265252911524,0.0415435424995654,0.1013283904850169,0.7394537417715997,439,0.4730001215193621,362,-77,real_parroquia
50-048,Quito,3729,0.1252890477191507,0.033083645443196,0.1271465107782243,0.7394336941690691,440,0.7431848799055887,73,-367,real_barrio_cne
50-403,Quito,2701,0.1003344481605351,0.0259197324414715,0.1457446808510638,0.7394239024368775,441,0.4547381971983855,415,-26,real_barrio_cne
50-408,Quito,3677,0.0968327617510591,0.0282428888440589,0.1444151936818352,0.7385101782097551,442,0.4547381971983855,415,-27,real_barrio_cne
50-451,Quito,2600,0.1574074074074074,0.0448933782267115,0.1005494505494505,0.7381825781472341,443,0.3204367184674198,613,170,real_barrio_cne
50-484,Quito,1712,0.1266778523489933,0.0293624161073825,0.1328847771236333,0.7379654113183505,444,0.3279478062807397,585,141,real_barrio_cne
55-050,Calderón,1943,0.1403712296983758,0.0336426914153132,0.1224806201550387,0.7375812758718026,445,0.3407930202813737,530,85,real_parroquia
52-003,Amaguaña,3379,0.1512206148282097,0.0347144456886898,0.1172866520787746,0.7374962763997024,446,0.2142532737996558,695,249,real_parroquia
50-435,Quito,2195,0.148034188034188,0.0379487179487179,0.1140684410646387,0.7372924166633621,447,0.3204367184674198,613,166,real_barrio_cne
50-323,Quito,3590,0.0951553334781664,0.0243319574190745,0.1513292433537832,0.7372514668515099,448,0.5097212626751959,332,-116,real_barrio_cne
72-001,Pacto,508,0.1966966966966967,0.0404191616766467,0.093841642228739,0.7371352403002641,449,0.3424550764700753,527,78,real_parroquia
50-042,Quito,1667,0.1283372365339578,0.033255269320843,0.1276252019386106,0.7370013830308313,450,0.3517495449289433,511,61,real_barrio_cne
55-041,Calderón,3315,0.1272811272811272,0.0316470316470316,0.1303003533568904,0.7368883093196043,451,0.3407930202813737,530,79,real_parroquia
50-470,Quito,2073,0.1142752829499817,0.0288426433004746,0.1397006414825374,0.7355232147802717,452,0.3279478062807397,585,133,real_barrio_cne
79-001,Puembo,4462,0.1980942828485456,0.0483116014710799,0.083613060726274,0.7355219622294408,453,0.2541807777383696,685,232,real_parroquia
50-136,Quito,4716,0.1461746460951169,0.0349928423731509,0.1203069334064127,0.7352359005455988,454,0.6525392962564884,173,-281,real_barrio_cne
50-111,Quito,3022,0.2394145321484579,0.0418191322530057,0.0789014821272885,0.7345980001460545,455,0.595393783686324,218,-237,real_barrio_cne
50-077,Quito,1855,0.1381657989587505,0.0376,0.1204437400950871,0.7339225714670952,456,0.3517495449289433,511,55,real_barrio_cne
50-274,Quito,2616,0.1221212121212121,0.0303030303030303,0.1363383416805787,0.7336239259533498,457,0.5522640413984111,295,-162,real_barrio_cne
50-073,Quito,3887,0.1451866404715127,0.0369134105635185,0.1198361215431888,0.732712075938881,458,0.3517495449289433,511,53,real_barrio_cne
50-075,Quito,2340,0.1273864384463462,0.0250164581961816,0.1427707199032062,0.7323250846257748,459,0.3517495449289433,511,52,real_barrio_cne
52-904,Amaguaña,2899,0.1481383681013995,0.0372326379720095,0.1187308085977482,0.7322151127219783,460,0.2142532737996558,695,235,real_parroquia
50-380,Quito,2643,0.0853067047075606,0.0236804564907275,0.1593435680254102,0.7322014862667706,461,0.4561716622492717,378,-83,real_barrio_cne
50-230,Quito,3305,0.0909522678698646,0.028259320826407,0.1510524143623607,0.7321906609086808,462,0.5588902870852502,257,-205,real_barrio_cne
50-133,Quito,3362,0.1700934579439252,0.041822429906542,0.10530749789385,0.7314444333341771,463,0.8327154923399763,48,-415,real_barrio_cne
56-001,Conocoto,2848,0.1473518615626638,0.0395909805977975,0.1163245356793743,0.7314162054828011,464,0.6560741982143916,141,-323,real_parroquia
57-012,Cumbayá,1947,0.1490474411654837,0.0433320881583862,0.1107266435986159,0.731185745298949,465,0.8649595870863216,35,-430,real_parroquia
50-261,Quito,3336,0.1455682071891047,0.035052467068542,0.1237244897959183,0.7307318275976824,466,0.4555273984929733,397,-69,real_barrio_cne
50-310,Quito,2925,0.0747094631986718,0.0146651909241837,0.1773791728948679,0.7296326559653269,467,0.5424180635817769,305,-162,real_barrio_cne
50-252,Quito,3347,0.0914740243599304,0.0191351888667992,0.1654445462878093,0.7295222489687232,468,0.6430492555885968,184,-284,real_barrio_cne
77-007,Pomasqui,3577,0.2498861047835991,0.0419134396355353,0.0792202405640812,0.7289960092694511,469,0.596056600668248,208,-261,real_parroquia
50-054,Quito,2624,0.153360768175583,0.0417009602194787,0.1131270010672358,0.7289352902472841,470,0.3680290710647501,472,2,real_barrio_cne
66-001,Lloa,738,0.1371951219512195,0.0284552845528455,0.1373307543520309,0.7285874757737666,471,0.29200009499289,683,212,real_parroquia
50-019,Quito,2494,0.1331386861313868,0.0324087591240875,0.1341531581889323,0.7273795885302827,472,0.3680290710647501,472,0,real_barrio_cne
50-326,Quito,3723,0.1167114232596571,0.0320181780623838,0.1408962454582155,0.7267089116499605,473,0.5097212626751959,332,-141,real_barrio_cne
50-002,Quito,2997,0.1425085407515861,0.0424597364568082,0.1177038109020742,0.7263983116082815,474,0.3680290710647501,472,-2,real_barrio_cne
50-007,Quito,2431,0.1637223974763406,0.0395604395604395,0.1145038167938931,0.7261712890218154,475,0.3680290710647501,472,-3,real_barrio_cne
50-208,Quito,2705,0.1809031556039173,0.0389009793253536,0.1098546042003231,0.7256054416270233,476,0.6029606041892865,191,-285,real_barrio_cne
50-445,Quito,2511,0.2025522671734998,0.0570187347271246,0.077490774907749,0.7252845535222818,477,0.3279478062807397,585,108,real_barrio_cne
50-271,Quito,2794,0.1374935266701191,0.032107716209218,0.1347020530796194,0.7251244839962455,478,0.4555273984929733,397,-81,real_barrio_cne
55-023,Calderón,4130,0.1389824499202269,0.0374047154759794,0.127,0.724925742397243,479,0.3407930202813737,530,51,real_parroquia
50-325,Quito,2749,0.1007943029307039,0.0279375513557929,0.154672395273899,0.7231562502372801,480,0.5097212626751959,332,-148,real_barrio_cne
50-404,Quito,2583,0.0971428571428571,0.0254285714285714,0.1594202898550724,0.7231474904459148,481,0.4547381971983855,415,-66,real_barrio_cne
50-454,Quito,1798,0.113036303630363,0.0297029702970297,0.1481781376518218,0.7228742916407324,482,0.3204367184674198,613,131,real_barrio_cne
50-365,Quito,2059,0.1552083333333333,0.0392361111111111,0.1204819277108433,0.7226541680517881,483,0.3088435395716225,661,178,real_barrio_cne
50-012,Quito,2098,0.1323277339732602,0.0315068493150684,0.1391917896087235,0.7225749534221213,484,0.3680290710647501,472,-12,real_barrio_cne
50-020,Quito,1825,0.1362559241706161,0.0311268715524034,0.1385911179173047,0.7222467749035496,485,0.3680290710647501,472,-13,real_barrio_cne
50-453,Quito,1975,0.1365113759479956,0.0371975442397977,0.1308623298033283,0.7212061110928738,486,0.3204367184674198,613,127,real_barrio_cne
50-460,Quito,3210,0.1293276747822202,0.0325602140945584,0.1399904443382704,0.7209141038536072,487,0.3706827883681122,452,-35,real_barrio_cne
50-283,Quito,2233,0.1572996341868972,0.0372216683283482,0.1250836120401337,0.7191737592480669,488,0.5650943898372349,243,-245,real_barrio_cne
50-378,Quito,2889,0.1669654289372599,0.0412291933418694,0.1161953727506426,0.7191486002321246,489,0.4561716622492717,378,-111,real_barrio_cne
50-206,Quito,2142,0.1913013931362555,0.0465353260869565,0.1004657351962741,0.7190450009023007,490,0.6029606041892865,191,-299,real_barrio_cne
50-441,Quito,1711,0.1021775544388609,0.0247068676716917,0.1621621621621621,0.71836268532463,491,0.3279478062807397,585,94,real_barrio_cne
50-303,Quito,2956,0.1581749049429657,0.0347275031685678,0.1296202531645569,0.7172704873421594,492,0.4555273984929733,397,-95,real_barrio_cne
50-078,Quito,2609,0.1540907776814108,0.0303555941023417,0.137451307735114,0.7167756326997239,493,0.3517495449289433,511,18,real_barrio_cne
83-001,Tababela,1595,0.1891217564870259,0.0438902743142144,0.1066666666666666,0.7166034137119074,494,0.317799512846882,644,150,real_parroquia
55-019,Calderón,4139,0.1096727795756922,0.0329018338727076,0.1497961956521739,0.7161992221138808,495,0.3407930202813737,530,35,real_parroquia
50-448,Quito,2044,0.1553730321697467,0.0390143737166324,0.1255506607929515,0.7160549095635287,496,0.3279478062807397,585,89,real_barrio_cne
50-229,Quito,2437,0.1421149144254278,0.0396583282489322,0.130938586326767,0.7137705152449404,497,0.5588902870852502,257,-240,real_barrio_cne
50-218,Quito,2210,0.2078530259365994,0.0542469664525339,0.0884146341463414,0.7130532983450687,498,0.5222684429404858,321,-177,real_barrio_cne
50-468,Quito,1827,0.147372580007902,0.045436586329514,0.121697357886309,0.7129728338011775,499,0.3204367184674198,613,114,real_barrio_cne
50-361,Quito,2253,0.1409179056237879,0.0387847446670976,0.1331592689295039,0.7129548702593715,500,0.3088435395716225,661,161,real_barrio_cne
50-379,Quito,2671,0.1541199014508623,0.0407883931015603,0.1259052924791086,0.7128046838490916,501,0.4561716622492717,378,-123,real_barrio_cne
50-375,Quito,3872,0.126749300279888,0.0293882447021191,0.1513254786450662,0.712630313046881,502,0.4561716622492717,378,-124,real_barrio_cne
55-016,Calderón,2200,0.1128600133958472,0.0304755525787006,0.1554341226472374,0.7115582486548753,503,0.3407930202813737,530,27,real_parroquia
50-420,Quito,2513,0.1321418107237034,0.033987694110753,0.1439482961222091,0.7114494288287879,504,0.3706827883681122,452,-52,real_barrio_cne
50-060,Quito,1910,0.1550447993767043,0.0459680560966108,0.1196581196581196,0.7111046015487816,505,0.595393783686324,218,-287,real_barrio_cne
50-443,Quito,2909,0.1108636476119772,0.0304380103934669,0.1571072319201995,0.7102889928352787,506,0.4547381971983855,415,-91,real_barrio_cne
50-119,Quito,1972,0.1266441187523487,0.0334460729049229,0.1475186947654656,0.7102046120381768,507,0.6525392962564884,173,-334,real_barrio_cne
65-002,Llano Chico,3371,0.2179316466932978,0.0543237250554323,0.0869006849315068,0.7101813450491027,508,0.3561682528675731,506,-2,real_parroquia
50-450,Quito,3852,0.1497180633871281,0.0421932724090997,0.127915726109857,0.7094859781834527,509,0.3279478062807397,585,76,real_barrio_cne
50-299,Quito,2508,0.1723214285714285,0.0419642857142857,0.1205156950672645,0.7092889968030044,510,0.4555273984929733,397,-113,real_barrio_cne
50-359,Quito,2199,0.1074407741074407,0.025025025025025,0.1665551839464883,0.7092377127858339,511,0.3088435395716225,661,150,real_barrio_cne
50-306,Quito,2099,0.1533807829181494,0.0355871886120996,0.1360866621530128,0.7090697410660309,512,0.4555273984929733,397,-115,real_barrio_cne
50-285,Quito,2204,0.1679946879150066,0.0415006640106241,0.1228868660598179,0.7089809403202935,513,0.5650943898372349,243,-270,real_barrio_cne
50-013,Quito,3449,0.1251053074978938,0.033698399326032,0.1489113530326594,0.7085522626626117,514,0.3680290710647501,472,-42,real_barrio_cne
75-937,Pifo,800,0.234023402340234,0.0554561717352415,0.0809443507588532,0.7085287716243241,515,0.1544984259653768,714,199,real_parroquia
55-052,Calderón,2779,0.1643243243243243,0.0394594594594594,0.1274878967186659,0.7082959699974796,516,0.3407930202813737,530,14,real_parroquia
50-033,Quito,2691,0.1224489795918367,0.0333701047986762,0.1506702412868632,0.708030743912124,517,0.6797486997336066,115,-402,real_barrio_cne
50-026,Quito,4061,0.124380847550908,0.032654558796551,0.1512915129151291,0.7076157949937791,518,0.6797486997336066,115,-403,real_barrio_cne
79-999,Puembo,8934,0.1856404170551835,0.0486523139515172,0.1079672375279225,0.7074573357995637,519,0.2541807777383696,685,166,real_parroquia
50-341,Quito,2580,0.1844463717837525,0.0462561433940445,0.1120354963948973,0.7069952296118701,520,0.3088435395716225,661,141,real_barrio_cne
64-923,La Merced,494,0.1636636636636636,0.0495495495495495,0.1151315789473684,0.706412473093603,521,0.0917969979771144,734,213,real_parroquia
50-305,Quito,2961,0.152055857253685,0.0377553659167313,0.1356369262506446,0.7062083403188505,522,0.4555273984929733,397,-125,real_barrio_cne
50-362,Quito,2584,0.1376728110599078,0.0354262672811059,0.1440185830429733,0.7059934147132365,523,0.3088435395716225,661,138,real_barrio_cne
50-082,Quito,4065,0.1637226970560304,0.0389363722697056,0.1301369863013698,0.7059460304073271,524,0.3517495449289433,511,-13,real_barrio_cne
50-360,Quito,2404,0.1123328380386329,0.0276374442793462,0.1638702460850112,0.705634717445039,525,0.3088435395716225,661,136,real_barrio_cne
50-134,Quito,5029,0.1258912202077816,0.0247076264206885,0.1633246149375181,0.7054764329390467,526,0.8327154923399763,48,-478,real_barrio_cne
50-217,Quito,2134,0.1684131736526946,0.0421013412816691,0.1246753246753246,0.7051944370527283,527,0.5222684429404858,321,-206,real_barrio_cne
84-008,Tumbaco,2768,0.1872340425531914,0.0465425531914893,0.1123379740758521,0.704710790595475,528,0.4730001215193621,362,-166,real_parroquia
50-081,Quito,2433,0.2008985879332477,0.0481386392811296,0.1058514135437212,0.7040616918818046,529,0.3517495449289433,511,-18,real_barrio_cne
50-210,Quito,2497,0.1782703715266937,0.0495481458398254,0.112112676056338,0.7035930795204915,530,0.6029606041892865,191,-339,real_barrio_cne
50-079,Quito,2269,0.1595356550580431,0.0344941956882255,0.1396083385975995,0.7033871538334087,531,0.3517495449289433,511,-20,real_barrio_cne
84-005,Tumbaco,2705,0.1618497109826589,0.0424855491329479,0.1279306829765545,0.7031343304263509,532,0.4730001215193621,362,-170,real_parroquia
50-337,Quito,1563,0.1892907468294974,0.0483795209018318,0.1105626850937808,0.7026817213441526,533,0.3088435395716225,661,128,real_barrio_cne
60-002,El Quinche,1510,0.1813725490196078,0.0459433040078201,0.1170688114387846,0.7021593472707729,534,0.0680493119434639,738,204,real_parroquia
50-224,Quito,2051,0.1610105580693816,0.0433634992458521,0.1278901734104046,0.7019259059602614,535,0.5588902870852502,257,-278,real_barrio_cne
50-416,Quito,3105,0.1199235547061634,0.0340963280877444,0.1553308823529411,0.7014752370675073,536,0.3706827883681122,452,-84,real_barrio_cne
50-335,Quito,2460,0.1248488512696493,0.0362756952841596,0.1506524317912218,0.701406808626596,537,0.3088435395716225,661,124,real_barrio_cne
55-009,Calderón,4479,0.1722005208333333,0.04931640625,0.1163101604278075,0.7011748687496503,538,0.3407930202813737,530,-8,real_parroquia
50-432,Quito,1824,0.1428003182179793,0.0377883850437549,0.14251968503937,0.7011284349896952,539,0.3706827883681122,452,-87,real_barrio_cne
77-999,Pomasqui,1552,0.1877979027645376,0.050047664442326,0.1100352112676056,0.700954192183096,540,0.596056600668248,208,-332,real_parroquia
50-430,Quito,2016,0.0857552924291352,0.022604951560818,0.1843163538873994,0.6998287313350801,541,0.3706827883681122,452,-89,real_barrio_cne
55-011,Calderón,5114,0.1452673720331712,0.0387087558920154,0.1414419372592185,0.6996855040863309,542,0.3407930202813737,530,-12,real_parroquia
50-349,Quito,1789,0.1208881578947368,0.0370065789473684,0.1523730224812656,0.6995519941564226,543,0.5097212626751959,332,-211,real_barrio_cne
50-418,Quito,2655,0.1313103448275862,0.0355862068965517,0.1509129967776584,0.6992793161627802,544,0.3706827883681122,452,-92,real_barrio_cne
50-160,Quito,2551,0.1354105998835177,0.0343622597553873,0.1512169860176074,0.6992295161726205,545,0.739962622914521,93,-452,real_barrio_cne
50-495,Quito,1757,0.1642228739002932,0.0414746543778801,0.1315555555555555,0.698955807742778,546,0.3204367184674198,613,67,real_barrio_cne
50-315,Quito,2232,0.1565187478500172,0.0445969125214408,0.1300268096514745,0.698802119182961,547,0.5650943898372349,243,-304,real_barrio_cne
50-350,Quito,2877,0.1507977354606278,0.0393721049922799,0.1398825413774693,0.6979303088364495,548,0.5097212626751959,332,-216,real_barrio_cne
50-387,Quito,3141,0.1315182279649284,0.0272077472907539,0.1634928007431491,0.6978292407063573,549,0.4561716622492717,378,-171,real_barrio_cne
50-272,Quito,1639,0.1939890710382513,0.0500910746812386,0.1101321585903083,0.697790807455877,550,0.4555273984929733,397,-153,real_barrio_cne
50-397,Quito,2971,0.1331639135959339,0.0348157560355781,0.1525105584232754,0.6976687858872505,551,0.4547381971983855,415,-136,real_barrio_cne
50-297,Quito,2833,0.1575492341356674,0.0399343544857768,0.1369495166487647,0.6976661479269689,552,0.4555273984929733,397,-155,real_barrio_cne
50-353,Quito,4089,0.1588546416195513,0.0379146919431279,0.1404494382022472,0.6960786100299755,553,0.5562233385704759,277,-276,real_barrio_cne
50-471,Quito,2637,0.1316518847006652,0.0332594235033259,0.1569282136894824,0.6952883511835385,554,0.3279478062807397,585,31,real_barrio_cne
50-431,Quito,1798,0.1411522633744856,0.0337448559670781,0.1537302185380557,0.6942235046936384,555,0.3706827883681122,452,-103,real_barrio_cne
50-358,Quito,1817,0.1059202577527184,0.0233588401127668,0.1803921568627451,0.6941709398749023,556,0.3088435395716225,661,105,real_barrio_cne
50-497,Quito,3583,0.1582849128431176,0.0442797034662392,0.1333333333333333,0.6940342194365667,557,0.3279478062807397,585,28,real_barrio_cne
50-209,Quito,2238,0.1371249127704117,0.0310537334263782,0.1590909090909091,0.6938997350920403,558,0.6029606041892865,191,-367,real_barrio_cne
75-002,Pifo,2494,0.1764705882352941,0.0529704419081065,0.1151580074986609,0.6937955013531241,559,0.1544984259653768,714,155,real_parroquia
65-003,Llano Chico,2418,0.1660617059891107,0.0405323653962492,0.1366313309776207,0.6929149307786369,560,0.3561682528675731,506,-54,real_parroquia
50-401,Quito,2069,0.1384083044982699,0.0401384083044982,0.1472602739726027,0.6922756212552209,561,0.4547381971983855,415,-146,real_barrio_cne
50-357,Quito,1934,0.1549349655700076,0.0394032134659525,0.1428571428571428,0.6918277935794425,562,0.3088435395716225,661,99,real_barrio_cne
50-456,Quito,3067,0.15,0.0354838709677419,0.1521035598705501,0.688942460112882,563,0.3204367184674198,613,50,real_barrio_cne
75-003,Pifo,3898,0.203813155386082,0.0533536585365853,0.1089466089466089,0.6885539375642793,564,0.1544984259653768,714,150,real_parroquia
85-002,Yaruquí,1468,0.2432432432432432,0.0496314496314496,0.1013443640124095,0.687239474724653,565,0.1270713869546714,730,165,real_parroquia
63-003,Guayllabamba,2858,0.2043524416135881,0.0576872188409632,0.1042793900639449,0.6864771285879011,566,0.1370923102541907,719,153,real_parroquia
50-301,Quito,1491,0.2032640949554896,0.0509396636993076,0.1141463414634146,0.6862690424990133,567,0.4555273984929733,397,-170,real_barrio_cne
50-417,Quito,3246,0.105949656750572,0.032648401826484,0.1737400530503978,0.6856644681322603,568,0.3706827883681122,452,-116,real_barrio_cne
68-001,Nanegal,540,0.1715116279069767,0.0217706821480406,0.1661721068249258,0.6854165459956916,569,0.3114683926101421,659,90,real_parroquia
64-001,La Merced,2816,0.2175720620842572,0.0556786703601108,0.1033776867963152,0.6852221632581674,570,0.0917969979771144,734,164,real_parroquia
55-014,Calderón,3348,0.1550422034651266,0.0386494891159484,0.1488833746898263,0.6849527270351575,571,0.3407930202813737,530,-41,real_parroquia
50-204,Quito,2124,0.1644271570014144,0.041018387553041,0.1430481283422459,0.6839854696055396,572,0.6029606041892865,191,-381,real_barrio_cne
50-342,Quito,3388,0.1844097995545657,0.0511111111111111,0.1223340040241448,0.6837110971412874,573,0.5562233385704759,277,-296,real_barrio_cne
55-002,Calderón,3563,0.1558008748177463,0.0416579879191835,0.145447378793851,0.683596140362998,574,0.3407930202813737,530,-44,real_parroquia
50-009,Quito,2018,0.1584797418429544,0.0484044460380064,0.1352265043948614,0.6835335144169311,575,0.3680290710647501,472,-103,real_barrio_cne
50-474,Quito,2928,0.1104794859120118,0.0264458724666337,0.1823472356935014,0.6834732647415545,576,0.3279478062807397,585,9,real_barrio_cne
80-004,San Antonio,2243,0.1548183254344391,0.0436018957345971,0.1451717433570965,0.6807582253176053,577,0.3150857083405627,646,69,real_parroquia
50-004,Quito,2695,0.1559358869872317,0.0421081227927193,0.1473899692937564,0.6800188146187529,578,0.3680290710647501,472,-106,real_barrio_cne
52-939,Amaguaña,3769,0.2239306130494776,0.0587423615217819,0.1021347844286312,0.6780910538539912,579,0.2142532737996558,695,116,real_parroquia
50-491,Quito,3018,0.1578199052132701,0.0440758293838862,0.1455847255369928,0.6778652803659854,580,0.3204367184674198,613,33,real_barrio_cne
50-494,Quito,2623,0.1378732905386547,0.036840636338264,0.1625480505216913,0.677844339073219,581,0.3204367184674198,613,32,real_barrio_cne
77-004,Pomasqui,3829,0.201868089973313,0.0553442373526055,0.1149875400498398,0.6774362499850903,582,0.596056600668248,208,-374,real_parroquia
50-458,Quito,1574,0.1220767072029934,0.0336291452592246,0.1730072463768115,0.6771295914385701,583,0.3204367184674198,613,30,real_barrio_cne
51-909,Alangasí,4622,0.2051578773350967,0.0537776311448366,0.1168714414144441,0.6762581926619539,584,0.4874491999343671,355,-229,real_parroquia
50-483,Quito,1710,0.1478334749362786,0.0399320305862361,0.1566265060240964,0.675352348344947,585,0.3279478062807397,585,0,real_barrio_cne
50-247,Quito,2419,0.1855134474327628,0.0479828850855745,0.1328883495145631,0.6746600109236097,586,0.508888187202352,345,-241,real_barrio_cne
85-001,Yaruquí,3803,0.2152049099188279,0.0606299212598425,0.1054804804804804,0.6740884311895033,587,0.1270713869546714,730,143,real_parroquia
55-017,Calderón,1975,0.1382857142857143,0.0361904761904761,0.1663003663003663,0.6737415361092175,588,0.3407930202813737,530,-58,real_parroquia
50-059,Quito,3125,0.1536675951717734,0.0436296124390809,0.1521933751119069,0.6716385040928815,589,0.595393783686324,218,-371,real_barrio_cne
50-452,Quito,1620,0.1585419411506368,0.0443371378402107,0.150278293135436,0.6705990806703873,590,0.3204367184674198,613,23,real_barrio_cne
50-232,Quito,1996,0.2503799392097264,0.0645896656534954,0.0907142857142857,0.6700548205305702,591,0.5588902870852502,257,-334,real_barrio_cne
50-304,Quito,3044,0.1716976575706351,0.0420188360299444,0.1497753369945082,0.6694154296223621,592,0.4555273984929733,397,-195,real_barrio_cne
50-120,Quito,1729,0.1660486196950968,0.0436753193242686,0.1502276176024279,0.6683476223220467,593,0.6525392962564884,173,-420,real_barrio_cne
76-975,Píntag,293,0.3069544364508393,0.0671462829736211,0.0695652173913043,0.6672294229569189,594,0.0527534289775416,745,151,real_parroquia
50-296,Quito,2535,0.1704685573366214,0.0495384615384615,0.1414925373134328,0.6670949455578778,595,0.4555273984929733,397,-198,real_barrio_cne
60-916,El Quinche,1509,0.2870952150797486,0.0652489125181247,0.08004158004158,0.6659359212114244,596,0.0680493119434639,738,142,real_parroquia
50-490,Quito,2451,0.1258102533883323,0.0300530347672362,0.1854502087060226,0.665088515276506,597,0.3204367184674198,613,16,real_barrio_cne
50-243,Quito,2736,0.1941109205260148,0.047360912981455,0.1378590078328981,0.6649375299924143,598,0.5222684429404858,321,-277,real_barrio_cne
55-051,Calderón,2184,0.2691785471826205,0.0729308005427408,0.0764832022873481,0.6647855060579119,599,0.3407930202813737,530,-69,real_parroquia
50-421,Quito,1927,0.1629256965944272,0.0491486068111455,0.146613545816733,0.6644131630654135,600,0.3706827883681122,452,-148,real_barrio_cne
50-488,Quito,1679,0.1412671232876712,0.0354852501068832,0.1734154929577464,0.663914731076884,601,0.3204367184674198,613,12,real_barrio_cne
60-907,El Quinche,1864,0.2203934162986752,0.0637785800240673,0.1074130105900151,0.6630051885953357,602,0.0680493119434639,738,136,real_parroquia
50-489,Quito,3399,0.1499465240641711,0.0374331550802139,0.1692375495813133,0.6618117030811883,603,0.3204367184674198,613,10,real_barrio_cne
74-999,Perucho,258,0.403125,0.06875,0.0394736842105263,0.6595985504518386,604,0.4914155909892097,353,-251,real_parroquia
50-386,Quito,3532,0.179235642754956,0.0449621908849376,0.1508,0.6588455226154074,605,0.4561716622492717,378,-227,real_barrio_cne
55-013,Calderón,3498,0.1758425790244923,0.0441699811597236,0.1531387445021991,0.6587598331996184,606,0.3407930202813737,530,-76,real_parroquia
50-249,Quito,2057,0.1636363636363636,0.0425454545454545,0.1607022282241728,0.6572936247262473,607,0.5650943898372349,243,-364,real_barrio_cne
52-911,Amaguaña,4499,0.2574325485478604,0.0635848083863206,0.0990680013807387,0.6571608658970193,608,0.2142532737996558,695,87,real_parroquia
50-015,Quito,2977,0.1562887620937732,0.0434135450260481,0.1623407267579046,0.6569041710188201,609,0.3680290710647501,472,-137,real_barrio_cne
50-226,Quito,2611,0.2127784290738569,0.0618405627198124,0.1176789587852494,0.6562458557543805,610,0.5588902870852502,257,-353,real_barrio_cne
55-010,Calderón,3563,0.1485737738559409,0.0385799302277857,0.1728292480265891,0.6553741912110606,611,0.3407930202813737,530,-81,real_parroquia
50-487,Quito,1743,0.1486261448792672,0.0412156536219816,0.1694214876033057,0.6550216227609699,612,0.3204367184674198,613,1,real_barrio_cne
84-001,Tumbaco,3845,0.2252926501631164,0.0577624256380733,0.1201451905626134,0.654636281627319,613,0.4730001215193621,362,-251,real_parroquia
50-444,Quito,3317,0.1427339370418283,0.0435532557136696,0.1685761047463175,0.6545560302053801,614,0.4547381971983855,415,-199,real_barrio_cne
50-017,Quito,2638,0.1248615725359911,0.0326688815060908,0.1904512067156348,0.653735635283312,615,0.3680290710647501,472,-143,real_barrio_cne
50-398,Quito,3125,0.1027817067421027,0.0254596888260254,0.2081194587027531,0.6537160262858,616,0.4547381971983855,415,-201,real_barrio_cne
50-122,Quito,3939,0.2058540342769112,0.0527633352590025,0.1363952679192762,0.6511132006603599,617,0.6525392962564884,173,-444,real_barrio_cne
59-001,Checa,1916,0.2391559202813599,0.0683860883157483,0.1037093111279333,0.6504115837907363,618,0.0,749,131,real_parroquia
50-074,Quito,2640,0.2111234089651356,0.0561704482567791,0.1304588170259812,0.6502772756371017,619,0.3517495449289433,511,-108,real_barrio_cne
50-234,Quito,1970,0.2347931873479318,0.0551301684532924,0.1244167962674961,0.6492500467020779,620,0.5222684429404858,321,-299,real_barrio_cne
50-499,Quito,1911,0.2008273787138021,0.0586686724332455,0.1325600662800331,0.647569512268722,621,0.3279478062807397,585,-36,real_barrio_cne
50-222,Quito,1981,0.1961523953225198,0.0497925311203319,0.1465753424657534,0.6474220736129365,622,0.5588902870852502,257,-365,real_barrio_cne
52-002,Amaguaña,2416,0.2211627191633343,0.0602891418025223,0.1240648379052369,0.6464480366233959,623,0.2142532737996558,695,72,real_parroquia
50-205,Quito,2388,0.2112676056338028,0.0522691705790297,0.1387419165196943,0.646258038280171,624,0.6029606041892865,191,-433,real_barrio_cne
50-101,Quito,2250,0.18359375,0.0517578125,0.1492443324937027,0.6460241805578586,625,0.595393783686324,218,-407,real_barrio_cne
50-447,Quito,1895,0.1396431342125678,0.0372381691233514,0.1877424359968968,0.6417478404691117,626,0.3279478062807397,585,-41,real_barrio_cne
50-399,Quito,3462,0.1622981757181799,0.0456353359849277,0.1686451084731887,0.6411995225151198,627,0.4547381971983855,415,-212,real_barrio_cne
50-001,Quito,3131,0.2119565217391304,0.0613677536231884,0.1297881928796755,0.6409511196272744,628,0.3680290710647501,472,-156,real_barrio_cne
50-207,Quito,2962,0.2437606009207656,0.0712381875454325,0.1077730090605627,0.6372499306936666,629,0.6029606041892865,191,-438,real_barrio_cne
50-053,Quito,1945,0.2688172043010752,0.0741564701520207,0.0950540958268933,0.6372047990331656,630,0.3680290710647501,472,-158,real_barrio_cne
56-999,Conocoto,4386,0.2577602469559252,0.065854913393929,0.1113564668769716,0.6358760134533661,631,0.6560741982143916,141,-490,real_parroquia
50-302,Quito,2206,0.1966347740019795,0.0471791487957769,0.158953722334004,0.6351935583098554,632,0.4555273984929733,397,-235,real_barrio_cne
50-080,Quito,2237,0.2320499479708636,0.0596600763093999,0.1297043010752688,0.6347327213573958,633,0.3517495449289433,511,-122,real_barrio_cne
50-376,Quito,2740,0.139247311827957,0.0368279569892473,0.1939030484757621,0.634277446463057,634,0.4561716622492717,378,-256,real_barrio_cne
50-419,Quito,4014,0.1264073694984646,0.0354827703855339,0.2013162988772744,0.6327894707397255,635,0.4561716622492717,378,-257,real_barrio_cne
50-008,Quito,2737,0.1973684210526315,0.0546955624355005,0.1508021390374331,0.6317647713825961,636,0.3680290710647501,472,-164,real_barrio_cne
50-363,Quito,3324,0.1872476089266737,0.0505522514868309,0.1619834710743801,0.6291238130591174,637,0.3088435395716225,661,24,real_barrio_cne
50-473,Quito,1996,0.1270289343683839,0.0352858151023288,0.2043176561295296,0.6287566869890086,638,0.3279478062807397,585,-53,real_barrio_cne
80-002,San Antonio,2666,0.2415699281370923,0.0665378244064053,0.1224932249322493,0.6270419103888666,639,0.3150857083405627,646,7,real_parroquia
52-001,Amaguaña,2223,0.2366071428571428,0.0576923076923076,0.137062937062937,0.6262142750639503,640,0.2142532737996558,695,55,real_parroquia
55-037,Calderón,2470,0.2496350364963503,0.0735766423357664,0.1110491071428571,0.6255353488785738,641,0.3407930202813737,530,-111,real_parroquia
50-016,Quito,3419,0.2003061447627378,0.0531379838180625,0.157531290461804,0.6241023319923725,642,0.3680290710647501,472,-170,real_barrio_cne
51-999,Alangasí,5090,0.24194519722975,0.0552756372258446,0.1401106903582872,0.6240777263049089,643,0.4874491999343671,355,-288,real_parroquia
50-055,Quito,3498,0.2038893344025661,0.0584701641970364,0.1495041952707856,0.623284695410364,644,0.3680290710647501,472,-172,real_barrio_cne
55-012,Calderón,5454,0.1644090305444887,0.0416777276347225,0.1864773820981713,0.623274104385711,645,0.3407930202813737,530,-115,real_parroquia
85-003,Yaruquí,3049,0.2592592592592592,0.0627253064167267,0.1253012048192771,0.6219965623773822,646,0.1270713869546714,730,84,real_parroquia
50-364,Quito,3103,0.181107791312342,0.0482647667202941,0.1730937773882559,0.6211678959773208,647,0.3088435395716225,661,14,real_barrio_cne
50-057,Quito,2891,0.2164308761479275,0.0508724502334725,0.157644824311491,0.620560581784043,648,0.595393783686324,218,-430,real_barrio_cne
50-459,Quito,2630,0.1197183098591549,0.0392741061755146,0.2085129310344827,0.6189363643661376,649,0.3204367184674198,613,-36,real_barrio_cne
69-001,Nanegalito,787,0.1825242718446602,0.0533980582524271,0.1678832116788321,0.6179020763569193,650,0.3571581416063598,504,-146,real_parroquia
50-162,Quito,2960,0.2072205736894164,0.0632880098887515,0.1461961503208066,0.6170994701500383,651,0.739962622914521,93,-558,real_barrio_cne
50-014,Quito,2069,0.2060283687943262,0.0429078014184397,0.1750865051903114,0.61672163029482,652,0.3680290710647501,472,-180,real_barrio_cne
50-056,Quito,3485,0.1890878800499791,0.04914618908788,0.1724409448818897,0.6165914650914899,653,0.595393783686324,218,-435,real_barrio_cne
50-011,Quito,1883,0.1955140186915888,0.0515695067264574,0.1678370786516854,0.6152439360029736,654,0.3680290710647501,472,-182,real_barrio_cne
75-001,Pifo,2984,0.229758777167423,0.0606709493219129,0.1437417072091994,0.6146860534745946,655,0.1544984259653768,714,59,real_parroquia
50-163,Quito,2994,0.2066115702479339,0.0555972952667167,0.158912943344081,0.6145477018303276,656,0.739962622914521,93,-563,real_barrio_cne
83-999,Tababela,1364,0.262757871878393,0.0801733477789815,0.1061507936507936,0.6134942631823787,657,0.317799512846882,644,-13,real_parroquia
50-400,Quito,1658,0.2968954962833406,0.0856269113149847,0.0870786516853932,0.6130206650137515,658,0.4547381971983855,415,-243,real_barrio_cne
50-003,Quito,2916,0.1912055335968379,0.0522424839822572,0.1707438841737394,0.6120401012883437,659,0.3680290710647501,472,-187,real_barrio_cne
50-446,Quito,2470,0.2102830733679953,0.0608946608946609,0.1524317912218268,0.6116370073488719,660,0.3279478062807397,585,-75,real_barrio_cne
59-002,Checa,1742,0.2497857754927163,0.072407883461868,0.1234042553191489,0.6107593396698133,661,0.0,749,88,real_parroquia
50-240,Quito,1750,0.2441077441077441,0.058080808080808,0.1455592105263158,0.6102716584606024,662,0.508888187202352,345,-317,real_barrio_cne
50-449,Quito,2901,0.2005936186000494,0.0610932475884244,0.1567622950819672,0.6099450087300808,663,0.3279478062807397,585,-78,real_barrio_cne
50-058,Quito,2872,0.2133265771472004,0.061565746136306,0.1558507920286152,0.6042341885560512,664,0.595393783686324,218,-446,real_barrio_cne
62-001,Guangopolo,1831,0.2765089722675367,0.0872756933115823,0.0987654320987654,0.6036015952502561,665,0.2256378565881411,693,28,real_parroquia
50-402,Quito,3428,0.1629379485014774,0.0441114394259181,0.1982164572355087,0.603288191950533,666,0.4547381971983855,415,-251,real_barrio_cne
75-999,Pifo,6586,0.2900239599215857,0.0694444444444444,0.1191389599317988,0.6030528253627616,667,0.1544984259653768,714,47,real_parroquia
50-472,Quito,2921,0.1512338138284876,0.0420229660395797,0.2083764219234746,0.5989064156826063,668,0.3279478062807397,585,-83,real_barrio_cne
60-001,El Quinche,1946,0.2863670982482864,0.0768645357686453,0.1156111929307805,0.5955656951732476,669,0.0680493119434639,738,69,real_parroquia
60-999,El Quinche,4742,0.2967428750391481,0.0769230769230769,0.114121772394007,0.5925531586118485,670,0.0680493119434639,738,68,real_parroquia
50-336,Quito,2017,0.2530929657122658,0.073170731707317,0.13517338995046,0.5916226585162981,671,0.3088435395716225,661,-10,real_barrio_cne
55-025,Calderón,2917,0.2708481824661439,0.0749170222854433,0.1271593090211132,0.5908326245926759,672,0.3407930202813737,530,-142,real_parroquia
56-017,Conocoto,2061,0.1925,0.0528571428571428,0.1851106639839034,0.5905855750146742,673,0.6560741982143916,141,-532,real_parroquia
55-004,Calderón,3041,0.2393831553973902,0.0640569395017793,0.1543349977303676,0.5891808764445393,674,0.3407930202813737,530,-144,real_parroquia
50-248,Quito,2189,0.2712495767016593,0.0731459532678631,0.1326142131979695,0.5865274752651641,675,0.5650943898372349,243,-432,real_barrio_cne
60-003,El Quinche,1393,0.2901234567901234,0.0940390544707091,0.0978809283551967,0.5855142108924847,676,0.0680493119434639,738,62,real_parroquia
50-284,Quito,1698,0.2156448202959831,0.0638477801268499,0.165837479270315,0.5851307754934731,677,0.5650943898372349,243,-434,real_barrio_cne
50-227,Quito,2861,0.2462140992167101,0.0725848563968668,0.143193593970796,0.5850260125501475,678,0.5588902870852502,257,-421,real_barrio_cne
55-003,Calderón,2249,0.2959742351046699,0.0782608695652174,0.119201030927835,0.5834290005210813,679,0.3407930202813737,530,-149,real_parroquia
50-236,Quito,1931,0.3056633048875097,0.0819295558958652,0.1138153185397279,0.5792385281499809,680,0.5222684429404858,321,-359,real_barrio_cne
50-492,Quito,3061,0.2391840394530374,0.0623178659493387,0.1641448876662081,0.5791374948787993,681,0.3204367184674198,613,-68,real_barrio_cne
61-001,Gualea,86,0.4313725490196078,0.0784313725490196,0.0754716981132075,0.5785077896434615,682,0.2326739128391956,690,8,real_parroquia
50-241,Quito,2605,0.2830136224631637,0.0761745899360578,0.1306755260243632,0.5778413531671761,683,0.508888187202352,345,-338,real_barrio_cne
80-003,San Antonio,2772,0.2807241203467618,0.0795742524075012,0.1291512915129151,0.5745773000083809,684,0.3150857083405627,646,-38,real_parroquia
71-001,Nono,285,0.4146341463414634,0.0975609756097561,0.0611111111111111,0.5698975922907408,685,0.2472274482681896,687,2,real_parroquia
63-001,Guayllabamba,1461,0.3119565217391304,0.0822210357714895,0.1208677685950413,0.5660318555287025,686,0.1370923102541907,719,33,real_parroquia
55-007,Calderón,3909,0.2686890574214517,0.0736728060671722,0.1492427041004802,0.5639780358343159,687,0.3407930202813737,530,-157,real_parroquia
65-001,Llano Chico,2238,0.2130718954248366,0.0571895424836601,0.1923300406740267,0.5626938397179787,688,0.3561682528675731,506,-182,real_parroquia
50-461,Quito,2136,0.3030401034928848,0.0952994204764971,0.1088825214899713,0.561909649921868,689,0.3706827883681122,452,-237,real_barrio_cne
50-384,Quito,2109,0.2278694042409963,0.0545270952541231,0.1917460317460317,0.561491400217088,690,0.4561716622492717,378,-312,real_barrio_cne
50-300,Quito,1749,0.2487157534246575,0.0680650684931506,0.1671974522292993,0.5595285128472296,691,0.4555273984929733,397,-294,real_barrio_cne
50-464,Quito,1938,0.2089657606777268,0.0593010942463819,0.1934156378600823,0.559161768623161,692,0.3204367184674198,613,-79,real_barrio_cne
55-008,Calderón,4036,0.2643217830402228,0.0736548842068605,0.1563146997929606,0.5564076142497868,693,0.3407930202813737,530,-163,real_parroquia
80-999,San Antonio,2684,0.3392808867261422,0.0825934893731503,0.1194190424959655,0.5542974953171617,694,0.3150857083405627,646,-48,real_parroquia
50-235,Quito,2010,0.2706059465562664,0.0715092209258562,0.1600587371512481,0.5523535381329577,695,0.5222684429404858,321,-374,real_barrio_cne
85-999,Yaruquí,11213,0.325394228881764,0.0845761381475667,0.1298800714467976,0.5428289444749199,696,0.1270713869546714,730,34,real_parroquia
50-466,Quito,3227,0.1932210708117444,0.0535405872193437,0.2198237885462555,0.541412116185619,697,0.3204367184674198,613,-84,real_barrio_cne
59-999,Checa,4812,0.3181956720512039,0.0841036520684952,0.1347943560492344,0.5404228461068398,698,0.0,749,51,real_parroquia
63-002,Guayllabamba,2120,0.3381269729919327,0.0841809891266222,0.1291208791208791,0.5385536564707897,699,0.1370923102541907,719,20,real_parroquia
50-242,Quito,2587,0.3173318448227742,0.0974044097125313,0.1206620395088094,0.5349845973095031,700,0.508888187202352,345,-355,real_barrio_cne
63-999,Guayllabamba,4065,0.3699497300316514,0.0999813814932042,0.0990491283676703,0.5346400334475337,701,0.1370923102541907,719,18,real_parroquia
50-462,Quito,2021,0.2195814118481731,0.0603050727208229,0.2068718682891911,0.5337774862337454,702,0.3706827883681122,452,-250,real_barrio_cne
50-238,Quito,1719,0.3195831524099001,0.0869191049913941,0.1384850803366488,0.5293734723565545,703,0.5222684429404858,321,-382,real_barrio_cne
55-006,Calderón,2613,0.2909745293466224,0.0827796234772978,0.1557075223566544,0.5272570628908523,704,0.3407930202813737,530,-174,real_parroquia
50-498,Quito,2234,0.2688,0.07264,0.1784722222222222,0.5258561311284767,705,0.3279478062807397,585,-120,real_barrio_cne
55-024,Calderón,3749,0.3426235600148644,0.0934596804162021,0.1255230125523012,0.52375802591842,706,0.3407930202813737,530,-176,real_parroquia
50-463,Quito,2246,0.188789651986449,0.0495842315983985,0.2397991211550533,0.5236652644864552,707,0.3204367184674198,613,-94,real_barrio_cne
50-237,Quito,1569,0.3482658959537572,0.097491717936583,0.1197654941373534,0.5213153702150423,708,0.5222684429404858,321,-387,real_barrio_cne
65-004,Llano Chico,2857,0.2377749029754204,0.0636481241914618,0.205089058524173,0.5212203158306857,709,0.3561682528675731,506,-203,real_parroquia
50-383,Quito,3615,0.2729473471857979,0.0800887633649384,0.1760284810126582,0.51311370006728,710,0.4561716622492717,378,-332,real_barrio_cne
50-239,Quito,2694,0.361455525606469,0.0902721638372406,0.1355578727841501,0.5070880209961639,711,0.508888187202352,345,-366,real_barrio_cne
50-493,Quito,3209,0.3174224343675417,0.0902581904968539,0.1546830652790917,0.5018946029324189,712,0.3204367184674198,613,-99,real_barrio_cne
84-999,Tumbaco,6171,0.3858173076923077,0.1080528846153846,0.1086453999075358,0.4986489822608717,713,0.4730001215193621,362,-351,real_parroquia
55-018,Calderón,2642,0.2482191780821918,0.0722298221614227,0.2065101387406616,0.4980401160925549,714,0.3407930202813737,530,-184,real_parroquia
55-005,Calderón,2336,0.2744733581164807,0.0734200743494423,0.1959334565619223,0.49776539975493816,715,0.3407930202813737,530,-185,real_parroquia
64-999,La Merced,4906,0.327226690497468,0.0915996425379803,0.1603864734299517,0.48687376590728815,716,0.0917969979771144,734,18,real_parroquia
62-999,Guangopolo,1399,0.3832271762208068,0.1040339702760085,0.140295358649789,0.46415692590213786,717,0.2256378565881411,693,-24,real_parroquia
50-496,Quito,2898,0.369205298013245,0.1000473036896878,0.1634419551934827,0.44669206978880116,718,0.3204367184674198,613,-105,real_barrio_cne
86-906,Zámbiza,500,0.4858420268256334,0.1296023564064801,0.0849858356940509,0.4425821496239335,719,0.4300944241412338,445,-274,real_parroquia
63-902,Guayllabamba,940,0.4139744552967693,0.1307287753568745,0.1119081779053084,0.43780617536379357,720,0.1370923102541907,719,-1,real_parroquia
78-906,Puéllaro,209,0.5166051660516605,0.0996309963099631,0.1240875912408759,0.43117637236903184,721,0.1556813643597807,710,-11,real_parroquia
50-465,Quito,2134,0.3402956298200514,0.1053984575835475,0.1860465116279069,0.4193662724965368,722,0.3204367184674198,613,-109,real_barrio_cne
55-902,Calderón,205,0.304029304029304,0.0842490842490842,0.2283464566929134,0.41878624072793363,723,0.3407930202813737,530,-193,real_parroquia
58-999,Chavezpamba,305,0.5292620865139949,0.1145038167938931,0.109375,0.41711513581765663,724,0.4088242727990189,448,-276,real_parroquia
80-001,San Antonio,2385,0.2773851590106007,0.0768551236749116,0.2522648083623693,0.4127316438706302,725,0.3150857083405627,646,-79,real_parroquia
76-950,Píntag,650,0.4846827133479212,0.1191256830601092,0.1229946524064171,0.41093710027098684,726,0.0527534289775416,745,19,real_parroquia
55-999,Calderón,474,0.453030303030303,0.1297134238310709,0.1194968553459119,0.4107390544678627,727,0.3407930202813737,530,-197,real_parroquia
63-888,Guayllabamba,8,0.4166666666666667,0.0833333333333333,0.2,0.40569768219801,728,0.1370923102541907,719,-9,real_parroquia
50-010,Quito,2093,0.3426455738808482,0.0881857960282733,0.2201591511936339,0.4041485445711685,729,0.3680290710647501,472,-257,real_barrio_cne
52-999,Amaguaña,6602,0.4646067415730337,0.12599395229029,0.1291074341645304,0.39911323135482374,730,0.2142532737996558,695,-35,real_parroquia
76-999,Píntag,11944,0.4226351554513199,0.1072223224487341,0.176971147453796,0.38912602349663084,731,0.0527534289775416,745,14,real_parroquia
50-385,Quito,1542,0.4011866727521679,0.121405750798722,0.1778584392014519,0.3712507978840788,732,0.4561716622492717,378,-354,real_barrio_cne
53-999,Atahualpa,600,0.6254826254826255,0.1261261261261261,0.098984771573604,0.36349908818623705,733,0.3951215132248737,450,-283,real_parroquia
72-999,Pacto,2190,0.7075848303393214,0.1553559547571523,0.0334323922734026,0.3587815339901993,734,0.3424550764700753,527,-207,real_parroquia
54-999,Calacalí,1266,0.5287152161042037,0.1267021906453523,0.1375796178343949,0.3556398123456381,735,0.2946313356741293,681,-54,real_parroquia
50-999,Quito,6518,0.5347874720357941,0.130526549655632,0.1348130841121495,0.3492901605471652,736,0.6029606041892865,191,-545,real_barrio_cne
68-999,Nanegal,1681,0.4669603524229075,0.1039647577092511,0.1973333333333333,0.34630636281552657,737,0.3114683926101421,659,-78,real_parroquia
78-999,Puéllaro,1938,0.5763508222396241,0.1283255086071987,0.1290322580645161,0.34158331849267637,738,0.1556813643597807,710,-28,real_parroquia
69-999,Nanegalito,1282,0.5372706422018348,0.1391752577319587,0.1513002364066193,0.3091432317467149,739,0.3571581416063598,504,-235,real_parroquia
50-904,Quito,414,0.6435643564356436,0.1742574257425742,0.072289156626506,0.30024617856420205,740,0.3680290710647501,472,-268,real_barrio_cne
50-916,Quito,839,0.5573630136986302,0.136986301369863,0.1654545454545454,0.28433989525587144,741,0.3680290710647501,472,-269,real_barrio_cne
81-999,San José de Minas,2046,0.7183151560737119,0.1545112781954887,0.0993265993265993,0.26503846795492003,742,0.1595433446526916,708,-34,real_parroquia
61-999,Gualea,1195,0.6935584740462789,0.1601000625390869,0.1198830409356725,0.23808929304028675,743,0.2326739128391956,690,-53,real_parroquia
52-932,Amaguaña,211,0.6563573883161512,0.2130584192439862,0.0636363636363636,0.23248343901382115,744,0.2142532737996558,695,-49,real_parroquia
86-999,Zámbiza,1148,0.6500319897632757,0.1880998080614203,0.112,0.21655908335316873,745,0.4300944241412338,445,-300,real_parroquia
71-999,Nono,602,0.8561917443408789,0.1671087533156498,0.0939393939393939,0.18288615161908572,746,0.2472274482681896,687,-59,real_parroquia
66-999,Lloa,723,0.7825641025641026,0.1969230769230769,0.1319148936170212,0.10945528974954098,747,0.29200009499289,683,-64,real_parroquia
71-908,Nono,1267,0.6831955922865014,0.2011019283746556,0.1787994891443167,0.08465650560802629,748,0.2472274482681896,687,-61,real_parroquia
57-999,Cumbayá,55,0.7341772151898734,0.1645569620253164,0.2195121951219512,0.0738717658083727,749,0.8649595870863216,35,-714,real_parroquia
65-999,Llano Chico,275,0.3602150537634409,0.1155913978494623,0.4634146341463415,0.01074738915920238,750,0.3561682528675731,506,-244,real_parroquia
63-923,Guayllabamba,37,1.0,0.0888888888888888,0.2857142857142857,0.0,751,0.1370923102541907,719,-32,real_parroquia
