zona_id,barrio,parroquia_sat,cluster,indice_afinidad,e_votos_afines,poblacion_votante,censo_nbi_pobreza_pct,tasa_desempleo_pea,censo_edad_15_29_pct,censo_hombres_pct,joven_hombre_pct,joven_mujer_pct,joven_pobre_pct,joven_no_pobre_pct,censo_internet_pct,censo_analf_digital_pct,censo_discapacidad_pct,censo_educ_superior_pct,censo_ocupacion_directiva_pct,censo_ocupacion_elemental_pct,censo_etnia_indigena_pct,censo_etnia_afro_pct,censo_etnia_montubio_pct,censo_etnia_mestizo_pct,censo_etnia_blanco_pct,censo_etnia_otro_pct,censo_agua_red_pct,censo_alcantarillado_pct,censo_electricidad_pct,censo_deficit_habitacional_pct,censo_vivienda_propia_pct,censo_internet_fijo_pct,censo_computadora_pct,censo_auto_pct,censo_hacinamiento_pct,viirs,ndvi,mndwi
50-174,Iñaquito,Quito,1,0.9090664173086987,6320.738799547383,6953,0.0655216284987277,0.033278777959629,0.1697201017811704,0.4744274809160305,0.0767175572519084,0.093002544529262,0.0100508905852417,0.1596692111959287,0.933206106870229,0.0119592875318066,0.0419847328244274,0.7071246819338423,0.4483460559796438,0.0314249363867684,0.0044529262086513,0.0086513994910941,0.0064885496183206,0.8198473282442749,0.1450381679389313,0.0155216284987277,0.9469114363681468,0.996774993798065,0.9995038451997024,0.00645001240387,0.5044554455445545,0.9616336633663366,0.911881188118812,0.650990099009901,0.0029702970297029,106.2093819066098,0.068126995083908,0.0091744490609745
50-176,Iñaquito,Quito,1,0.9090664173086987,5177.133246573039,5695,0.0326726540724682,0.0410926920382909,0.1351811706410653,0.4591204707339734,0.0596159801796221,0.0755651904614431,0.003716320842366,0.1314648497986993,0.9317126045215236,0.0114586559306286,0.0275627129142149,0.7167853824713534,0.4541653762774852,0.0390213688448436,0.0023227005264787,0.004955094456488,0.0040260142458965,0.7894084855992567,0.1960359244348095,0.0032517807370703,0.9761536079281512,0.99380613192939,0.9996903065964696,0.003716320842366,0.6149798823893532,0.971835345094398,0.9204580625193438,0.7960383782110801,0.000928505106778,77.38526545161696,0.1032783926549947,-0.0006833611133378
50-175,Iñaquito,Quito,1,0.9090664173086987,4973.502369095891,5471,0.1265172735760971,0.0472061657032755,0.1814946619217081,0.4660374439114962,0.0863376141110939,0.0951570478106142,0.021661766981278,0.1598328949404301,0.8844190004641808,0.0375986384032183,0.0331115580999535,0.5967816803342101,0.3612873278663159,0.0908246944143586,0.0187219557481045,0.0089741606065294,0.006034349373356,0.8418691010366702,0.1226984372582392,0.0017019959771004,0.8974548137218739,0.9933603836222796,1.0,0.0379933603836222,0.6160058737151248,0.9306167400881056,0.8593979441997063,0.6989720998531571,0.0102790014684287,57.544714921614414,0.148917857090174,-0.0167877305250482
50-154,Iñaquito,Quito,1,0.9090664173086987,4748.962964020642,5224,0.0790893760539629,0.0322253235219487,0.1861209364999158,0.4669024759979788,0.0875863230587839,0.0985346134411318,0.0154960417719386,0.1706248947279771,0.9198248273538824,0.0175172646117567,0.0380663634832406,0.6942900454775139,0.4069395317500421,0.0442984672393464,0.0094323732524844,0.0207175341081354,0.0067374094660602,0.7943405760485094,0.1584975576890685,0.0102745494357419,0.9336679813553244,0.9971315883829328,0.9996414485478666,0.0118321979204015,0.5058365758754864,0.9366819950477538,0.883622214361514,0.642023346303502,0.0042447824548991,100.86530963285468,0.0761013839635179,0.0081132453321462
50-144,Rumipamba,Quito,1,1.0,4210.0,4210,0.0800246862785435,0.0393184796854521,0.1491282051282051,0.4678974358974359,0.0715897435897435,0.0775384615384615,0.0141538461538461,0.1349743589743589,0.9351794871794872,0.016,0.0354871794871794,0.6535384615384615,0.3577435897435897,0.0387692307692307,0.0028717948717948,0.0075897435897435,0.0057435897435897,0.8237948717948718,0.155076923076923,0.0049230769230769,0.967529411764706,0.9905882352941175,0.9985882352941176,0.0061176470588235,0.6953455571227081,0.9699106723084155,0.917724494593324,0.8542548189938881,0.0,60.87995149518722,0.1073106732529863,-0.0091658471112571
50-134,Kennedy,Quito,0,0.8327154923399763,4187.726210977741,5029,0.1258912202077816,0.1633246149375181,0.286114313951573,0.587547356283973,0.1948608137044968,0.0912535002470762,0.0247076264206885,0.1633997693954867,0.7285455443913688,0.1709767748311645,0.0489211003129632,0.3520013177400757,0.1605995717344753,0.1530225662987975,0.0751111843188931,0.1153022566298797,0.0296491517048262,0.7343106572228628,0.0395322022731016,0.0060945478504365,0.9518716577540108,0.9910873440285204,0.9976232917409388,0.1093285799168152,0.5493207324276432,0.8470171293561725,0.7111636148848198,0.464264619019492,0.0460720614294152,65.97238886633585,0.0698266542094897,-0.0273993810519416
50-143,Rumipamba,Quito,1,1.0,4116.0,4116,0.0588730025231286,0.0365425158116654,0.138982338099243,0.4537426408746846,0.0664423885618166,0.0725399495374264,0.0084104289318755,0.1305719091673675,0.9255677039529016,0.0172413793103448,0.0380571909167367,0.6667367535744323,0.3748948696383515,0.0454163162321278,0.0031539108494533,0.0082001682085786,0.0029436501261564,0.8156013456686291,0.167157275021026,0.0029436501261564,0.970399605328071,0.9970399605328072,0.9990133201776024,0.0098667982239763,0.716609167077378,0.9655002464268112,0.9334647609659932,0.8486939379004436,0.0059142434696895,80.88717742669779,0.0957699436034708,-0.0106754074087395
50-146,Rumipamba,Quito,1,1.0,4084.0,4084,0.0434510131606434,0.0317679558011049,0.1568832254021307,0.4434927929809902,0.0733235847085857,0.083559640693545,0.007520367662419,0.1493628577397117,0.922498433256737,0.0179653227491121,0.036348443701692,0.6833089617714644,0.4142469187382494,0.0478378942970545,0.0083559640693545,0.0045957802381449,0.0048046793398788,0.8376853979527888,0.1347399206183413,0.0098182577814915,0.96751968503937,0.9931102362204725,0.999015748031496,0.0196850393700787,0.6291033806957373,0.951984321411073,0.917687408133268,0.7716805487506124,0.0029397354238118,81.22155604471689,0.0815269430926543,0.0015118074373249
50-112,Rumipamba,Quito,1,1.0,4064.0,4064,0.0448936170212765,0.0594633792603335,0.1712531752751905,0.4614733276883996,0.0878492802709568,0.0834038950042337,0.0057154953429297,0.1655376799322608,0.9049534292972058,0.0268839966130397,0.0478408128704487,0.6530482641828959,0.3272650296359017,0.0546147332768839,0.0033869602032176,0.0107959356477561,0.0046570702794242,0.8581710414902625,0.1221422523285351,0.0008467400508044,0.9745152354570638,0.9916897506925209,0.998337950138504,0.0221606648199446,0.6718232044198895,0.934806629834254,0.8767955801104972,0.7325966850828729,0.005524861878453,75.5758520782971,0.0874124593086953,-0.0057519462168849
50-999,San Juan,Quito,4,0.6029606041892865,3930.0972181057696,6518,0.5347874720357941,0.1348130841121495,0.2509442346145301,0.4823372583870251,0.122417240613197,0.128526994001333,0.130526549655632,0.1187513885803154,0.597422794934459,0.1428571428571428,0.0542101755165518,0.181959564541213,0.0638746945123305,0.2152854921128638,0.0695401021995112,0.0164407909353477,0.0062208398133748,0.8952455009997778,0.0121084203510331,0.0004443457009553,0.6594969012030624,0.4619030258840685,0.959168793292016,0.3401385344513307,0.584687612856627,0.6081617912603828,0.4037558685446009,0.2788010111953773,0.0736728060671722,10.361412660530124,0.2394109206901625,-0.0356196843246485
50-148,Jipijapa,Quito,3,0.8314817526467053,3819.827171658964,4594,0.0809090909090909,0.0775401069518716,0.2474545454545454,0.4625454545454545,0.1190909090909091,0.1283636363636363,0.0192727272727272,0.2281818181818181,0.8841818181818182,0.0356363636363636,0.0427272727272727,0.5381818181818182,0.2681818181818182,0.094,0.031090909090909,0.0312727272727272,0.0147272727272727,0.8454545454545455,0.0767272727272727,0.0007272727272727,0.9552583025830258,0.9935424354243544,0.9990774907749076,0.0673431734317343,0.4931756141947225,0.8844404003639672,0.7725204731574158,0.4672429481346679,0.0181983621474067,90.9247463033657,0.051788941827849,-0.0065849297753107
50-145,Rumipamba,Quito,1,1.0,3792.0,3792,0.0561189993238674,0.0472072072072072,0.1841334234843362,0.4656299301329727,0.0942077980617534,0.0899256254225828,0.0094658553076402,0.1746675681766959,0.9260761775974756,0.0182555780933062,0.0306513409961685,0.6871760198332206,0.3986928104575163,0.0446247464503042,0.0076628352490421,0.0058598151904439,0.003831417624521,0.8719855758395312,0.1099842235744872,0.0006761325219743,0.9532814238042268,0.9961067853170188,1.0,0.0205784204671857,0.6747922437673131,0.9534626038781164,0.9168975069252078,0.7833795013850415,0.0022160664819944,58.09482419421101,0.1279793349924085,-0.0051052649495401
56-022,Conocoto,Conocoto,3,0.6560741982143916,3698.2902553345257,5637,0.0680694817116226,0.0663728286232823,0.2123856439127375,0.472624912033779,0.105981703026038,0.1064039408866995,0.0123856439127375,0.2,0.8502463054187193,0.0539057002111189,0.0454609429978888,0.4343420126671358,0.2122448979591836,0.1173821252638986,0.0099929627023223,0.014496833216045,0.0053483462350457,0.9466572836030964,0.0235045742434905,0.0,0.980561555075594,0.980561555075594,0.9982721382289416,0.1019438444924406,0.6429184549356223,0.8510729613733906,0.7450643776824034,0.5459227467811159,0.0124463519313304,44.20476170217347,0.1787679565786409,-0.0598034634542994
50-087,Kennedy,Quito,1,0.8327154923399763,3595.6654959240177,4318,0.072992700729927,0.0620842572062084,0.229994404029099,0.4734191382204812,0.1177019212833426,0.1122924827457563,0.0197724305166946,0.2096623764223092,0.906174221227383,0.0290990486849468,0.034321954859168,0.5748927438910651,0.3096437231859728,0.0684573773549711,0.0072747621712367,0.0136168625256482,0.0070882298078716,0.9177392277560156,0.0535347882857675,0.0007461294534601,0.9544419134396356,0.996013667425968,1.0,0.0569476082004555,0.6555993247045583,0.9245920090039392,0.871131119864941,0.7366347777152504,0.0157568936409679,76.43298171569252,0.0860586339081561,-0.031964774207351
50-138,Jipijapa,Quito,1,0.8314817526467053,3509.684477921743,4221,0.0388585306618093,0.041343669250646,0.1759240557463138,0.4770753383154918,0.0824075944253686,0.0935164613209452,0.0070692789335487,0.1682488386184609,0.9385982629771764,0.0109068874974752,0.0294889921228034,0.6857200565542315,0.3898202383356897,0.0490809937386386,0.003635629165825,0.0076752171278529,0.0040395879620278,0.8628559886891537,0.120581700666532,0.0012118763886083,0.9805068226120858,0.9941520467836256,0.999512670565302,0.0107212475633528,0.7418570734078755,0.9684005833738454,0.9280505590666018,0.8633932912007778,0.0014584346135148,46.81637049229079,0.1624456725588502,-0.0382516188923127
56-021,Conocoto,Conocoto,3,0.6560741982143916,3490.970808698777,5321,0.058372912517236,0.0797728501892915,0.2174311926605504,0.4746177370030581,0.1091743119266055,0.1082568807339449,0.0136085626911314,0.2024464831804281,0.8793577981651376,0.0389908256880734,0.0611620795107033,0.4726299694189602,0.232262996941896,0.1084097859327217,0.009480122324159,0.0238532110091743,0.0033639143730886,0.9307339449541284,0.032262996941896,0.0003058103975535,0.9816470588235294,0.9882352941176472,1.0,0.0809411764705882,0.6811594202898551,0.8602150537634409,0.7928938756428238,0.5946704067321178,0.013557737260402,44.46784198485579,0.1881370119922702,-0.0553247031861185
50-088,Kennedy,Quito,1,0.8327154923399763,3311.709513036086,3977,0.0675850193715023,0.0829231351760696,0.2132934387689677,0.4637743107501603,0.1102799743534943,0.1030134644154733,0.015601624278692,0.1957683265655054,0.8792477025005343,0.0414618508228253,0.0564223124599273,0.5321649925197692,0.2491985466980124,0.0743748664244496,0.0183799957255823,0.0162427869202821,0.0021372088053002,0.8805300277837145,0.0824962598845907,0.00021372088053,0.961629279811098,0.9964580873671782,1.0,0.0430932703659976,0.5876470588235294,0.8917647058823529,0.8041176470588235,0.548235294117647,0.0058823529411764,67.26922126060646,0.0665495326675999,-0.0085410778922169
50-126,Kennedy,Quito,1,0.8327154923399763,3302.5496426203463,3966,0.0511862917398945,0.0612244897959183,0.2018892794376098,0.468585237258348,0.101933216168717,0.0999560632688928,0.0125219683655536,0.1893673110720562,0.914323374340949,0.0263620386643233,0.0516256590509666,0.6023725834797891,0.2844903339191564,0.0654657293497363,0.0087873462214411,0.0138400702987697,0.0063708260105448,0.9235500878734624,0.04701230228471,0.000439367311072,0.9802036199095022,0.9960407239819004,0.997737556561086,0.0254524886877828,0.657271702367531,0.9205186020293122,0.8579481397970687,0.6578354002254791,0.0062006764374295,67.47220744345297,0.0672743874825922,-0.0084234983193348
50-140,Jipijapa,Quito,1,0.8314817526467053,3226.1492002692166,3880,0.1193617021276595,0.0797101449275362,0.2142097426079557,0.4603275898744948,0.1006168900233992,0.1135928525845564,0.036162518613061,0.1780472239948947,0.8761965539246969,0.0359497979153371,0.0410550946607104,0.5120187194213996,0.2427143161029568,0.0931716656030631,0.0363752393107849,0.0197830248883216,0.0089342693044033,0.8704530950861519,0.0644543714103382,0.0,0.923809523809524,0.9988795518207284,0.999439775910364,0.0661064425770308,0.5754874651810585,0.8662952646239555,0.7654596100278551,0.5381615598885794,0.026183844011142,72.58649050681514,0.0702073624085596,-0.0240236403749217
50-070,Ponceano,Quito,1,0.7431848799055887,3216.504160231388,4328,0.0495693779904306,0.0752757949383517,0.215078453884424,0.4743589743589743,0.1104094910065059,0.1046689628779181,0.0078453884424033,0.2072330654420206,0.915996938384998,0.0197091465748182,0.0476463834672789,0.5271718331419823,0.2460773057787983,0.074052812858783,0.006123230003827,0.0271718331419823,0.0084194412552621,0.9091083046306928,0.0491771909682357,0.0,0.9741657696447792,0.996232508073197,0.9994617868675996,0.0403659849300322,0.596886741814278,0.9371980676328504,0.8427267847557702,0.5888352120236178,0.0064412238325281,55.28067342657791,0.0855824306086642,-0.0205035385415718
57-001,Cumbayá,Cumbayá,1,0.8649595870863216,3212.4599064385984,3714,0.1098757357750163,0.044781643227239,0.2202393906420021,0.4713819368879216,0.1011969532100108,0.1190424374319912,0.0217627856365614,0.1984766050054407,0.8951033732317737,0.0319912948857453,0.0413492927094668,0.5366702937976061,0.3044613710554951,0.1225244831338411,0.0134929270946681,0.0130576713819368,0.0041349292709466,0.7653971708378673,0.2021762785636561,0.0017410228509249,0.9534722222222224,0.9458333333333332,0.9986111111111112,0.0756944444444444,0.699585635359116,0.9185082872928176,0.8584254143646409,0.7624309392265194,0.0124309392265193,33.31693536385725,0.2319557569079028,-0.053726049947732
50-137,Jipijapa,Quito,3,0.8314817526467053,3184.5751126368814,3830,0.1298857486470234,0.0886986301369863,0.2449919871794871,0.4927884615384615,0.1292067307692307,0.1157852564102564,0.0308493589743589,0.2141426282051282,0.8411458333333334,0.047676282051282,0.0378605769230769,0.3814102564102564,0.1875,0.1772836538461538,0.0751201923076923,0.0128205128205128,0.0096153846153846,0.8651842948717948,0.0360576923076923,0.001201923076923,0.939261114589856,0.9837194740137758,0.9906073888541016,0.110832811521603,0.5990129549660703,0.8340530536705737,0.6971005552128315,0.4904380012338063,0.0314620604565083,42.39075294884936,0.161867422012761,-0.0451525409229259
50-089,Kennedy,Quito,1,0.8327154923399763,3172.6460258153097,3810,0.04231375196939,0.0907282132908873,0.2017543859649122,0.4637876743139901,0.0994152046783625,0.1023391812865497,0.0087719298245614,0.1929824561403508,0.868421052631579,0.0521817363922627,0.0492577597840755,0.4865047233468286,0.194331983805668,0.0852451641925326,0.0092217723796671,0.0211426000899685,0.0114709851551956,0.8884390463337831,0.0686009896536212,0.0011246063877642,0.9884244372990354,0.9890675241157556,0.994855305466238,0.090032154340836,0.5964467005076142,0.8857868020304569,0.7703045685279187,0.4428934010152284,0.0095177664974619,63.90070774958684,0.0553817170548266,-0.0146137203105525
50-136,San Isidro Del Inca,Quito,0,0.6525392962564884,3077.3753211456,4716,0.1461746460951169,0.1203069334064127,0.2505169397168761,0.482105932877366,0.1231111818037219,0.1274057579131541,0.0349928423731509,0.2155240973437251,0.8089708923174805,0.0612374741530141,0.0369015428662319,0.3170033402258629,0.1561953236837919,0.1899156990615556,0.0887545729282646,0.0249721647844759,0.0082710354700174,0.8506441864164148,0.0271989820264036,0.0001590583744234,0.9402253797158256,0.9833414992650662,0.994610485056345,0.1254287114159725,0.6066212268743915,0.7945472249269717,0.6392405063291139,0.4055501460564751,0.0374878286270691,35.22473034907862,0.1561506100593996,-0.0470846190740666
70-912,Nayón,Nayón,3,0.7411572755534023,3046.897559800037,4111,0.1469318821542503,0.0627503337783711,0.2341902796021767,0.4901482454494276,0.1185963595421279,0.1155939200600487,0.0371551885907299,0.1970350910114468,0.8191030212047289,0.0643647963970726,0.0382811033965096,0.4209044848939763,0.211109026083693,0.1681366109964346,0.0300243948207918,0.0091949709138675,0.0022518296115593,0.8697691874648151,0.0874460499155563,0.0013135672734096,0.9406001224739744,0.8995713410900184,0.9987752602571952,0.1904470300061237,0.7385542168674699,0.8174698795180723,0.7325301204819277,0.6331325301204819,0.0421686746987951,29.81598600307545,0.2191741668321273,-0.0577450769734444
50-114,Kennedy,Quito,1,0.8327154923399763,3034.4152540868736,3644,0.0319645356976201,0.0585175552665799,0.1872667910447761,0.4664179104477612,0.0883861940298507,0.0988805970149253,0.0079291044776119,0.1791044776119403,0.9081156716417912,0.0314832089552238,0.0398787313432835,0.6077425373134329,0.2667910447761194,0.066231343283582,0.0088619402985074,0.0081623134328358,0.0051305970149253,0.8950559701492538,0.0811567164179104,0.0016324626865671,0.9842312746386334,0.9960578186596584,1.0,0.0532194480946123,0.6348791639451339,0.9399085564990204,0.8628347485303723,0.6943174395819726,0.0032658393207054,63.05643945333296,0.0771094156538932,-0.0114000517386856
50-132,Kennedy,Quito,3,0.8327154923399763,3030.251676625174,3639,0.1059751972942502,0.0950884086444007,0.2286935012367888,0.4809984259051045,0.1113109961771981,0.1173825050595907,0.0290083202158758,0.1996851810209129,0.850685855633011,0.0602653474252304,0.0386777602878345,0.4346750618394423,0.1888913874522149,0.1250281088374185,0.0460984933663143,0.0092196986732628,0.0076456037778277,0.8999325387901956,0.0355295704969642,0.0015740948954351,0.9529801324503312,0.9947019867549668,0.9993377483443708,0.1019867549668874,0.5049374588545096,0.8360763660302831,0.716919025674786,0.4535878867676102,0.031599736668861,82.51189821712,0.0577819855083421,-0.0269459964743775
50-034,Carcelen,Quito,3,0.6797486997336066,3029.639954712685,4457,0.0996128123900035,0.0650851581508515,0.2360084477296726,0.4785286870820133,0.1186202041534671,0.1173882435762055,0.025871172122492,0.2101372756071805,0.8732840549102429,0.0313269975360788,0.0295670538542766,0.4913762759591693,0.2377683914114748,0.1020767335445265,0.0186554030271031,0.0394227384723688,0.0054558254135867,0.8993312214009151,0.037134811686026,0.0,0.9426822481914302,0.9616026711185308,0.996661101836394,0.0690038953811908,0.7264673311184939,0.8992248062015504,0.8111849390919158,0.694905869324474,0.0110741971207087,41.92208848571096,0.1668249955461028,-0.0466543142430573
50-072,Ponceano,Quito,3,0.7431848799055887,2984.630477700844,4016,0.1283041886945913,0.1031549096065225,0.2300345458240195,0.4712456817719975,0.1133915870757976,0.1166429587482219,0.0290591343222922,0.2009754115017273,0.8599878073562284,0.0455192034139402,0.0457224141434667,0.4241007925218451,0.1855313960577118,0.1316805527331843,0.0195082300345458,0.0195082300345458,0.0087380613696403,0.9105872790083316,0.0412517780938833,0.000406421459053,0.9771297884505432,0.9959977129788452,0.9994282447112636,0.0726129216695254,0.531054131054131,0.833048433048433,0.7082621082621082,0.4444444444444444,0.0176638176638176,75.31069252082892,0.0620616403494677,-0.0226990624830416
50-153,Iñaquito,Quito,1,0.9090664173086987,2983.555981607149,3282,0.1159221704576596,0.0656842105263157,0.1890929021649767,0.449712249931488,0.0929021649767059,0.0961907371882707,0.0232940531652507,0.1657988489997259,0.9281995067141684,0.0238421485338448,0.040559057275966,0.6793642093724308,0.3526993696903261,0.0438476294875308,0.0057550013702384,0.0137023842148533,0.008495478213209,0.8366675801589477,0.1320909838311866,0.0032885722115648,0.9014976958525346,0.9982718894009216,0.9994239631336406,0.0126728110599078,0.5724885844748858,0.9412100456621004,0.8841324200913242,0.6381278538812786,0.0051369863013698,82.64445898220967,0.0690581187591319,-0.0088873231393109
50-105,La Concepcion,Quito,1,0.9022860484298614,2974.837101673253,3297,0.0410958904109589,0.0643699002719855,0.211941070043939,0.459033341948824,0.1044197467045748,0.1075213233393641,0.0072370121478418,0.2047040578960972,0.8904109589041096,0.0434220728870509,0.0434220728870509,0.5435513052468338,0.2610493667614371,0.0814163866632204,0.0036185060739209,0.0126647712587231,0.0038769707934866,0.9066942362367536,0.0728870509175497,0.0002584647195657,0.98971898560658,0.9952021932830706,0.9993145990404386,0.0301576422206991,0.5382513661202186,0.8729508196721312,0.7862021857923497,0.5191256830601093,0.0081967213114754,60.33379396771461,0.0574603081990395,-0.003246401605931
50-149,Jipijapa,Quito,1,0.8314817526467053,2971.7157839593247,3574,0.0465059654248843,0.0544012089157536,0.2393474555636718,0.4453372291210129,0.1168736303871439,0.1224738251765278,0.0077915753591429,0.2315558802045288,0.9159970781592404,0.0216703189676162,0.0267835402970538,0.6238130021913806,0.3252982712442172,0.0469929388848307,0.0031653274896518,0.0165570976381787,0.0075480886291697,0.8884830776722669,0.079863647431215,0.0043827611395178,0.9741935483870968,0.9951612903225806,1.0,0.0059139784946236,0.5210442194992009,0.9280767181672882,0.838572189664358,0.4762919552477357,0.0026638252530633,91.68994938419554,0.058686423894826,0.0024928208720914
50-131,Kennedy,Quito,1,0.8327154923399763,2931.9912485290565,3521,0.0414520480745646,0.0775975449364314,0.1921194322075379,0.4579050416054821,0.0949583945178658,0.097161037689672,0.0115026921194322,0.1796377875673029,0.8876651982378855,0.0425844346549192,0.0513950073421439,0.5819872736172296,0.2834067547723935,0.0580029368575624,0.0083210964268232,0.0146842878120411,0.0090553108174253,0.8830151737640725,0.0832109642682329,0.0017131669114047,0.9806924101198402,0.9940079893475366,1.0,0.0585885486018641,0.6341948310139165,0.9012591119946984,0.8257123923127899,0.5811795891318754,0.0086149768058316,95.00141848874895,0.0702507354872716,-0.0282008136749827
50-104,La Concepcion,Quito,1,0.9022860484298614,2930.6250853001898,3248,0.0451425554382259,0.0912584053794428,0.1997382198952879,0.4573298429319372,0.106544502617801,0.0931937172774869,0.0083769633507853,0.1903141361256544,0.8780104712041885,0.0434554973821989,0.087696335078534,0.5484293193717278,0.2282722513089005,0.0730366492146596,0.0117801047120418,0.0198952879581151,0.0054973821989528,0.8701570680628272,0.0924083769633507,0.000261780104712,0.9845474613686536,0.9955849889624724,0.9963208241353936,0.0272259013980868,0.532069970845481,0.8760932944606414,0.7835276967930029,0.5174927113702624,0.0080174927113702,55.13660130582403,0.0619790630193466,0.0023606944010158
50-159,Rumipamba,Quito,1,1.0,2921.0,2921,0.0367940673131774,0.0686695278969957,0.1853964632059327,0.466343411294923,0.0944095835710211,0.0909868796349115,0.0054192812321734,0.1799771819737592,0.92156303479749,0.0236737022247575,0.0328009127210496,0.6297775242441529,0.3342840844266971,0.0490587564175698,0.004563605248146,0.0148317170564746,0.0048488305761551,0.8953223046206503,0.0790074158585282,0.0014261266400456,0.9846046186144156,0.98740377886634,1.0,0.0258922323303009,0.6515045486354094,0.9566130160951716,0.9153254023792862,0.7074877536738978,0.0013995801259622,64.45945092053479,0.1807964593773794,-0.0272370789103539
84-999,Tumbaco,Tumbaco,2,0.4730001215193621,2918.883749895984,6171,0.3858173076923077,0.1086453999075358,0.2545673076923077,0.4949519230769231,0.127764423076923,0.1268028846153846,0.1080528846153846,0.146514423076923,0.7453125,0.0985576923076923,0.0581730769230769,0.2807692307692307,0.1415865384615384,0.2051682692307692,0.0401442307692307,0.0134615384615384,0.0076923076923076,0.8836538461538461,0.0539663461538461,0.0010817307692307,0.7447833065810594,0.4265650080256822,0.991171749598716,0.2780898876404494,0.6850332161000391,0.6991012114107074,0.5701445877295819,0.4525205158264947,0.0496287612348573,7.457101924680939,0.2602714971966433,-0.0837632751331145
50-115,Kennedy,Quito,1,0.8327154923399763,2916.169654174597,3502,0.0487283099595911,0.0782533506268914,0.1825041263852864,0.4711153029945767,0.0919594435274699,0.0905446828578165,0.0091959443527469,0.1652912049045036,0.8995519924546098,0.0341900495166234,0.0443291676491393,0.5430323037019571,0.2489978778589955,0.0709738269276114,0.0099033246875736,0.0195708559302051,0.0049516623437868,0.9165291204904504,0.0478660693232728,0.0011789672247111,0.9815789473684212,0.9973684210526316,1.0,0.0243421052631578,0.578809679529104,0.9300196206671026,0.8790058862001308,0.6324395029431,0.0052321778940483,67.9540642530595,0.0911269219506425,-0.0290212263203959
50-090,La Concepcion,Quito,1,0.9022860484298614,2906.263361992584,3221,0.0555555555555555,0.0726172465960665,0.1832946635730858,0.4805362206754318,0.0899716421758185,0.0933230213972673,0.0092807424593967,0.1704047434905903,0.8381026037638567,0.08558906934777,0.0786285125032224,0.5052848672338232,0.1861304459912348,0.0549110595514307,0.0126321216808455,0.0136633152874452,0.0077339520494972,0.888373292085589,0.0750193348801237,0.002577984016499,0.980453479280688,0.9929632525410476,0.9992181391712276,0.0555121188428459,0.5206547155105222,0.8752922837100545,0.8277474668745128,0.6196414653156664,0.0054559625876851,51.37927275437576,0.0802300491066587,-0.0161064095804512
50-071,Ponceano,Quito,1,0.7431848799055887,2878.355039874345,3873,0.0434690863051276,0.0522565320665083,0.1748576249736342,0.471630457709344,0.0871124235393377,0.0877452014342965,0.0082261126344653,0.1666315123391689,0.9251212824298672,0.0141320396540814,0.0299514870280531,0.6485973423328412,0.366800253111158,0.0558953807213668,0.0065387049145749,0.016030373338958,0.0052731491246572,0.9173170217253744,0.054629824931449,0.0002109259649862,0.97573083287369,0.9939327082184224,1.0,0.0137892995035852,0.7180616740088106,0.9476872246696036,0.8931718061674009,0.816079295154185,0.0038546255506607,61.7910223529387,0.1032681210956663,-0.0253476862708569
56-999,Conocoto,Conocoto,2,0.6560741982143916,2877.5414333683216,4386,0.2577602469559252,0.1113564668769716,0.2603327045103756,0.4807065683416223,0.1306808437660778,0.1296518607442977,0.065854913393929,0.1944777911164465,0.7674498370776882,0.083004630423598,0.0763162407820271,0.2876007545875493,0.1269079060195506,0.2164294289144229,0.0476762133424798,0.0229806208197564,0.0096038415366146,0.9067055393586004,0.0130337849425484,0.0,0.856547619047619,0.7416666666666667,0.9773809523809524,0.2720238095238095,0.694428489373923,0.7099368179207353,0.5761056863871339,0.3871338311315336,0.0499712808730614,19.691765410685928,0.2892918174438957,-0.0743927175551443
50-039,Carcelen,Quito,1,0.6797486997336066,2870.5787589750207,4223,0.0543228768171384,0.0601821730644111,0.2343511450381679,0.4927480916030534,0.1208015267175572,0.1135496183206106,0.0097328244274809,0.224618320610687,0.9169847328244276,0.0194656488549618,0.0312977099236641,0.5562977099236641,0.2799618320610687,0.0666030534351145,0.008206106870229,0.0169847328244274,0.0059160305343511,0.9188931297709924,0.0498091603053435,0.0001908396946564,0.9789293849658316,0.9829157175398632,0.9988610478359908,0.0370159453302961,0.7203630175836642,0.9364719228587636,0.8774815655133296,0.716392512762337,0.0068065796937039,50.028041358935525,0.1625648299646187,-0.0490452789307766
50-118,San Isidro Del Inca,Quito,3,0.6525392962564884,2815.7070633467474,4315,0.0970732594073804,0.1093800714053878,0.2479549172877658,0.4899109252863116,0.1296127976731503,0.1183421196146155,0.0234502817669514,0.2245046355208144,0.8254862752226868,0.0489001999636429,0.0361752408652972,0.3430285402654063,0.145791674241047,0.1419741865115433,0.015815306307944,0.0327213233957462,0.0070896200690783,0.914560988911107,0.0270859843664788,0.0027267769496455,0.9852861035422344,0.9967302452316076,0.9994550408719346,0.0670299727520436,0.5195227765726681,0.8280911062906724,0.6691973969631236,0.4181127982646421,0.0281995661605206,77.86138742729692,0.0660730254893867,-0.0223879008089508
50-133,Kennedy,Quito,0,0.8327154923399763,2799.5894852470005,3362,0.1700934579439252,0.10530749789385,0.2563084112149533,0.4885514018691588,0.1271028037383177,0.1292056074766355,0.041822429906542,0.2144859813084112,0.8100467289719626,0.0698598130841121,0.0380841121495327,0.3455607476635514,0.1425233644859813,0.1558411214953271,0.0574766355140186,0.0158878504672897,0.0065420560747663,0.8913551401869159,0.0282710280373831,0.0004672897196261,0.9548387096774194,0.9978494623655914,1.0,0.1161290322580645,0.5003573981415297,0.8112937812723374,0.6654753395282345,0.3952823445318084,0.0779127948534667,70.45735544198985,0.060413159875501,-0.0258205970242227
50-097,La Concepcion,Quito,1,0.9022860484298614,2787.161603599842,3089,0.0562877539813289,0.1085,0.1993410214168039,0.4678747940691927,0.1032399780340472,0.0961010433827567,0.0087863811092806,0.1905546403075233,0.8907193849533224,0.0271828665568369,0.0458539264140582,0.5406370126304229,0.2259747391543108,0.0604063701263042,0.0060406370126304,0.0194947830862163,0.0071389346512904,0.9047226798462384,0.0617792421746293,0.000823723228995,0.9724837074583637,0.995655322230268,0.997103548153512,0.0622737146994931,0.6024442846872753,0.8986340762041697,0.811646297627606,0.5729690869877786,0.0028756290438533,59.9896664777805,0.0719842171243689,-0.0054400755161531
50-068,Ponceano,Quito,1,0.7431848799055887,2774.3091566875623,3733,0.0485611510791366,0.086038961038961,0.2095323741007194,0.4595323741007194,0.1047661870503597,0.1047661870503597,0.0105665467625899,0.1989658273381295,0.885341726618705,0.0411420863309352,0.0537320143884892,0.487410071942446,0.204136690647482,0.0890287769784172,0.0051708633093525,0.0197841726618705,0.0130395683453237,0.9174910071942446,0.0409172661870503,0.0035971223021582,0.9825129533678756,0.9974093264248703,0.9987046632124352,0.0654145077720207,0.620889748549323,0.8955512572533849,0.7762733720180529,0.5448098001289491,0.0070921985815602,61.78408999623303,0.0619660901115587,-0.0189716472464049
50-048,Ponceano,Quito,0,0.7431848799055887,2771.33641716794,3729,0.1252890477191507,0.1271465107782243,0.2659176029962546,0.4977111943404078,0.1319184352892218,0.1339991677070328,0.033083645443196,0.2317935913441531,0.8254265501456512,0.0622138992925509,0.0522263836870578,0.2965043695380774,0.1233874323761964,0.1793591344153142,0.0297544735746982,0.0411985018726591,0.0131086142322097,0.8722430295464003,0.0436953807740324,0.0,0.9508301404853128,0.9891443167305236,1.0,0.1487867177522349,0.4218848829854522,0.7615433270082227,0.5857052498418722,0.290955091714105,0.0411132194813409,58.08546624629141,0.0684876139101183,-0.0151251787779647
57-010,Cumbayá,Cumbayá,1,0.8649595870863216,2770.465557437488,3203,0.0503905265810027,0.051500223914017,0.1887125220458553,0.4819853867472915,0.0970017636684303,0.091710758377425,0.0083144368858654,0.1803980851599899,0.9339884101788865,0.0153691106072058,0.018896447467876,0.6412194507432603,0.3469387755102041,0.055429579239103,0.0027714789619551,0.0042831947593852,0.0027714789619551,0.8851095993953136,0.1043083900226757,0.000755857898715,0.9820592823712948,0.969578783151326,0.999219968798752,0.0429017160686427,0.8105022831050228,0.974124809741248,0.9406392694063926,0.8904109589041096,0.0053272450532724,30.12256465289409,0.2535756324119434,-0.0716111845543646
50-026,Carcelen,Quito,0,0.6797486997336066,2760.4594696181766,4061,0.124380847550908,0.1512915129151291,0.2483947899467987,0.4889011190607228,0.1241973949733993,0.1241973949733993,0.032654558796551,0.2157402311502476,0.7882957255549441,0.0614566134654191,0.048064575307283,0.2793982755457714,0.1003485598972665,0.1823518620436617,0.0680609062557329,0.0601724454228581,0.0077050082553659,0.8446156668501192,0.0192625206384149,0.0001834525775087,0.9568345323741008,0.9844124700239808,0.9976019184652278,0.1169064748201438,0.4216795711733174,0.7736748064324003,0.5699821322215605,0.3305539011316259,0.0327575938058368,44.90341770102125,0.0995560938512341,-0.0258543696884705
50-155,Iñaquito,Quito,1,0.9090664173086987,2757.1984436972834,3033,0.0756663800515907,0.0430954587581093,0.1863194046937607,0.4484831139095592,0.0835718374356039,0.1027475672581568,0.0171722953634802,0.1680022896393818,0.918145392100744,0.0240412135088723,0.0472238122495706,0.6554092730394963,0.3268460217515741,0.0538065254722381,0.00429307384087,0.0163136805953062,0.0103033772180881,0.8202633085289067,0.1353749284487693,0.0134516313680595,0.94543063773833,0.995397764628534,0.9986850756081526,0.0328731097961867,0.5313510019392372,0.9127343244990304,0.8338720103425986,0.5468648998060762,0.0064641241111829,102.75175643845915,0.0583098000328303,0.0118115903067552
50-069,Ponceano,Quito,3,0.7431848799055887,2728.231694133416,3671,0.1239205526770293,0.0905172413793103,0.2257925382790597,0.4722881173172309,0.1102005607073538,0.1155919775717058,0.0299762777657968,0.1958162605132629,0.8257494069441449,0.0457192150097045,0.047013155057149,0.3972395945654518,0.1526849255984472,0.1229243045072245,0.016821220616778,0.038818201423334,0.0088419236575372,0.897778736251887,0.0375242613758895,0.000215656674574,0.9564935064935064,0.9961038961038962,0.9987012987012988,0.0902597402597402,0.5293737895416397,0.8102001291155584,0.6714009038089089,0.3705616526791478,0.0296965784377017,58.776075662660205,0.0591141049509751,-0.017259965858716
50-129,Kennedy,Quito,1,0.8327154923399763,2719.648797982363,3266,0.0370754472387866,0.0757505773672055,0.2086776859504132,0.465650826446281,0.1066632231404958,0.1020144628099173,0.0064566115702479,0.2019628099173553,0.8928202479338843,0.0423553719008264,0.0475206611570247,0.5165289256198347,0.2463842975206611,0.0754132231404958,0.0139462809917355,0.0165289256198347,0.0080061983471074,0.9057334710743802,0.0524276859504132,0.0033574380165289,0.9851190476190476,0.9933035714285714,0.9992559523809524,0.0796130952380952,0.5821005917159763,0.9001479289940828,0.8232248520710059,0.5229289940828402,0.0103550295857988,85.4085623777507,0.0728970718119996,-0.0200682718532706
70-918,Nayón,Nayón,1,0.7411572755534023,2711.8944712498987,3659,0.0664189503019043,0.0274941084053417,0.1751045053413841,0.4647004180213655,0.0889456572224802,0.0861588481189038,0.0174175568973525,0.1576869484440315,0.9382257315373896,0.0137018114259173,0.0332094751509521,0.6820715281003251,0.3762192289828147,0.0580585229911751,0.0027868091035764,0.0051091500232234,0.0041802136553646,0.7819321876451463,0.2048304691128657,0.0011611704598235,0.9642160052049448,0.9863370201691608,0.9993493819128172,0.0305790500975927,0.7206740116655865,0.9799092676604018,0.9293583927414129,0.9105638366817888,0.0071289695398574,40.19926035404205,0.1918520121191479,-0.0386180030032785
50-095,La Concepcion,Quito,1,0.9022860484298614,2676.180419642969,2966,0.0405367626502655,0.1177385892116182,0.2105116019010343,0.4540117416829745,0.1073525300531171,0.1031590718479172,0.0041934582051998,0.2063181436958345,0.8864970645792564,0.0307520268381325,0.0441710930947721,0.5166340508806262,0.2261671792004473,0.0631814369583449,0.0061504053676265,0.0282359519150125,0.0072686608890131,0.9085826111266424,0.0494828068213586,0.0002795638803466,0.9830377794911334,0.9984579799537394,1.0,0.0447185813415574,0.5925076452599388,0.9159021406727827,0.8348623853211009,0.4732415902140672,0.0015290519877675,72.55830937666857,0.0995189942146184,-0.0019390530831596
50-130,Kennedy,Quito,1,0.8327154923399763,2663.8568599955843,3199,0.0170236133992311,0.0811083123425692,0.1812191103789127,0.4464579901153213,0.0884129599121361,0.0928061504667765,0.0030203185063152,0.1781987918725974,0.8964854475562878,0.043382756727073,0.0593080724876441,0.599121361889072,0.2515101592531576,0.0598572213069741,0.0035694673256452,0.0142778693025809,0.0057660626029654,0.8758923668314114,0.100219659527732,0.000274574409665,0.9870875179340028,0.9971305595408896,0.9985652797704448,0.0114777618364418,0.6538187009279086,0.9107780157030692,0.8336902212705211,0.5653104925053534,0.0021413276231263,89.03299536432166,0.0639986160594587,-0.0151665485005694
57-004,Cumbayá,Cumbayá,1,0.8649595870863216,2662.345609051698,3078,0.1033738191632928,0.0476626947754353,0.2191632928475033,0.4709851551956815,0.1063427800269905,0.1128205128205128,0.029689608636977,0.1894736842105263,0.8917678812415655,0.0304993252361673,0.0342780026990553,0.6026990553306343,0.340080971659919,0.0966261808367071,0.0197031039136302,0.0107962213225371,0.0059379217273954,0.7792172739541161,0.1805668016194332,0.0037786774628879,0.970310391363023,0.941970310391363,0.9993252361673416,0.0681511470985155,0.6096579476861167,0.9161636485580148,0.8370221327967807,0.7712944332662642,0.0114017437961099,47.66873495621573,0.1832864474153527,-0.0422561986905131
50-166,Belisario Quevedo,Quito,3,0.739962622914521,2654.985891017301,3588,0.0574184657785944,0.0818690095846645,0.2351860358291226,0.4653192466697289,0.1173633440514469,0.1178226917776757,0.0128617363344051,0.2223242994947175,0.8594395957740009,0.0514469453376205,0.0358291226458429,0.4800183739090491,0.2193385392742305,0.0966926963711529,0.0068902158934313,0.0211299954065227,0.0071198897565457,0.9336242535599448,0.0310059715204409,0.0002296738631143,0.9813027744270204,0.993968636911942,0.9975874547647768,0.0796139927623642,0.5128665469778576,0.8659485338120886,0.7594254937163375,0.4236983842010772,0.0113704368641532,73.64220053606694,0.0799462577957413,-0.0001821634178221
57-009,Cumbayá,Cumbayá,1,0.8649595870863216,2640.72161937454,3053,0.1506601087237898,0.0645454545454545,0.2099404607817758,0.4871861247734921,0.1027698679782552,0.1071705928035205,0.0323582707740098,0.1775821900077659,0.8552938130986281,0.0471136422469583,0.0398653895935801,0.4695832254724307,0.2342738804038312,0.1188195702821641,0.0168263008024851,0.0119078436448356,0.0031063939943049,0.9034429200103546,0.0621278798860988,0.0025886616619207,0.946268656716418,0.953731343283582,0.9970149253731344,0.1067164179104477,0.7288135593220338,0.8725128960943257,0.7988209285187915,0.6779661016949152,0.0169491525423728,54.74734413173765,0.2254348959844508,-0.0627372719395868
50-158,Rumipamba,Quito,1,1.0,2639.0,2639,0.0757676902536715,0.0893796004206098,0.1744921744921745,0.4815184815184815,0.0795870795870795,0.0949050949050949,0.0183150183150183,0.1558441558441558,0.9170829170829172,0.0246420246420246,0.0372960372960372,0.6876456876456877,0.341991341991342,0.0542790542790542,0.0066600066600066,0.0156510156510156,0.0053280053280053,0.8764568764568764,0.0925740925740925,0.0033300033300033,0.9694940476190476,0.9910714285714286,0.9992559523809524,0.0163690476190476,0.6084381939304219,0.9185788304959288,0.8697261287934863,0.6306439674315322,0.0111028867505551,95.21044415212506,0.0729809109236486,-0.0015839813437515
50-142,Jipijapa,Quito,1,0.8314817526467053,2638.291601147996,3173,0.0461874829188302,0.0704091341579448,0.1948619841486745,0.4531292702924296,0.0992074337250615,0.095654550423613,0.0122984421973216,0.1825635419513528,0.8988794752664663,0.0363487291609729,0.0431811970483738,0.6228477726154688,0.2907898332877836,0.0535665482372232,0.0128450396283137,0.0062858704564088,0.0092921563268652,0.8756490844493031,0.095927849139109,0.0,0.9809456598447424,0.9936485532815807,0.9985885673959068,0.0345800988002822,0.6127898805340829,0.910049191848208,0.8657765284609978,0.6219255094869993,0.0112438510189739,96.13095181720402,0.0669868994072022,-0.0066488509164039
50-117,San Isidro Del Inca,Quito,3,0.6525392962564884,2631.0384425061616,4032,0.063812921125644,0.08515731874145,0.2306473965551376,0.4787170857255989,0.1179964363492377,0.1126509602058998,0.0168283508216194,0.2134230845377153,0.8608196396753118,0.0393981389823797,0.0538507226291823,0.4201148287467828,0.204513957632152,0.1282914274401108,0.0199960403880419,0.0427638091467036,0.0128687388635913,0.8794298158780439,0.0441496733320134,0.0007919223916056,0.974616292798111,0.9970484061393152,0.9976387249114522,0.0572609208972845,0.4857142857142857,0.8600583090379009,0.7475218658892129,0.4793002915451895,0.0198250728862973,70.73771255955553,0.0833556637485206,-0.0236456184095721
50-096,La Concepcion,Quito,1,0.9022860484298614,2629.261545124616,2914,0.0536455245998814,0.0607822410147991,0.1907582938388625,0.4588270142180095,0.0941943127962085,0.096563981042654,0.0121445497630331,0.1786137440758294,0.9191350710900474,0.0231042654028436,0.0379146919431279,0.5864928909952607,0.2600710900473933,0.0595379146919431,0.0044431279620853,0.010367298578199,0.0097748815165876,0.9001777251184834,0.0752369668246445,0.0,0.979381443298969,0.992862807295797,0.999206978588422,0.0237906423473433,0.5785319652722968,0.9179163378058406,0.8397790055248618,0.5864246250986582,0.0039463299131807,64.42822158942788,0.0749514666681458,-0.0049725437032004
50-067,Ponceano,Quito,3,0.7431848799055887,2609.3221133485217,3511,0.0897048570764582,0.0942299709422997,0.2183375781430886,0.471405417920815,0.1092845566103264,0.1090530215327622,0.0192174114378328,0.1991201667052558,0.8617735586941422,0.0423709191942579,0.0412132438064366,0.4730261634637647,0.2007409122482056,0.1065061356795554,0.0141236397314193,0.0180597360500115,0.0097244732576985,0.9110905302153276,0.0453808752025931,0.0016207455429497,0.960553633217993,0.993771626297578,0.9993079584775086,0.0968858131487889,0.5485203028217481,0.8582243633860978,0.7660013764624914,0.5381968341362698,0.0268410185822436,66.39596504366337,0.0601711638280187,-0.0233321838748463
50-038,Carcelen,Quito,3,0.6797486997336066,2604.7970173791805,3832,0.0548095971824785,0.0935647756138865,0.2016288795949813,0.4688531807175874,0.1016949152542373,0.099933964340744,0.0125467752586396,0.1890821043363416,0.837112040501871,0.0556900726392251,0.0457847237508254,0.4334140435835351,0.1754347347567686,0.0911292097732775,0.0259740259740259,0.0325775918996258,0.0066035659255998,0.8912612810917896,0.0418225841954655,0.0017609509134932,0.9796567069294342,0.9949141767323586,0.9987285441830897,0.0794659885568976,0.6158227848101265,0.8556962025316456,0.7341772151898734,0.4658227848101265,0.0082278481012658,76.82611865234375,0.0588168617491174,-0.019805531547341
50-107,La Concepcion,Quito,1,0.9022860484298614,2599.4861055264305,2881,0.0309720944495553,0.0619612068965517,0.1897810218978102,0.4528588807785888,0.0936739659367396,0.0961070559610705,0.0060827250608272,0.1836982968369829,0.909367396593674,0.0368004866180048,0.0571776155717761,0.6435523114355232,0.3245133819951338,0.0559610705596107,0.0072992700729927,0.0060827250608272,0.0094282238442822,0.8610097323600974,0.1107055961070559,0.0054744525547445,0.9811616954474096,0.9945054945054944,1.0,0.0282574568288854,0.7247278382581649,0.9300155520995336,0.8724727838258165,0.7208398133748056,0.0015552099533437,59.77113612768507,0.081915900409853,-0.0097128784748914
50-024,Carcelen,Quito,1,0.6797486997336066,2581.0058128885044,3797,0.0417204301075268,0.0603197674418604,0.203010752688172,0.4789247311827957,0.1053763440860215,0.0976344086021505,0.0096774193548387,0.1933333333333333,0.9309677419354838,0.0165591397849462,0.0258064516129032,0.6234408602150537,0.3359139784946237,0.0675268817204301,0.0083870967741935,0.0144086021505376,0.004516129032258,0.904516129032258,0.0658064516129032,0.0023655913978494,0.9798570500324886,0.9915529564652372,0.9974009096816114,0.0389863547758284,0.7317388493859082,0.951519069166128,0.9224305106658048,0.8157724628312863,0.0019392372333548,40.17476276112293,0.1634365959096629,-0.0315333011594846
57-003,Cumbayá,Cumbayá,1,0.8649595870863216,2570.659892820548,2972,0.0547121168719564,0.0703592814371257,0.2277255906632508,0.475377170509536,0.1189866211215485,0.1087389695417022,0.0142328494164531,0.2134927412467976,0.8864218616567037,0.0313122687161969,0.0372900654711073,0.5624822089382294,0.2487902077996014,0.107600341588386,0.0150868203814403,0.0059777967549103,0.0051238257899231,0.901508682038144,0.0723028750355821,0.0,0.9714703730797366,0.9948792977322604,1.0,0.0307242136064374,0.5514223194748359,0.9095550692924872,0.8657913931436907,0.6061269146608315,0.0102115244347191,65.4992679856579,0.1446893235724956,-0.0331577208573495
50-122,San Isidro Del Inca,Quito,0,0.6525392962564884,2570.352287954308,3939,0.2058540342769112,0.1363952679192762,0.2599653379549393,0.4906605045253225,0.1290198343924513,0.1309455035624879,0.0527633352590025,0.2072020026959368,0.8037743115732717,0.0581552089351049,0.0375505488157134,0.2824956672443674,0.1053341036010013,0.1910263816676295,0.0984016945888696,0.0119391488542268,0.006739842095128,0.8665511265164645,0.0163681879453109,0.0,0.94124847001224,0.930844553243574,0.9987760097919216,0.1364749082007344,0.5917375455650061,0.7800729040097205,0.6239368165249088,0.3408262454434994,0.0583232077764277,35.20388656679115,0.1599914865711107,-0.059666323989214
77-906,Pomasqui,Pomasqui,3,0.596056600668248,2566.023665876808,4305,0.0610542282897231,0.0791978246091094,0.2318597276627494,0.4931915687371759,0.119194180190263,0.1126655474724864,0.0147360567058384,0.2113411676925946,0.89349002051856,0.029845178138407,0.0578250326431635,0.476776720761052,0.2270098862152583,0.1162096623764223,0.0111919418019026,0.0248088043275508,0.0052229061742212,0.9074799477709382,0.051109867562022,0.000186532363365,0.9694704049844236,0.9806853582554516,0.9987538940809968,0.092834890965732,0.7766810610734115,0.8852560148056755,0.7859346082665022,0.6859962985811228,0.014805675508945,25.33661946559748,0.164712390489747,-0.0566068131556238
50-278,La Magdalena,Quito,3,0.6430492555885968,2533.614067019072,3940,0.0511524464213505,0.0947935368043088,0.226510406142655,0.486158819963629,0.1139624166498282,0.1125479894928268,0.0129319054354415,0.2129723176399272,0.8686603354212973,0.0422307536876136,0.0377854111941806,0.4633259244291776,0.1905435441503334,0.0951707415639523,0.0111133562335825,0.0236411396241664,0.0092948070317235,0.9218023843200648,0.0341483127904627,0.0,0.980547112462006,0.9927051671732524,0.9993920972644376,0.0577507598784194,0.4800483675937122,0.8669891172914147,0.7484885126964933,0.5096735187424426,0.0126964933494558,76.27817462584233,0.1168346021356161,-0.022856055336152
56-011,Conocoto,Conocoto,3,0.6560741982143916,2523.26136633255,3846,0.0542033135610554,0.1062271062271062,0.2192731727235606,0.4728460596161699,0.1090240914659044,0.1102490812576561,0.0120457329522253,0.2072274397713352,0.8915884034299714,0.0316455696202531,0.0479787668436096,0.5061249489587587,0.254797876684361,0.0673744385463454,0.0114332380563495,0.0118415679869334,0.0063291139240506,0.9477337688852592,0.0226623111474071,0.0,0.9785435630689208,0.9954486345903772,0.9986996098829648,0.053966189856957,0.6666666666666666,0.8975356679636836,0.8138780804150454,0.6738002594033723,0.0136186770428015,37.98245508755957,0.1840855155856798,-0.0609910268535013
50-047,Ponceano,Quito,3,0.7431848799055887,2522.369482399568,3394,0.0525672371638141,0.0957580848383032,0.2306380905991232,0.4478811495372625,0.1059425231368728,0.1246955674622503,0.0114466634193862,0.2187043351193375,0.8779834388699465,0.0396980029225523,0.0501704822211397,0.4736970287384315,0.2067705796395518,0.1000974184120798,0.0370189965903555,0.0216755966877739,0.0143692157817827,0.847540185094983,0.0779347296639064,0.0014612761811982,0.9756944444444444,0.9923611111111112,1.0,0.0791666666666666,0.5244996549344375,0.8785369220151829,0.7550034506556246,0.4541062801932367,0.0089717046238785,54.29772107877056,0.0649236088353099,-0.0204248219287271
57-007,Cumbayá,Cumbayá,1,0.8649595870863216,2520.4922367695413,2914,0.0753523152142651,0.04644412191582,0.2022792022792023,0.4749287749287749,0.1042735042735042,0.098005698005698,0.0148148148148148,0.1868945868945869,0.9094017094017094,0.029059829059829,0.0299145299145299,0.6262108262108262,0.3264957264957265,0.0492877492877492,0.0099715099715099,0.0054131054131054,0.0039886039886039,0.8390313390313391,0.1415954415954416,0.0,0.9798994974874372,0.9824120603015076,0.9991624790619764,0.0477386934673366,0.7933609958506224,0.9692946058091286,0.9311203319502076,0.8954356846473029,0.0082987551867219,58.73136237002581,0.218156186226449,-0.048106813456372
50-311,San Bartolo,Quito,3,0.5424180635817769,2494.03825634901,4598,0.0711195708600103,0.1116955445544554,0.2438602559667935,0.4683500518851608,0.1205465236942234,0.12331373227257,0.0160843998616395,0.2276029055690072,0.8417502594258042,0.0524040124524386,0.0529228640608785,0.3716707021791767,0.1696644759598754,0.1214112763749567,0.0074368730543064,0.0231753718436527,0.0074368730543064,0.9408509166378416,0.0202352127291594,0.0008647526807333,0.9713527851458886,0.996816976127321,0.99946949602122,0.0684350132625994,0.464529689963216,0.8197582764056752,0.7052023121387283,0.4109301103520756,0.0215449290593799,75.25450690317962,0.0611843047465097,-0.0023244774900628
50-139,Jipijapa,Quito,1,0.8314817526467053,2491.119330929529,2996,0.0646599777034559,0.0502237692690203,0.1942586399108138,0.4673913043478261,0.0944816053511705,0.0997770345596432,0.0161649944258639,0.1780936454849498,0.910813823857302,0.0234113712374581,0.0381828316610925,0.5986622073578596,0.3079710144927536,0.0744147157190635,0.0147714604236343,0.0150501672240802,0.0027870680044593,0.8840579710144928,0.0783166109253065,0.0050167224080267,0.9836309523809524,0.996279761904762,0.9985119047619048,0.0342261904761904,0.6748329621380846,0.9346696362286564,0.874536005939124,0.7357089829250185,0.0103934669636228,61.76918250414447,0.0985519003297465,-0.0288444815563435
56-013,Conocoto,Conocoto,3,0.6560741982143916,2487.1772854307587,3791,0.0996832101372756,0.087758945386064,0.22259767687434,0.4819429778247096,0.1051742344244984,0.1174234424498416,0.02259767687434,0.2,0.8462513199577614,0.0496304118268215,0.0511087645195353,0.4272439281942978,0.2027455121436114,0.1102428722280887,0.0065469904963041,0.0149947201689545,0.0044350580781415,0.9512143611404436,0.0228088701161562,0.0,0.9685658153241652,0.9895219384413884,1.0,0.1047806155861165,0.628072445019405,0.8402328589909444,0.7445019404915912,0.5316946959896507,0.0271668822768434,44.66025642949111,0.1868689940815263,-0.0583649642181476
51-999,Alangasí,Alangasí,2,0.4874491999343671,2481.1164276659288,5090,0.24194519722975,0.1401106903582872,0.254149377593361,0.4795494961470065,0.1271487848251333,0.1270005927682276,0.0552756372258446,0.1950207468879668,0.7350326022525193,0.1078838174273859,0.0613515115589804,0.2480735032602252,0.0895080023710729,0.215619442797866,0.0253408417308832,0.0183758150563129,0.0060758743331357,0.9340545346769412,0.0160047421458209,0.0001481920569057,0.8835978835978836,0.6624338624338625,0.9952380952380953,0.2465608465608465,0.6698880976602238,0.7151576805696847,0.5300101729399797,0.3570701932858596,0.0442522889114954,12.439466399191293,0.2794557188132163,-0.0596048464830066
50-197,Itchimbia,Quito,3,0.6569341948950823,2468.7587044157194,3758,0.063949560909705,0.0667199360767079,0.2557303370786516,0.4728089887640449,0.129438202247191,0.1262921348314606,0.0134831460674157,0.2406741573033708,0.8685393258426967,0.0451685393258426,0.0408988764044943,0.5442696629213483,0.250561797752809,0.0889887640449438,0.0258426966292134,0.0121348314606741,0.0056179775280898,0.930561797752809,0.0253932584269662,0.0004494382022471,0.9705882352941176,0.9970588235294118,0.9982352941176472,0.0541176470588235,0.5259475218658892,0.885131195335277,0.797667638483965,0.4285714285714285,0.0110787172011661,76.98475841077394,0.1575991716796348,-0.0472740653135741
50-063,Cotocollao,Quito,3,0.5946471733996156,2449.3517072330164,4119,0.0683229813664596,0.0995670995670995,0.2399068322981366,0.4718555900621118,0.1199534161490683,0.1199534161490683,0.014945652173913,0.2249611801242236,0.8697593167701864,0.046001552795031,0.0314440993788819,0.4312888198757764,0.2008928571428571,0.1275232919254658,0.0122282608695652,0.0172748447204968,0.0054347826086956,0.9136257763975156,0.0514363354037267,0.0,0.9835873388042204,0.9953106682297772,1.0,0.0697538100820633,0.5590459569517161,0.8609656777196044,0.7550901687027342,0.4991273996509598,0.0203606748109365,53.302524860088646,0.1113574713257533,-0.0151414618972607
50-157,Rumipamba,Quito,1,1.0,2442.0,2442,0.0623441396508728,0.0813253012048192,0.1802987197724039,0.4729729729729729,0.0903271692745377,0.0899715504978662,0.0110241820768136,0.1682076813655761,0.902560455192034,0.0334281650071123,0.0487197724039829,0.6337126600284495,0.3072546230440967,0.0600995732574679,0.0131578947368421,0.0138691322901849,0.0046230440967283,0.897226173541963,0.0689900426742532,0.0021337126600284,0.9746835443037974,0.9957805907172996,1.0,0.0244725738396624,0.5900673400673401,0.904040404040404,0.8484848484848485,0.5925925925925926,0.0101010101010101,99.97728934393992,0.0786373695186921,-0.0001960654942374
50-141,Jipijapa,Quito,3,0.8314817526467053,2434.578571749553,2928,0.1389653274628508,0.0800947867298578,0.2278724573941726,0.4851566794942276,0.1115997800989554,0.1162726772952171,0.0346344145134689,0.1932380428807036,0.8636613523914238,0.051126992853216,0.0351841671247938,0.4194612424409016,0.173996701484332,0.1280923584387026,0.0382078064870808,0.0305112699285321,0.0137438152831225,0.8666849917537108,0.0505772402418911,0.0002748763056624,0.950229709035222,0.9961715160796324,0.9977029096477796,0.0964777947932618,0.4939024390243902,0.836890243902439,0.6753048780487805,0.392530487804878,0.0403963414634146,82.10762457346638,0.0592468126488735,-0.0232261886832922
56-015,Conocoto,Conocoto,0,0.6560741982143916,2432.723126978964,3708,0.1392186488236563,0.0971180418476115,0.2698810269254852,0.4844500104362346,0.1381757461907743,0.1317052807347109,0.0407013149655604,0.2218743477353371,0.8033813400125235,0.0780630348570235,0.063452306407848,0.3222709246503861,0.1410978918806094,0.1740763932373199,0.0338134001252348,0.0202462951367146,0.0083489876852431,0.9217282404508452,0.015863076601962,0.0,0.9437321937321936,0.9323361823361824,0.9928774928774928,0.1602564102564102,0.5861344537815126,0.7689075630252101,0.6673669467787114,0.3970588235294117,0.0350140056022409,33.99082298787037,0.2259498257308653,-0.0764741320186867
57-002,Cumbayá,Cumbayá,1,0.8649595870863216,2431.40139929965,2811,0.0377300613496932,0.0465116279069767,0.2104294478527607,0.4638036809815951,0.0953987730061349,0.1150306748466257,0.0085889570552147,0.201840490797546,0.9306748466257668,0.0202453987730061,0.0288343558282208,0.6720858895705522,0.3371165644171779,0.0742331288343558,0.008282208588957,0.0104294478527607,0.006441717791411,0.7506134969325153,0.2187116564417177,0.005521472392638,0.9829059829059827,0.9803418803418804,0.9982905982905984,0.0675213675213675,0.7033613445378152,0.9672268907563024,0.9327731092436976,0.8369747899159664,0.0050420168067226,40.7779502373094,0.2052472169995139,-0.0496178439237389
50-044,Ponceano,Quito,1,0.7431848799055887,2419.809968972597,3256,0.0424819773429454,0.0565326633165829,0.1953846153846153,0.4702564102564102,0.0951282051282051,0.1002564102564102,0.0076923076923076,0.1876923076923076,0.9094871794871796,0.0251282051282051,0.0358974358974358,0.6023076923076923,0.3235897435897436,0.0569230769230769,0.0094871794871794,0.0169230769230769,0.0048717948717948,0.9135897435897437,0.0546153846153846,0.0005128205128205,0.9793388429752066,0.9931129476584022,0.9993112947658402,0.0158402203856749,0.6575154426904598,0.943719972546328,0.8963623884694578,0.7659574468085106,0.005490734385724,56.76158041414711,0.0859738070845895,-0.0239515230003604
56-016,Conocoto,Conocoto,3,0.6560741982143916,2415.66519782539,3682,0.1367954401519949,0.1020569620253164,0.2391809161916825,0.4804728731264513,0.1161072408697487,0.1230736753219337,0.0344099641123073,0.2047709520793751,0.8110618534937725,0.0664977834072197,0.0576314122862571,0.3362887903736542,0.1429174583069453,0.1623390331433396,0.0162550137217648,0.0139328689043698,0.0075997466751108,0.9430018999366688,0.0179438463162339,0.0012666244458518,0.9526424159231296,0.9588194921070692,0.9965682910089224,0.1551132463967055,0.6489434219495569,0.7695978186775733,0.6462167689161554,0.3987730061349693,0.0299931833674164,33.871320456407915,0.2081008702547336,-0.0697723191036381
57-006,Cumbayá,Cumbayá,1,0.8649595870863216,2395.9380562291108,2770,0.056152927120669,0.055064935064935,0.2216248506571087,0.4799880525686977,0.1203703703703703,0.1012544802867383,0.0146356033452807,0.2069892473118279,0.8960573476702509,0.040621266427718,0.037037037037037,0.5755675029868578,0.2828554360812425,0.1006571087216248,0.0224014336917562,0.0140382317801672,0.0101553166069295,0.8133213859020311,0.1379928315412186,0.0020908004778972,0.9798149705634988,0.9882253994953742,0.9991589571068124,0.0656013456686291,0.5961376994122586,0.8975650713685979,0.8312342569269522,0.6842989084802686,0.0134340890008396,57.09370654501989,0.179969582252785,-0.0397256791347479
50-049,Cotocollao,Quito,1,0.5946471733996156,2393.454872933453,4025,0.0702848825119567,0.0752384316495937,0.2046387520525451,0.4655172413793103,0.0962643678160919,0.1083743842364532,0.0180623973727422,0.1828817733990148,0.8947044334975369,0.0248357963875205,0.0289408866995073,0.5504926108374384,0.2551313628899835,0.0730706075533661,0.0145730706075533,0.0256568144499178,0.0082101806239737,0.875,0.0761494252873563,0.0004105090311986,0.9677611940298508,0.9940298507462688,0.9994029850746268,0.0531343283582089,0.5860849056603774,0.8991745283018868,0.8378537735849056,0.6639150943396226,0.0147405660377358,52.970730492338255,0.0984848420733488,-0.0151447508986798
50-121,San Isidro Del Inca,Quito,3,0.6525392962564884,2390.903981483774,3664,0.117157490396927,0.1141776937618147,0.2583191126279863,0.4754692832764505,0.1281996587030716,0.1301194539249146,0.0332764505119453,0.2250426621160409,0.8568686006825939,0.0428754266211604,0.0426621160409556,0.3837457337883959,0.1734215017064846,0.1392918088737201,0.0360494880546075,0.036476109215017,0.0106655290102389,0.8690273037542662,0.0465017064846416,0.0012798634812286,0.9670477471418965,0.9798251513113652,0.9979825151311366,0.0968392737054472,0.5557046979865772,0.8402684563758389,0.7127516778523489,0.4885906040268456,0.0389261744966442,47.16111361035608,0.1274531358783561,-0.0424379528836373
50-127,Kennedy,Quito,3,0.8327154923399763,2385.729885554032,2865,0.0834797891036906,0.0694223635400105,0.232293791897406,0.4634217429320897,0.1215389099387933,0.1107548819586126,0.0180705333721946,0.2142232585252113,0.8493150684931506,0.0504226173127368,0.0609151850772369,0.4325269600699504,0.1900320606237248,0.0947245700961818,0.0163217720781113,0.017196152725153,0.0084523462547362,0.8979889245118041,0.0600408044301952,0.0,0.955665024630542,0.9975369458128078,1.0,0.1001642036124794,0.5252442996742671,0.8501628664495114,0.7369706840390879,0.4364820846905538,0.012214983713355,74.70899709065755,0.0591629583928751,-0.0123479685990854
57-008,Cumbayá,Cumbayá,1,0.8649595870863216,2358.744793984399,2727,0.1157436216552582,0.0514579759862778,0.1840796019900497,0.4723258706467662,0.0932835820895522,0.0907960199004975,0.0208333333333333,0.1632462686567164,0.9048507462686568,0.0251865671641791,0.0404228855721393,0.5674751243781094,0.2602611940298507,0.0811567164179104,0.0111940298507462,0.0074626865671641,0.0027985074626865,0.8258706467661692,0.1501865671641791,0.0024875621890547,0.9250965250965252,0.9922779922779924,0.9953667953667954,0.0332046332046332,0.6867838044308633,0.9388846447669976,0.8861726508785333,0.745607333842628,0.0091673032849503,58.051436764756446,0.1837775135927583,-0.0377690305605548
50-125,San Isidro Del Inca,Quito,1,0.6525392962564884,2356.31939878218,3611,0.0924482067275562,0.0706278026905829,0.2356872354644687,0.4900868790376476,0.1243038538650033,0.1113833815994653,0.0227222098462909,0.2129650256181777,0.9079973267988416,0.0247271107150813,0.0472265537981733,0.5823123190020049,0.3014034306081533,0.0643795945644909,0.0169302740031187,0.0084651370015593,0.0044553352639786,0.9113388282468255,0.0585876587213187,0.0002227667631989,0.9573048699132756,0.9819879919946632,0.9993328885923948,0.0527018012008005,0.6920529801324503,0.913907284768212,0.8629139072847682,0.7503311258278146,0.0185430463576158,53.34520105533186,0.1297231184866824,-0.0301066469140116
50-152,Iñaquito,Quito,1,0.9090664173086987,2349.0276223256774,2584,0.0268251273344651,0.0744565217391304,0.1558573853989813,0.4617996604414261,0.0764006791171477,0.0794567062818336,0.0044142614601018,0.1514431239388794,0.9266553480475382,0.0227504244482173,0.0546689303904923,0.6509337860780985,0.3120543293718166,0.0349745331069609,0.0037351443123938,0.0088285229202037,0.0044142614601018,0.8543293718166384,0.1239388794567062,0.0047538200339558,0.990602975724354,0.9960845732184808,0.999216914643696,0.0234925606891151,0.662015503875969,0.944186046511628,0.935658914728682,0.7589147286821706,0.0023255813953488,68.79997196252478,0.110590659957293,-0.0118783964711276
50-037,Carcelen,Quito,3,0.6797486997336066,2335.6165322846723,3436,0.0473372781065088,0.1072239890958655,0.207761476573592,0.4616658778987222,0.1003312825366777,0.1074301940369143,0.0082820634169427,0.1994794131566493,0.873639375295788,0.0425934690014197,0.0399905347846663,0.4524372929484145,0.1743965925224798,0.0733554188357785,0.0134879318504495,0.0340747752011358,0.0082820634169427,0.9017983909133932,0.0416469474680549,0.0007098911500236,0.9720670391061452,0.996508379888268,1.0,0.0635474860335195,0.556786703601108,0.899584487534626,0.8019390581717452,0.4930747922437673,0.0069252077562326,70.133242953647,0.0849251437780414,-0.0248473320878763
57-005,Cumbayá,Cumbayá,1,0.8649595870863216,2331.931046784723,2696,0.1026965002868617,0.0388548057259713,0.2217441193344808,0.4862306368330464,0.1069994262765347,0.114744693057946,0.0266781411359724,0.1950659781985083,0.8072289156626506,0.0662650602409638,0.0263912794033275,0.444635685599541,0.2455536431440046,0.1606425702811245,0.0229489386115892,0.0111876075731497,0.0065978198508318,0.8473895582329317,0.1107286288009179,0.0011474469305794,0.9445865302642796,0.988917306052856,0.9974424552429668,0.1167945439045183,0.6349072512647554,0.8583473861720068,0.7833052276559865,0.6526138279932546,0.0295109612141652,34.443825381520504,0.1995588236005469,-0.0490493521644674
56-003,Conocoto,Conocoto,3,0.6560741982143916,2325.783032670018,3545,0.107764390896921,0.0845542067810799,0.2541276215975011,0.50111557340473,0.1309683177153056,0.1231593038821954,0.0285586791610888,0.2255689424364123,0.8654618473895582,0.0484158857652833,0.0591253904506916,0.4118697010263275,0.1468094600624721,0.1173583221775992,0.0142793395805444,0.0169567157518964,0.0055778670236501,0.9433288710397144,0.0176260597947344,0.00223114680946,0.9606126914660832,0.962800875273523,0.9970824215900802,0.0773158278628738,0.6928104575163399,0.8416848220769789,0.7632534495279594,0.4698620188816267,0.0159767610748002,35.352228976231,0.2235709926096923,-0.0755308104627095
50-128,Kennedy,Quito,3,0.8327154923399763,2324.108939120874,2791,0.0651515151515151,0.0801265155508697,0.2192610539067232,0.465778316172017,0.1066020593579648,0.1126589945487583,0.0157480314960629,0.2029073288915808,0.8622047244094488,0.0451241671714112,0.0548152634766808,0.4957601453664446,0.2195639006662628,0.1035735917625681,0.020290732889158,0.0178679588128407,0.0048455481526347,0.9158086008479708,0.0399757722592368,0.0012113870381586,0.9722901385493072,0.9983700081499592,0.9983700081499592,0.0635696821515892,0.4805825242718446,0.8462783171521036,0.7451456310679612,0.4603559870550162,0.0153721682847896,75.24219459772941,0.0595492269520309,-0.0137514498219816
56-012,Conocoto,Conocoto,1,0.6560741982143916,2313.317622903945,3526,0.042502387774594,0.0652977412731006,0.2119990514583827,0.4669196110979369,0.1057623903248755,0.1062366611335072,0.0075883329381076,0.2039364477116433,0.9181882855110268,0.0241878112402181,0.0464785392459094,0.6193976760730378,0.3158643585487313,0.0509841119279108,0.0059283851078966,0.0080626037467393,0.0021342186388427,0.9274365662793456,0.0554896846099122,0.0009485416172634,0.9875183553597652,0.9801762114537445,1.0,0.0602055800293685,0.7558479532163743,0.9502923976608189,0.918859649122807,0.8421052631578947,0.006578947368421,42.81975025741207,0.2017568137587136,-0.0490689355947099
50-196,Itchimbia,Quito,3,0.6569341948950823,2300.583550522578,3502,0.0887517797816801,0.1011831905344757,0.2451352634076886,0.4779307071665876,0.1162790697674418,0.1288561936402468,0.0206454674893213,0.2244897959183673,0.8709065021357381,0.0401044138585666,0.0733270052206929,0.4686758424299952,0.2195064072140484,0.0913621262458471,0.0249169435215946,0.0284765068818224,0.0083056478405315,0.901281442809682,0.0370194589463692,0.0,0.9783491204330176,0.9776725304465492,0.9945872801082544,0.0859269282814614,0.5289757412398922,0.8578167115902965,0.7304582210242587,0.4386792452830189,0.0222371967654986,52.50809389578328,0.2420491806279665,-0.0522392866820076
50-035,Carcelen,Quito,3,0.6797486997336066,2293.4721129011887,3374,0.0429346543996225,0.1053273688491256,0.2292499412179638,0.4817775687749823,0.1133317658123677,0.115918175405596,0.01105102280743,0.2160827651069833,0.9080648953679756,0.0246884552080884,0.0364448624500352,0.5325652480601928,0.2551140371502469,0.0771220315071714,0.0157535857042087,0.0533740888784387,0.0094051257935574,0.8774982365389137,0.0432635786503644,0.0007053844345168,0.986019131714496,0.9963208241353936,0.9977924944812362,0.0213392200147167,0.6756954612005857,0.944363103953148,0.8748169838945827,0.726207906295754,0.007320644216691,48.08522334137583,0.1261987459448983,-0.0329988756288833
70-002,Nayón,Nayón,0,0.7411572755534023,2286.470195082246,3085,0.1257646195253242,0.0786465477823502,0.2718375336432591,0.486665035478346,0.1360411059456814,0.1357964276975777,0.0357230242231465,0.2361145094201125,0.7846831416687057,0.0824565696109615,0.0274039637876192,0.3222412527526302,0.1225838022999755,0.2047956936628333,0.0741375091754343,0.0070956691950085,0.0090530951798385,0.8945436750672865,0.0151700513824321,0.0,0.9688026981450252,0.978920741989882,0.9983136593591906,0.1003372681281618,0.6402997502081599,0.771856786011657,0.6577851790174855,0.4079933388842631,0.0507910074937552,19.090083631057315,0.1992292064766641,-0.0618905797958872
77-004,Pomasqui,Pomasqui,0,0.596056600668248,2282.3007239587214,3829,0.201868089973313,0.1149875400498398,0.2559908710536325,0.4786991251426398,0.1228604031951312,0.1331304678585013,0.0553442373526055,0.200456447318372,0.7936477748193229,0.0678965386078356,0.0446937999239254,0.2630277672118676,0.1114492202358311,0.208063902624572,0.0169265880562951,0.0361354127044503,0.00684670977558,0.9241156333206544,0.0159756561430201,0.0,0.932642487046632,0.8393782383419689,0.9987046632124352,0.1437823834196891,0.6034373010821134,0.7873965626989179,0.6117122851686824,0.3711012094207511,0.0292807129217059,21.98122840324269,0.1478602302249495,-0.0444467261735457
50-354,Solanda,Quito,3,0.5562233385704759,2276.0659014303874,4092,0.0742975674146709,0.106002106002106,0.2443438914027149,0.5026395173453997,0.1276395173453997,0.1167043740573152,0.0180995475113122,0.2262443438914027,0.8342760180995475,0.0516591251885369,0.0475113122171945,0.3152337858220211,0.1118024132730015,0.128393665158371,0.0269607843137254,0.0241327300150829,0.0075414781297134,0.9206259426847662,0.0207390648567119,0.0,0.992797118847539,0.996998799519808,1.0,0.070828331332533,0.4769230769230769,0.8266272189349112,0.6579881656804734,0.293491124260355,0.0242603550295858,85.53518891030171,0.0702962346350174,-0.0178705460194458
50-353,Solanda,Quito,0,0.5562233385704759,2274.397231414676,4089,0.1588546416195513,0.1404494382022472,0.2524608093328472,0.483230040102078,0.1228581844695588,0.1296026248632883,0.0379146919431279,0.2145461173897193,0.7692307692307693,0.0896828290193219,0.0486693401385344,0.2588406853809697,0.0900473933649289,0.1731680641633248,0.0534086766314254,0.0247903755012759,0.0065621582209259,0.8935472110827561,0.0216915785636164,0.0,0.9622093023255814,0.9953488372093025,0.9982558139534884,0.1296511627906977,0.4330254041570439,0.7153579676674365,0.5375288683602771,0.2944572748267898,0.0675519630484988,64.78923331859501,0.073590162193474,-0.0196234392964508
50-193,Mariscal Sucre,Quito,1,0.7243722905338109,2271.631503114031,3136,0.0566037735849056,0.0712060525144637,0.1844148641153633,0.4772601220188575,0.0915141430948419,0.0929007210205213,0.0108153078202995,0.1735995562950638,0.8998890737659456,0.0357737104825291,0.0429839156960621,0.5970604547975596,0.2947864669994454,0.0540765391014975,0.0163616195230171,0.0122018857459789,0.0069328896283971,0.8538546866333888,0.1075984470327232,0.0030504714364947,0.976932668329177,0.9962593516209476,0.9981296758104738,0.048004987531172,0.5574177529484792,0.9385474860335196,0.8851644941030415,0.5288640595903166,0.0093109869646182,90.15093581895668,0.1049136053763576,-0.0249766189275899
79-999,Puembo,Puembo,2,0.2541807777383696,2270.851068314594,8934,0.1856404170551835,0.1079672375279225,0.2600440752669944,0.4936429903373453,0.1315477199525343,0.12849635531446,0.0486523139515172,0.2113917613154772,0.7787760637396168,0.0819630445838277,0.0600101712154602,0.2742837769113409,0.1264621122224105,0.2316494321071368,0.0304288862519071,0.0258518392947957,0.0078826919816918,0.8794710967960672,0.0557721647736904,0.0005933209018477,0.9312782805429864,0.8076923076923077,0.9985859728506788,0.2403846153846154,0.5636061946902655,0.7287057522123894,0.5815818584070797,0.4305862831858407,0.0497787610619469,18.76617174137041,0.2460978219416637,-0.0795488598939548
56-010,Conocoto,Conocoto,3,0.6560741982143916,2261.487761245008,3447,0.0929223744292237,0.0690803162713275,0.2337899543378995,0.4751141552511415,0.1159817351598173,0.1178082191780822,0.0210045662100456,0.2127853881278538,0.8531963470319635,0.052283105022831,0.0545662100456621,0.4045662100456621,0.197945205479452,0.1226027397260274,0.0102739726027397,0.0223744292237442,0.0047945205479452,0.9401826484018264,0.0223744292237442,0.0,0.9627507163323782,0.9785100286532952,0.997134670487106,0.079512893982808,0.6131334760885082,0.8386866523911491,0.7466095645967167,0.5417558886509636,0.0142755174875089,39.56192432789001,0.2155540515234273,-0.0707625566835727
51-909,Alangasí,Alangasí,2,0.4874491999343671,2252.990202096645,4622,0.2051578773350967,0.1168714414144441,0.2617947871989442,0.4861431870669745,0.1313097987462883,0.1304849884526558,0.0537776311448366,0.2080171560541075,0.7598152424942263,0.1019465522929726,0.0430550973276146,0.2806004618937644,0.0963378422962718,0.2019135598812273,0.0082481029363246,0.0145166611679313,0.009732761464863,0.9510062685582316,0.0163312438139228,0.0001649620587264,0.9105645612073784,0.9161542761319172,0.9927333705980996,0.1883733929569592,0.6160907127429806,0.7591792656587473,0.5901727861771058,0.3299136069114471,0.0437365010799136,25.71078840232341,0.2191397123307063,-0.0581168211895066
50-150,Jipijapa,Quito,3,0.8314817526467053,2239.1803598775773,2693,0.0402663284717818,0.0747713824636901,0.2522179974651457,0.4550063371356147,0.1289607097591888,0.1232572877059569,0.0129911280101394,0.2392268694550063,0.9036755386565272,0.0240811153358681,0.0975918884664131,0.6042458808618505,0.2734474017743979,0.0544993662864385,0.0066539923954372,0.0142585551330798,0.0038022813688212,0.9005069708491762,0.0747782002534854,0.0,0.9864972200158856,0.9936457505957108,0.9984114376489276,0.0603653693407466,0.5880031570639306,0.9052880820836622,0.8413575374901342,0.5540647198105761,0.0071033938437253,77.9506736870565,0.0987391459456703,-0.0259233677198547
50-254,La Magdalena,Quito,3,0.6430492555885968,2226.8795721033107,3463,0.0639643861293345,0.06265664160401,0.2345505617977528,0.485252808988764,0.1247659176029962,0.1097846441947565,0.0173220973782771,0.2169943820224719,0.8452715355805244,0.0522003745318352,0.0461142322097378,0.4288389513108614,0.1711142322097378,0.1100187265917603,0.0049157303370786,0.023876404494382,0.0093632958801498,0.919241573033708,0.0426029962546816,0.0,0.9771626297577856,0.997923875432526,0.9986159169550172,0.1072664359861591,0.4354395604395604,0.8303571428571429,0.7067307692307693,0.3392857142857143,0.018543956043956,88.48635113623833,0.0953023463137743,-0.031568398027498
50-165,Belisario Quevedo,Quito,3,0.739962622914521,2223.5876818581355,3005,0.1191751472951258,0.1295433364398881,0.2466523835029459,0.4839314408141403,0.1269416175682913,0.1197107659346545,0.02785216925549,0.2188002142474558,0.8237814675950723,0.0535618639528655,0.0500803427959293,0.3824317086234601,0.1427423674343867,0.1341724692019282,0.0243706480985538,0.0270487412961971,0.0091055168719871,0.8912694161756829,0.0460632029994643,0.0021424745581146,0.9633883704235464,0.9935391241923904,1.0,0.1155778894472361,0.4684813753581662,0.835243553008596,0.7005730659025788,0.3402578796561604,0.0250716332378223,55.31552637478471,0.0869763006299564,-0.0146737777812232
50-116,Kennedy,Quito,1,0.8327154923399763,2220.019502578377,2666,0.0587683651140981,0.0705095213587236,0.2269459206001875,0.4635823694904658,0.1081587996248827,0.1187871209753047,0.0181306658330728,0.2088152547671147,0.902156924038762,0.0281337918099406,0.0281337918099406,0.5217255392310097,0.257267896217568,0.0747108471397311,0.0112535167239762,0.0112535167239762,0.0037511722413254,0.9221631759924976,0.0509534229446702,0.0006251953735542,0.9794140934283452,0.9944576405384006,0.9984164687252574,0.0324623911322248,0.6066350710900474,0.9281200631911533,0.8388625592417062,0.5497630331753555,0.0134281200631911,70.79992200411284,0.0574441008135945,-0.0151337536349819
50-163,Belisario Quevedo,Quito,2,0.739962622914521,2215.448093006076,2994,0.2066115702479339,0.158912943344081,0.2857500626095667,0.4901076884547959,0.1430002504382669,0.1427498121712997,0.0555972952667167,0.2301527673428499,0.7285249186075632,0.0934134735787628,0.0453293263210618,0.2456799398948159,0.0643626346105685,0.2103681442524417,0.0833959429000751,0.0255447032306536,0.005259203606311,0.8697721011770598,0.0152767342849987,0.0007513148009015,0.9078947368421052,0.9728618421052632,0.9983552631578948,0.2014802631578947,0.4848484848484848,0.6805896805896806,0.506961506961507,0.2153972153972154,0.0712530712530712,37.16892854949277,0.1459957005775912,-0.0289366250704197
50-233,Chimbacalle,Quito,3,0.5522640413984111,2212.922013883433,4007,0.0726714431934493,0.1108679795769511,0.2239689669252756,0.4587586770110249,0.1057574520212331,0.1182115149040424,0.0140873826051449,0.2096774193548387,0.8593303389138424,0.041649652919559,0.0316455696202531,0.4791751735402205,0.2178440179665169,0.0769701919150673,0.0053082890975908,0.0120457329522253,0.0038791343405471,0.9548795426704776,0.0238873009391588,0.0,0.9720853858784894,0.9961685823754788,0.9978106185002736,0.053639846743295,0.5561613958560524,0.8598691384950927,0.7764449291166848,0.4362050163576881,0.0059978189749182,77.4218755383271,0.1129347457288018,-0.0198044761848838
84-002,Tumbaco,Tumbaco,3,0.4730001215193621,2211.275568103018,4675,0.1790385873119686,0.0912722802704363,0.2300438953015769,0.4887010242237035,0.1099008291334742,0.1201430661681027,0.0408063729474882,0.1892375223540887,0.7769468379125345,0.0762477645911234,0.0432450008128759,0.3483986343683954,0.1723297024874004,0.1568850593399447,0.0273126320923427,0.011867988944887,0.0061778572589822,0.8881482685742156,0.0653552267923914,0.0011380263371809,0.9100271002710028,0.924119241192412,0.9989159891598915,0.2151761517615176,0.6377659574468085,0.7452127659574468,0.6632978723404256,0.5207446808510638,0.0425531914893617,22.785485097978597,0.2216306220206611,-0.0730130137627546
50-162,Belisario Quevedo,Quito,0,0.739962622914521,2190.289363826982,2960,0.2072205736894164,0.1461961503208066,0.2734239802224969,0.4843016069221261,0.1342398022249691,0.1391841779975278,0.0632880098887515,0.2101359703337453,0.7515451174289246,0.0912237330037082,0.0398022249690976,0.2474660074165636,0.1018541409147095,0.1987639060568603,0.0877626699629171,0.053646477132262,0.0064276885043263,0.8348578491965389,0.0173053152039555,0.0,0.9117408906882593,0.9700404858299596,0.9959514170040484,0.1927125506072874,0.4874899112187247,0.7304277643260694,0.5746569814366425,0.2849071832122679,0.0702179176755447,46.56731426154477,0.1518908083894444,-0.0280174901371665
50-043,Ponceano,Quito,1,0.7431848799055887,2189.4226562018644,2946,0.0633901144931583,0.0767857142857142,0.2174155735417248,0.492883058889199,0.1194529723695227,0.097962601172202,0.013396595032096,0.2034607870499581,0.9148758024002231,0.021769466927156,0.0371197320680993,0.5780072564889758,0.3011442924923249,0.0750767513257047,0.0240022327658386,0.0156293608707786,0.0086519676248953,0.8897571867150432,0.0608428691041027,0.0011163829193413,0.968573730862208,0.9935535858178888,1.0,0.0612409347300564,0.6291230893000804,0.919549477071601,0.8632341110217217,0.7200321802091714,0.0088495575221238,68.70167297659471,0.0583428084372088,-0.0364735998844522
77-006,Pomasqui,Pomasqui,1,0.596056600668248,2187.52772445247,3670,0.0635940615998227,0.081440877055599,0.2093950808774651,0.4642144914690893,0.101706182140483,0.107688898736982,0.0097496122313317,0.1996454686461334,0.8991801462441835,0.025703523155329,0.0398847773099933,0.5524041657434079,0.2574783957456237,0.0753379126966541,0.0044316419233325,0.0201639707511633,0.0050963882118324,0.9302016397075116,0.0401063594061599,0.0,0.9871186440677966,0.9891525423728812,0.9993220338983052,0.0427118644067796,0.6814814814814815,0.9245791245791246,0.8471380471380472,0.7097643097643098,0.0067340067340067,33.680428447314405,0.1248488023841406,-0.030996128694759
50-108,Cochapamba,Quito,1,0.595393783686324,2187.476761263554,3674,0.065798338198967,0.0589346429920664,0.2045811812261397,0.4747361329440826,0.0999326296878508,0.1046485515382888,0.0092072759937121,0.1953739052324275,0.9191556254210644,0.0244778800808443,0.0307657758814282,0.5735459240961149,0.2973276442847518,0.0550190882551089,0.005389624971929,0.0166180103301145,0.005389624971929,0.9326296878508872,0.0388502133393218,0.0011228385358185,0.9750778816199376,0.9919003115264796,0.9968847352024922,0.0386292834890965,0.6648009950248757,0.9465174129353234,0.9079601990049752,0.7375621890547264,0.0087064676616915,49.49735509658873,0.1075580692001596,-0.008312915846863
51-908,Alangasí,Alangasí,3,0.4874491999343671,2186.697110905571,4486,0.0733179478075625,0.0932545850170966,0.2231448763250883,0.485512367491166,0.1125441696113074,0.1106007067137809,0.0166077738515901,0.2063604240282685,0.8696113074204948,0.0452296819787985,0.0353356890459364,0.4895759717314488,0.2298586572438162,0.1204946996466431,0.0153710247349823,0.0125441696113074,0.0067137809187279,0.9215547703180212,0.0429328621908127,0.0008833922261484,0.9697153240460328,0.9818291944276196,0.9993943064809206,0.1023622047244094,0.7370892018779343,0.8914319248826291,0.8145539906103286,0.670774647887324,0.0123239436619718,44.50642195320345,0.2086268599892407,-0.062476984620036
50-045,Ponceano,Quito,3,0.7431848799055887,2182.733992282714,2937,0.1276195593766792,0.0917636526410026,0.2498656636217087,0.4854916711445459,0.1243954862976894,0.1254701773240193,0.0330467490596453,0.2168189145620634,0.8796346050510478,0.0362708221386351,0.0408382590005373,0.4328318108543794,0.2294465341214401,0.1337990327780763,0.0188070929607737,0.0317033852767329,0.0099408919935518,0.8965609887157442,0.0397635679742074,0.0032240730789897,0.9457120377655388,0.973249409913454,0.999213217938631,0.058221872541306,0.5623529411764706,0.8698039215686274,0.7458823529411764,0.4972549019607843,0.028235294117647,48.41589747837611,0.1352077947694814,-0.0277788875675057
50-172,Iñaquito,Quito,1,0.9090664173086987,2179.9412687062595,2398,0.0581872435658336,0.0294438386041439,0.1719389653889095,0.4469668775586156,0.0744324525493115,0.097506512839598,0.0063267584666914,0.1656122069222181,0.9263118719761816,0.0178637886118347,0.0223297357647934,0.7290658727205062,0.4614812058057313,0.0368440640119091,0.0081875697804242,0.0070710829921845,0.0093040565686639,0.8399702270189803,0.1324897655377744,0.0029772981019724,0.959618208516887,0.9977973568281938,0.999265785609398,0.0088105726872246,0.5256317689530686,0.940072202166065,0.8938628158844766,0.6137184115523465,0.0064981949458483,100.7113842010498,0.0614839980684432,0.0004819940672662
56-027,Conocoto,Conocoto,3,0.6560741982143916,2179.4784864682088,3322,0.0568488115657926,0.0731497418244406,0.2445479049252634,0.4861553540798823,0.1264395981377113,0.118108306787552,0.0120068610634648,0.2325410438617985,0.9010046557216368,0.0306297476108796,0.045822102425876,0.5211957853467287,0.2398921832884097,0.1002205341827983,0.0075961774074981,0.0049007596177407,0.0036755697133055,0.95368782161235,0.0296495956873315,0.000490075961774,0.9722675367047308,0.9861337683523654,0.9975530179445352,0.0293637846655791,0.7622097678142514,0.900720576461169,0.8590872698158527,0.7165732586068855,0.0088070456365092,36.2762095792794,0.2109119005079366,-0.0650659571368368
50-194,Itchimbia,Quito,3,0.6569341948950823,2179.050724466988,3317,0.142821965033243,0.0995594713656387,0.2497541789577188,0.4995083579154376,0.1329891838741396,0.1167649950835791,0.0373647984267453,0.2123893805309734,0.8139134709931171,0.0693215339233038,0.0597345132743362,0.4016715830875123,0.1607669616519174,0.1270894788593903,0.0243362831858407,0.0216322517207472,0.0068829891838741,0.9063421828908554,0.039331366764995,0.0014749262536873,0.974581939799331,0.94314381270903,0.9993311036789296,0.1023411371237458,0.4828269484808454,0.809775429326288,0.7093791281373845,0.3487450462351387,0.0264200792602377,55.43500879543544,0.2128439082095576,-0.0599850099542205
56-008,Conocoto,Conocoto,1,0.6560741982143916,2170.293447693208,3308,0.0367271036727103,0.0642424242424242,0.1709006928406466,0.4773672055427251,0.0826789838337182,0.0882217090069284,0.0073903002309468,0.1635103926096997,0.8866050808314088,0.0318706697459584,0.0387990762124711,0.5720554272517321,0.323094688221709,0.066743648960739,0.0064665127020785,0.0124711316397228,0.0069284064665127,0.9321016166281756,0.0420323325635103,0.0,0.9863112391930836,0.9877521613832853,0.9992795389048992,0.0432276657060518,0.786628733997155,0.9409672830725462,0.89900426742532,0.8051209103840683,0.0085348506401137,37.69767873960309,0.209795853497537,-0.0648877571659749
50-025,Carcelen,Quito,3,0.6797486997336066,2158.8818703539346,3176,0.0837734037445991,0.1028622540250447,0.2304368698991838,0.4747959673547767,0.113778204512722,0.1166586653864618,0.0189630340854536,0.2114738358137302,0.8456553048487758,0.0525684109457513,0.0360057609217474,0.3819011041766683,0.1385021603456553,0.1397023523763802,0.0225636101776284,0.0333653384541526,0.013922227556409,0.8960633701392223,0.0338454152664426,0.0002400384061449,0.9768137621540764,0.9962602842183994,0.9962602842183994,0.0673148840688107,0.5452522255192879,0.8471810089020771,0.6824925816023739,0.4666172106824925,0.0259643916913946,55.06536986666861,0.0893256285670693,-0.0158779210705347
50-252,La Magdalena,Quito,3,0.6430492555885968,2152.2858584550336,3347,0.0914740243599304,0.1654445462878093,0.235337972166998,0.4823558648111332,0.1190357852882703,0.1163021868787276,0.0191351888667992,0.2162027833001988,0.8466699801192843,0.0434890656063618,0.0337972166998011,0.4242047713717694,0.1597912524850894,0.0832504970178926,0.0059642147117296,0.0057157057654075,0.0064612326043737,0.9714214711729622,0.0104373757455268,0.0,0.9837767683322518,0.9915639195327708,0.9922128487994808,0.0434782608695652,0.5567077122488658,0.8496435515230071,0.7310434219053791,0.4173687621516526,0.0155541153596889,102.10405780680507,0.0700111985055025,-0.0225286388054918
77-007,Pomasqui,Pomasqui,1,0.596056600668248,2132.094460590323,3577,0.2498861047835991,0.0792202405640812,0.1895216400911161,0.483371298405467,0.1009111617312072,0.0886104783599088,0.0419134396355353,0.1476082004555808,0.8988610478359909,0.0284738041002277,0.0510250569476082,0.5277904328018224,0.2528473804100228,0.0779043280182232,0.006378132118451,0.0175398633257403,0.00250569476082,0.9284738041002278,0.0446469248291571,0.0004555808656036,0.9911019849418208,0.9671457905544149,0.999315537303217,0.0773442847364818,0.6700749829584185,0.9195637355146558,0.8384458077709611,0.676209952283572,0.0061349693251533,35.27538240373191,0.1572609893648738,-0.0502151513949009
50-040,Carcelen,Quito,3,0.6797486997336066,2127.6134301661887,3130,0.0367292225201072,0.0825971731448763,0.2557640750670241,0.4683646112600536,0.1246648793565683,0.1310991957104557,0.0099195710455764,0.2458445040214477,0.9163538873994638,0.0227882037533512,0.0262734584450402,0.561662198391421,0.2849865951742627,0.0812332439678284,0.0123324396782841,0.0262734584450402,0.006970509383378,0.9126005361930296,0.0418230563002681,0.0,0.992153443766347,0.989537925021796,0.998256320836966,0.065387968613775,0.7212121212121212,0.9437229437229436,0.8805194805194805,0.7367965367965368,0.0077922077922077,45.90109628609822,0.1347816336883885,-0.0376448825541336
50-225,Puengasi,Quito,3,0.5588902870852502,2121.5475297756097,3796,0.0318891576863866,0.0914285714285714,0.216846272267429,0.4719595337585221,0.1148009676709918,0.1020453045964372,0.0059379810864306,0.2109082911809984,0.8959753683747526,0.0285902793050362,0.0376072135473938,0.5214427094787772,0.2318011875962173,0.0789531559269848,0.0052782054101605,0.0138552892016714,0.0030789531559269,0.9500769738288982,0.0272707279524961,0.0004398504508467,0.9917929292929292,0.991161616161616,1.0,0.0202020202020202,0.5756434400502197,0.8888888888888888,0.847457627118644,0.576271186440678,0.0056497175141242,38.31911634203927,0.1364498652760858,-0.0249482146341459
50-109,Cochapamba,Quito,3,0.595393783686324,2119.006476139627,3559,0.0910990388633514,0.1126242178873757,0.238612620142081,0.4830756372753865,0.1209778520685332,0.1176347680735478,0.0219389887170915,0.2166736314249895,0.854157960718763,0.0445048056832427,0.0340576681989134,0.4247806101128291,0.1938988717091516,0.1360217300459674,0.0376096949435854,0.0213121604680317,0.0066861679899707,0.9009611366485584,0.0319682407020476,0.0014625992478061,0.9658405894172808,0.9933020763563296,0.998660415271266,0.0817146684527796,0.6379425517702071,0.845691382765531,0.7561790247160989,0.5998663994655978,0.0193720774883099,37.72860170436162,0.1131099816205525,-0.0075129440400398
50-177,Itchimbia,Quito,1,0.6569341948950823,2112.043436587689,3215,0.0870023727919852,0.0354020979020979,0.1887835703001579,0.4660347551342812,0.0889942074776198,0.0997893628225381,0.0163243812532912,0.1724591890468667,0.889942074776198,0.0358083201685097,0.0473933649289099,0.5279094260136914,0.2885729331226961,0.1158504476040021,0.0144813059505002,0.0118483412322274,0.0039494470774091,0.8335966298051606,0.134807793575566,0.0013164823591363,0.96617050067659,0.9749661705006766,0.9986468200270636,0.104871447902571,0.6136210384356036,0.9002022926500337,0.8462575859743763,0.6068779501011463,0.0155091031692515,74.58341740100526,0.2435900175680233,-0.0566454491046601
50-156,Iñaquito,Quito,1,0.9090664173086987,2105.397822486946,2316,0.075944631500187,0.0545050055617352,0.1952861952861952,0.4713804713804714,0.0905349794238683,0.1047512158623269,0.0164609053497942,0.178825289936401,0.9135802469135802,0.017583239805462,0.0422745978301533,0.6816311260755705,0.4062850729517396,0.0411522633744856,0.011971567527123,0.0250654695099139,0.0093527871305649,0.8073325851103629,0.1328095772540217,0.0134680134680134,0.9564879564879564,0.9914529914529916,0.9992229992229992,0.0116550116550116,0.4633770239013107,0.9352351580570548,0.8812644564379337,0.5682343870470317,0.0069390902081727,119.38420210924532,0.1533523976282091,-0.0155664523656916
50-279,La Magdalena,Quito,3,0.6430492555885968,2086.051785129408,3244,0.1186440677966101,0.0786622703721149,0.2222222222222222,0.4712121212121212,0.1143939393939394,0.1078282828282828,0.0242424242424242,0.1972222222222222,0.8487373737373738,0.0601010101010101,0.0537878787878787,0.455050505050505,0.180050505050505,0.1042929292929293,0.0121212121212121,0.0196969696969696,0.006060606060606,0.9386363636363636,0.0234848484848484,0.0,0.931292008961912,0.9970126960418224,0.9992531740104555,0.1329350261389096,0.5107169253510717,0.8462675535846268,0.7435328898743533,0.4227642276422764,0.0184774575018477,76.11402423256322,0.0718613510879354,-0.0279682001539105
50-056,Cochapamba,Quito,2,0.595393783686324,2074.947336146839,3485,0.1890878800499791,0.1724409448818897,0.2809246147438567,0.4939608496459808,0.1447313619325281,0.1361932528113286,0.04914618908788,0.2317784256559766,0.7207413577675968,0.1076634735526863,0.0531028738025822,0.1751353602665556,0.0460224906289046,0.2255310287380258,0.0870470637234485,0.0745522698875468,0.0058309037900874,0.8213244481466055,0.0112453144523115,0.0,0.9351656095842142,0.9675828047921072,0.9936575052854124,0.2205778717406624,0.5412335412335413,0.6354816354816355,0.4261954261954262,0.185031185031185,0.0533610533610533,26.52725484324436,0.1401062139753222,-0.0148587825461143
50-266,Puengasi,Quito,3,0.5588902870852502,2061.746269057488,3689,0.0941227499457818,0.0768094534711964,0.2565603990457601,0.4736499674690956,0.1296898720451095,0.1268705270006506,0.024289741921492,0.232270657124268,0.8848405985686402,0.0336152678377792,0.0355671220993276,0.4786380394708306,0.248319236608111,0.089568423335502,0.0114942528735632,0.0169160702667534,0.0054218173931901,0.9416612448492736,0.024289741921492,0.0002168726957276,0.9544554455445544,0.9907590759075908,0.9986798679867986,0.0712871287128712,0.6510554089709762,0.8865435356200527,0.8397097625329816,0.6352242744063324,0.0138522427440633,48.23972773696438,0.1821684569121787,-0.05708522638848
50-406,Quitumbe,Quito,3,0.4547381971983855,2057.6903423226945,4525,0.0409618573797678,0.1423197492163009,0.2731343283582089,0.4827529021558872,0.1338308457711443,0.1393034825870646,0.0104477611940298,0.2626865671641791,0.8804311774461028,0.0334991708126036,0.033167495854063,0.330016583747927,0.1252072968490879,0.1203980099502487,0.0177446102819237,0.0288557213930348,0.0071310116086235,0.9313432835820896,0.0149253731343283,0.0,0.9896457765667576,0.9983651226158038,0.9989100817438692,0.04141689373297,0.5691721132897604,0.8534858387799564,0.7489106753812637,0.3447712418300653,0.0070806100217864,54.48979556139778,0.1068497878223757,-0.0191724535842607
50-347,Solanda,Quito,0,0.5562233385704759,2056.91390603362,3698,0.0917141049968374,0.1352896341463414,0.246535069298614,0.4882402351952961,0.1259974800503989,0.120537589248215,0.0201595968080638,0.2259554808903822,0.8246535069298614,0.0596388072238555,0.0440991180176396,0.3053338933221335,0.113397732045359,0.1633767324653507,0.0298194036119277,0.0281394372112557,0.0075598488030239,0.9073918521629568,0.0270894582108357,0.0,0.970954356846473,0.9965421853388658,0.9979253112033196,0.1127247579529737,0.4355616815988973,0.7966919365954515,0.6416264645072364,0.3342522398345968,0.0323914541695382,64.52075002537691,0.0898047449430577,-0.0205904942811241
50-036,Carcelen,Quito,3,0.6797486997336066,2054.880319294693,3023,0.047746065617498,0.0909939337377508,0.2264603894371832,0.4731928514270472,0.1165644171779141,0.1098959722592691,0.0101360362763403,0.2163243531608429,0.8986396372365965,0.0328087489997332,0.035742864763937,0.4753267538010136,0.2029874633235529,0.1026940517471325,0.0080021339023739,0.0336089623899706,0.0072019205121365,0.901840490797546,0.0493464923979727,0.0,0.9884488448844884,0.99009900990099,0.9975247524752476,0.0643564356435643,0.5947497949138638,0.92616899097621,0.8187038556193601,0.5438884331419196,0.0131255127153404,62.13023291940939,0.0935894186313083,-0.0274126502002321
50-393,Quitumbe,Quito,3,0.4547381971983855,2052.6882221535125,4514,0.0311792370667131,0.0898631840796019,0.2697998259355961,0.4762402088772846,0.1345517841601392,0.1352480417754569,0.0073107049608355,0.2621409921671018,0.8962576153176676,0.0238468233246301,0.0339425587467362,0.4194952132288947,0.192515230635335,0.1040905134899913,0.0090513489991296,0.0158398607484769,0.0073107049608355,0.9449956483899042,0.0219321148825065,0.000870322019147,0.9882100750267953,0.9941050375133976,0.9989281886387996,0.0144694533762057,0.4997327632282202,0.8979155531801176,0.794762159273116,0.4767504008551577,0.0026723677177979,78.2040520606103,0.1112040351515999,-0.0095753610505978
84-014,Tumbaco,Tumbaco,2,0.4730001215193621,2047.6175260573184,4329,0.1658265252911524,0.1013283904850169,0.2718581609594994,0.4858334781852946,0.1334955675299843,0.138362593429515,0.0415435424995654,0.2303146184599339,0.7557795932556927,0.0856944203024508,0.0697027637754215,0.244915696158526,0.1032504780114722,0.2183208760646619,0.0371979836606987,0.0210325047801147,0.0102555188597253,0.9042238831913784,0.0272901095080827,0.0,0.9317708333333332,0.96875,0.9953125,0.2125,0.4673857216230097,0.6692347200821777,0.5326142783769903,0.3312788906009245,0.0513610683102208,32.10685975211008,0.1838891417885622,-0.0645122687486943
55-022,Calderón,Calderón,3,0.3407930202813737,2045.098914708524,6001,0.0721455457967377,0.0982766651141127,0.2406524466750313,0.477038895859473,0.1179422835633626,0.1227101631116687,0.018444165621079,0.2222082810539523,0.8682559598494354,0.0396486825595985,0.0386449184441656,0.3411543287327478,0.155207026348808,0.1378920953575909,0.0224592220828105,0.0661229611041405,0.0101631116687578,0.8772898368883313,0.0232120451693851,0.0007528230865746,0.9817666126418152,0.9914910858995136,0.9979740680713128,0.0656401944894651,0.6413876563130294,0.8620411456232352,0.7398144413069786,0.4655102864058087,0.0161355385235982,49.78949982663417,0.1100547215005514,-0.0334680084033325
51-001,Alangasí,Alangasí,3,0.4874491999343671,2038.5125541255236,4182,0.1398289326887318,0.1021821960512642,0.2283376719970249,0.4724804760133879,0.1119375232428412,0.1164001487541837,0.0340275195239866,0.1943101524730383,0.8164745258460394,0.0723317218296764,0.0541093343250278,0.3432502789140945,0.1500557828188918,0.1608404611379695,0.0163629602082558,0.0124581628858311,0.0061361100780959,0.947936035701004,0.0171067311268129,0.0,0.9409975669099756,0.8369829683698297,0.99330900243309,0.1684914841849148,0.656047197640118,0.8035398230088495,0.6766961651917404,0.4194690265486726,0.0271386430678466,20.31956983840973,0.2520217545786715,-0.0546202299738181
50-168,Belisario Quevedo,Quito,1,0.739962622914521,2037.117100883676,2753,0.0636420919974795,0.0626272912423625,0.2216640502354788,0.4712715855572998,0.1127158555729984,0.1089481946624803,0.0125588697017268,0.2091051805337519,0.9133437990580848,0.0260596546310832,0.0354788069073783,0.631083202511774,0.3095761381475667,0.0602825745682888,0.0131868131868131,0.0182103610675039,0.0075353218210361,0.8863422291993721,0.0737833594976452,0.0009419152276295,0.978819969742814,0.9969742813918304,0.9984871406959152,0.0385779122541603,0.5033860045146726,0.9149736644093304,0.8638073739653875,0.526711813393529,0.0082768999247554,101.59490942521528,0.0568522021413884,-0.0014890457097912
50-064,Cotocollao,Quito,3,0.5946471733996156,2025.3682725990907,3406,0.0526442888191258,0.1002237136465324,0.2146824438541415,0.4667954600338083,0.1103598164694518,0.1043226273846896,0.0123158657329147,0.2023665781212267,0.8860178700796909,0.0422603235933349,0.0422603235933349,0.4636561217097319,0.1910166626418739,0.1031151895677372,0.0222168558319246,0.0086935522820574,0.0082105771552765,0.924414392658778,0.0362231345085728,0.0002414875633904,0.9855907780979828,0.9971181556195964,0.9992795389048992,0.0540345821325648,0.5898716119828816,0.869472182596291,0.7439372325249644,0.4907275320970042,0.0149786019971469,53.60674625553497,0.0651708710139223,-0.0093526825934867
50-280,La Magdalena,Quito,3,0.6430492555885968,2014.030268503485,3132,0.0502379693283976,0.1060969755160825,0.2387625594923321,0.4785827604442094,0.1173982020095187,0.1213643574828133,0.0105764145954521,0.2281861448968799,0.8410893707033316,0.0597567424643046,0.0547329455314648,0.434690639873083,0.1652564780539397,0.1070861977789529,0.0124272871496562,0.0105764145954521,0.0066102591221575,0.946060285563194,0.023532522474881,0.0007932310946589,0.9727740986019132,0.9985283296541576,0.9985283296541576,0.0713760117733627,0.5448529411764705,0.8308823529411765,0.7360294117647059,0.4139705882352941,0.0080882352941176,80.49099756799797,0.0632039265931448,-0.0174015271413874
56-004,Conocoto,Conocoto,3,0.6560741982143916,2013.491714319968,3069,0.113560625480646,0.0992592592592592,0.2336065573770492,0.4713114754098361,0.1137295081967213,0.1198770491803278,0.0281762295081967,0.2054303278688524,0.8629610655737705,0.0473872950819672,0.0394467213114754,0.4054815573770491,0.1777663934426229,0.1226946721311475,0.0105020491803278,0.0143442622950819,0.003842213114754,0.9482581967213116,0.0230532786885245,0.0,0.9539094650205762,0.9670781893004116,0.9958847736625516,0.0979423868312757,0.6487804878048781,0.8227642276422764,0.7390243902439024,0.5422764227642276,0.024390243902439,37.04645302667302,0.2088674032593047,-0.0749853228861969
77-005,Pomasqui,Pomasqui,0,0.596056600668248,1993.8093292352892,3345,0.16601607347876,0.093763440860215,0.2400548696844993,0.4846822130772748,0.1197988111568358,0.1202560585276634,0.0393232738911751,0.2007315957933242,0.7908093278463649,0.0733882030178326,0.0569272976680384,0.2903520804755373,0.1092821216278006,0.2075903063557384,0.0041152263374485,0.0361225422953818,0.011888431641518,0.9318701417466848,0.0160036579789666,0.0,0.9239290989660266,0.9608567208271788,0.9955686853766618,0.1122599704579025,0.5815138282387191,0.7496360989810772,0.586608442503639,0.3631732168850072,0.0342066957787481,34.74991766559451,0.1332801324714689,-0.0367568843466438
56-014,Conocoto,Conocoto,3,0.6560741982143916,1988.5608947878209,3031,0.0987261146496815,0.1021431828545371,0.2286166842661035,0.4812565997888067,0.117740232312566,0.1108764519535374,0.0229672650475184,0.2053854276663146,0.8690601900739177,0.0438225976768743,0.0451425554382259,0.4585533262935586,0.2127771911298838,0.1127243928194297,0.0034318901795142,0.0184794086589229,0.0042238648363252,0.9427138331573388,0.0308870116156283,0.0002639915522703,0.9841004184100418,0.9640167364016736,0.997489539748954,0.0694560669456067,0.5869394177812746,0.8347757671125098,0.7623918174665618,0.5003933910306845,0.018882769472856,40.900159720914914,0.2181099227599606,-0.0596065335473997
50-181,Belisario Quevedo,Quito,1,0.739962622914521,1988.279567771318,2687,0.0482233502538071,0.0879120879120879,0.2215926975133774,0.4642744727730563,0.1111111111111111,0.1104815864022662,0.012275731822474,0.2074283915643689,0.898961284230406,0.0327352848599307,0.0494176896443185,0.5577588920365124,0.2518098835379289,0.0862448851117406,0.0169971671388102,0.0232924142272584,0.0075542965061378,0.8665407617248977,0.0846710733396285,0.0009442870632672,0.9786422578184591,0.996186117467582,1.0,0.0808543096872616,0.48,0.8807547169811321,0.7947169811320755,0.4732075471698113,0.0120754716981132,125.799819238585,0.0622022753517216,-0.0073126465034186
50-164,Belisario Quevedo,Quito,0,0.739962622914521,1949.8015113797628,2635,0.1021810576635793,0.1285034373347435,0.2766656707499253,0.4989542874215715,0.1437107857783089,0.1329548849716163,0.0280848521063639,0.2485808186435614,0.8389602629220198,0.0516880788766059,0.0289811771735882,0.3740663280549746,0.1595458619659396,0.1472960860472064,0.0271885270391395,0.0271885270391395,0.0044816253361219,0.9253062443979684,0.0158350761876307,0.0,0.9504950495049505,0.9936993699369936,1.0,0.0891089108910891,0.4817127564674398,0.8251561106155219,0.7163247100802854,0.3559322033898305,0.0214094558429973,46.95734567815608,0.095342564601515,-0.0189234200017613
70-001,Nayón,Nayón,0,0.7411572755534023,1946.2790056032345,2626,0.1661189124589184,0.0847906730259671,0.2705357142857142,0.4866071428571428,0.1300595238095238,0.1404761904761904,0.0455357142857142,0.2244047619047619,0.7797619047619048,0.0880952380952381,0.0419642857142857,0.3556547619047619,0.144047619047619,0.1794642857142857,0.1011904761904761,0.0125,0.0083333333333333,0.8574404761904761,0.0196428571428571,0.0008928571428571,0.935609756097561,0.9629268292682926,0.9931707317073172,0.1346341463414634,0.5748331744518589,0.7473784556720686,0.6310772163965681,0.3813155386081983,0.0552907530981887,25.631955571753213,0.1952807924147034,-0.0570982972778831
56-009,Conocoto,Conocoto,3,0.6560741982143916,1944.6039235074568,2964,0.0938628158844765,0.0796755725190839,0.2349149045899948,0.4819494584837545,0.1168127900979886,0.1181021144920062,0.0250128932439401,0.2099020113460546,0.8282619907168643,0.058019597730789,0.0464156781846312,0.4141309953584322,0.1959773078906652,0.1415678184631253,0.0201134605466735,0.0123775141825683,0.0118617844249613,0.9275399690562144,0.0281072717895822,0.0,0.9611734253666956,0.989646246764452,0.998274374460742,0.1104400345125107,0.6852966466036113,0.8426483233018057,0.7351676698194325,0.5743766122098022,0.0266552020636285,34.2468275970115,0.238362448247149,-0.067655674701412
50-093,Cotocollao,Quito,3,0.5946471733996156,1937.360490935948,3258,0.0569395017793594,0.1010468821119708,0.2214321990858303,0.4502285424073133,0.1033519553072625,0.1180802437785678,0.0119349923819197,0.2094972067039106,0.8796343321482987,0.0383443372270187,0.0393600812595226,0.5033011681056374,0.2227018791264601,0.0802437785678009,0.0066023362112747,0.0276790248857287,0.0066023362112747,0.9220416455053326,0.036820721178263,0.0002539360081259,0.9867354458364038,0.995578481945468,0.9985261606484892,0.0464259395725865,0.5429200293470287,0.8870139398385913,0.7791636096845195,0.5355832721936904,0.0168745414526779,59.6700796269356,0.0669318353797566,-0.0040159024826814
50-369,Solanda,Quito,3,0.5562233385704759,1926.201421469558,3463,0.0794183445190156,0.0932274247491638,0.2510067114093959,0.4841163310961969,0.1255033557046979,0.1255033557046979,0.0190156599552572,0.2319910514541387,0.8642058165548099,0.032662192393736,0.0297539149888143,0.3445190156599552,0.1331096196868009,0.1190156599552572,0.0174496644295302,0.0221476510067114,0.0064876957494407,0.9362416107382552,0.0176733780760626,0.0,0.9777628032345014,0.995956873315364,0.9986522911051212,0.0424528301886792,0.4605614973262032,0.8375668449197861,0.7085561497326203,0.3188502673796791,0.0213903743315508,68.16366953994289,0.1016041893615036,-0.0192484268476236
56-018,Conocoto,Conocoto,3,0.6560741982143916,1922.953474966382,2931,0.0453942129015131,0.1020594965675057,0.2301566233076719,0.4746482612158216,0.1144146535704804,0.1157419697371914,0.0130076984337669,0.2171489248739049,0.9054950889301832,0.0148659410671621,0.0448632864348287,0.5165914520838863,0.2482081231749402,0.0706132200690204,0.0031855588001061,0.0143350146004778,0.0090257499336341,0.9554021767985134,0.0180514998672683,0.0,0.9816819317235636,0.97751873438801,0.9991673605328892,0.0324729392173189,0.7412935323383084,0.9262023217247096,0.8706467661691543,0.6699834162520729,0.0074626865671641,32.26392705403716,0.2094788941974177,-0.0696858960407853
50-329,Solanda,Quito,3,0.5562233385704759,1921.7516347609944,3455,0.0443124714481498,0.1303964757709251,0.2327546825034262,0.4677935130196436,0.1148926450433988,0.1178620374600274,0.0116491548652352,0.2211055276381909,0.8551850159890361,0.0543627227044312,0.0449977158519872,0.3435358611238008,0.1443581544084056,0.0954773869346733,0.005710370031978,0.0162174508908177,0.0045682960255824,0.9522613065326632,0.0191868433074463,0.0020557332115121,0.9862258953168044,0.9993112947658402,0.9993112947658402,0.0227272727272727,0.5030800821355236,0.8521560574948666,0.6933607118412046,0.3182751540041068,0.0116358658453114,111.8350588798523,0.0766852275384098,-0.0216630644968143
50-046,Ponceano,Quito,3,0.7431848799055887,1916.673805276513,2579,0.1300516560316013,0.0860103626943005,0.2582017010935601,0.4936208991494532,0.1360874848116646,0.1221142162818955,0.040097205346294,0.2181044957472661,0.8323207776427703,0.0452612393681652,0.0425273390036452,0.3633049817739975,0.1573511543134872,0.1740583232077764,0.0385783718104495,0.0461725394896719,0.0072904009720534,0.8702916160388822,0.0367557715674362,0.0009113001215066,0.9470260223048328,0.9869888475836432,0.9990706319702602,0.1152416356877323,0.5105601469237833,0.8209366391184573,0.6813590449954087,0.4141414141414141,0.0422405876951331,64.31999973251885,0.1075541152995381,-0.024370657525383
50-147,Jipijapa,Quito,1,0.8314817526467053,1916.565439850656,2305,0.046207162110127,0.088501291989664,0.2086856264411991,0.468870099923136,0.1087624903920061,0.0999231360491929,0.0088393543428132,0.1983089930822444,0.9069946195234436,0.0342044581091468,0.0507302075326671,0.6199077632590315,0.2863182167563413,0.0599538816295157,0.01076095311299,0.0103766333589546,0.006533435818601,0.8689469638739431,0.101076095311299,0.0023059185242121,0.974559686888454,0.99412915851272,0.99706457925636,0.0264187866927592,0.5609756097560976,0.9121951219512195,0.8507317073170731,0.5736585365853658,0.0039024390243902,95.0045163610562,0.0627226986606279,-0.0024372767504632
50-314,Chilibulo,Quito,3,0.5650943898372349,1915.1048871583887,3389,0.0518553758325404,0.1114023591087811,0.2544420753375977,0.474532101397773,0.1324330727315802,0.1220090026060175,0.0142146410803127,0.2388059701492537,0.8294243070362474,0.0563847429519071,0.0485666903577351,0.35939350864724,0.1485429992892679,0.1224828239753612,0.0217957829898128,0.0258232646292347,0.0071073205401563,0.9158967069414832,0.0293769248993129,0.0,0.9837914023960536,0.9971811134601832,0.9985905567300916,0.0817477096546864,0.4301754385964912,0.8189473684210526,0.6568421052631579,0.3417543859649122,0.0112280701754385,60.80594210445133,0.0681127941522347,-0.0091638643008113
84-007,Tumbaco,Tumbaco,1,0.4730001215193621,1913.28549154582,4045,0.084316037735849,0.0586004825922095,0.1988223748773307,0.485377821393523,0.1038272816486751,0.0949950932286555,0.0198233562315996,0.1789990186457311,0.9053974484789008,0.0251226692836113,0.0249263984298331,0.5232580961727183,0.2861629048086359,0.0926398429833169,0.0176643768400392,0.0096172718351324,0.0047105004906771,0.8353287536800785,0.1309126594700687,0.0017664376840039,0.9763912310286678,0.9347948285553682,0.9994378864530636,0.0550871275997751,0.6724330357142857,0.9034598214285714,0.84765625,0.7583705357142857,0.0133928571428571,36.80746221975191,0.2131500646572164,-0.0538380524985722
50-250,Chilibulo,Quito,3,0.5650943898372349,1911.1492264295284,3382,0.0717094610224381,0.1035653650254669,0.2277867528271405,0.4738056773597969,0.1165474267251327,0.1112393261020078,0.0140780060004615,0.2134779598430648,0.8467574428802216,0.0551580890837756,0.0429263789522271,0.3877221324717286,0.139395338102931,0.1151627048234479,0.0140780060004615,0.0180013847219016,0.0064620355411954,0.9420724671128548,0.0193861066235864,0.0,0.9756446991404012,0.9928366762177652,0.9992836676217765,0.0959885386819484,0.4860614724803431,0.8327376697641172,0.7398141529664046,0.4195854181558255,0.0164403145103645,73.44773001499861,0.0698496966955554,-0.01912006652661
50-327,San Bartolo,Quito,3,0.5424180635817769,1908.7691657442729,3519,0.077576570534317,0.1088463106400326,0.2481588931042178,0.4981031019861638,0.1323365320241017,0.115822361080116,0.0169604998884177,0.2305288997991519,0.7922338763668824,0.0671725061370229,0.0497656773041731,0.3151082347690248,0.1135907163579558,0.1535371568846239,0.0131667038607453,0.020084802499442,0.010265565721937,0.9384066056683776,0.0176299933050658,0.000446328944432,0.9808743169398908,0.9924863387978142,0.9993169398907104,0.078551912568306,0.4237743451981195,0.7938213566151779,0.6413700470114171,0.3794492948287441,0.025520483546004,69.34814637047903,0.0989508308515311,-0.0157637615981293
50-355,Solanda,Quito,3,0.5562233385704759,1907.2898279581616,3429,0.0676317575209228,0.1136262760763426,0.242876526458616,0.4850746268656716,0.1232473993668023,0.1196291270918136,0.0162822252374491,0.2265943012211669,0.8462234283129806,0.0567616463138851,0.0508819538670284,0.3414744459520579,0.1298055178652193,0.1184984170058797,0.0126639529624604,0.0171867933061962,0.0092718227046585,0.9369063772048848,0.0239710538218,0.0,0.989547038327526,0.9937282229965156,0.9979094076655052,0.0508710801393728,0.4623878536922015,0.8322981366459627,0.6880607315389924,0.3257418909592822,0.0227743271221532,78.17777282826222,0.0866024197826347,-0.0208850981731881
50-065,Cotocollao,Quito,3,0.5946471733996156,1902.2763077053703,3199,0.0692032686414708,0.1024830699774266,0.2175689479060265,0.4685903983656793,0.1080183861082737,0.1095505617977528,0.0201736465781409,0.1973953013278856,0.8414198161389173,0.0531154239019407,0.0449438202247191,0.4172625127681307,0.20097037793667,0.1197650663942798,0.0219611848825331,0.0234933605720122,0.010214504596527,0.8927477017364658,0.0508171603677221,0.0007660878447395,0.9848046309696092,0.9971056439942112,0.9992764109985528,0.1230101302460202,0.5107604017216643,0.830703012912482,0.693687230989957,0.3916786226685796,0.0258249641319942,54.75008214521537,0.0602871264766409,-0.0137638725118454
50-161,Belisario Quevedo,Quito,3,0.739962622914521,1899.4840530215756,2567,0.1531231049120679,0.1058694459681843,0.2440873256519102,0.4839296543359612,0.1212856276531231,0.1228016979987871,0.0400242571255306,0.2040630685263796,0.8229229836264402,0.0679199514857489,0.0588235294117647,0.3483929654335961,0.1473620375985445,0.1510006064281382,0.0048514251061249,0.0312310491206792,0.0036385688295936,0.935415403274712,0.0248635536688902,0.0,0.9542421353670162,0.9370829361296472,0.998093422306959,0.1382268827454718,0.5977229601518027,0.8121442125237192,0.6802656546489564,0.4582542694497153,0.032258064516129,38.8086652817866,0.1570953592256514,-0.0282394730416673
50-326,La Mena,Quito,0,0.5097212626751959,1897.6922609397543,3723,0.1167114232596571,0.1408962454582155,0.2677132823796736,0.4784135509192315,0.1334435034083867,0.1342697789712869,0.0320181780623838,0.2356951043172898,0.7839289403015905,0.0712662673001446,0.0491633959925635,0.2898161536872547,0.1012187564552778,0.1567857880603181,0.0262342491220822,0.0264408180128072,0.0043379467052261,0.9239826482131792,0.018178062383805,0.0008262755629002,0.960731211916046,0.991875423155044,0.999322951929587,0.0744752877454299,0.4482758620689655,0.7484787018255578,0.6240703177822853,0.299526707234618,0.0371872887085868,68.43931317411337,0.1029120487345937,-0.0151434228148617
56-028,Conocoto,Conocoto,1,0.6560741982143916,1897.3665812360205,2892,0.0317331163547599,0.0851797144263909,0.199077841063195,0.4792514239218877,0.097640358014646,0.1014374830485489,0.0051532411174396,0.1939245999457553,0.9088689991863304,0.0130187144019528,0.0455655004068348,0.5318687279631137,0.2731217792243016,0.0444806075400054,0.0051532411174396,0.0141036072687822,0.0029834553837808,0.9547057228098724,0.0230539734201247,0.0,0.9898132427843804,0.9915110356536504,0.9991511035653652,0.0118845500848896,0.7381756756756757,0.9569256756756755,0.9096283783783784,0.768581081081081,0.0008445945945945,32.99526308506271,0.2197251680306342,-0.0680246852414752
50-346,Solanda,Quito,3,0.5562233385704759,1895.0529145096116,3407,0.0374368396876435,0.1354479211315902,0.2278364722094625,0.4761139182361047,0.1141479099678456,0.1136885622416169,0.0084979329352319,0.2193385392742305,0.8355535140101057,0.050528249885163,0.0496095544327055,0.3265962333486449,0.1428571428571428,0.1267799724391364,0.0034451079467156,0.024345429490124,0.0048231511254019,0.9414331649058336,0.0257234726688102,0.0002296738631143,0.9887482419127988,0.9971870604781996,1.0,0.060478199718706,0.5332400279916025,0.8327501749475158,0.6899930020993702,0.3233030090972708,0.0090972708187543,73.39767137292314,0.0823611242304916,-0.0103483945407639
56-023,Conocoto,Conocoto,3,0.6560741982143916,1892.1179876503052,2884,0.1772521923996811,0.0851377952755905,0.2492692001062981,0.4653202232261493,0.124634600053149,0.124634600053149,0.0465054477810257,0.2027637523252723,0.8062715918150412,0.0640446452298697,0.03879883072017,0.3991496146691469,0.1793781557268137,0.1283550358756311,0.0135530162104703,0.0162104703693861,0.008769598724422,0.9263885197980336,0.0345469040659048,0.0005314908317831,0.9294012511170688,0.9222520107238604,0.9964253798033958,0.1519213583556747,0.6734154929577465,0.7948943661971831,0.6892605633802817,0.551056338028169,0.0299295774647887,23.309604631123616,0.2532476066732707,-0.0847329856189341
56-024,Conocoto,Conocoto,3,0.6560741982143916,1891.461913452091,2883,0.1820401519262072,0.0794464377242439,0.24633749321758,0.4777536625067824,0.126695604991861,0.1196418882257189,0.0455778621812262,0.2007596310363537,0.7797069994574064,0.0914270211611503,0.0504612045577862,0.3361367335865436,0.1351058057514921,0.1785132935431362,0.0287574606619641,0.0154639175257731,0.008410200759631,0.921595225176343,0.0257731958762886,0.0,0.9332146037399822,0.9038290293855744,0.9991095280498664,0.1495992876224399,0.6472632493483927,0.7741094700260643,0.634231103388358,0.4413553431798436,0.0373588184187662,29.003836667762616,0.230199327908612,-0.0795823036288455
56-002,Conocoto,Conocoto,3,0.6560741982143916,1890.805839253877,2882,0.1053048297703879,0.1125541125541125,0.2636579572446555,0.4819213512800211,0.1277381894959092,0.1359197677487463,0.0263921879123779,0.2372657693322776,0.8403272631301135,0.0467141726049089,0.0498812351543943,0.3027183953549749,0.1055687516495117,0.1617841119028767,0.0245447347585114,0.0232251253628925,0.007125890736342,0.9292689363948272,0.0158353127474267,0.0,0.9780033840947546,0.978849407783418,0.9974619289340102,0.1455160744500846,0.6279461279461279,0.803030303030303,0.6826599326599326,0.4031986531986532,0.0404040404040404,34.88341506906108,0.1986254911476519,-0.0634407766377589
50-160,Belisario Quevedo,Quito,0,0.739962622914521,1887.644651054943,2551,0.1354105998835177,0.1512169860176074,0.2699475829935935,0.488351776354106,0.1327897495631916,0.1371578334304018,0.0343622597553873,0.2355853232382061,0.7699475829935934,0.0786255096097845,0.0331974373907979,0.2434478741991846,0.1007571345369831,0.2058823529411764,0.0492137449039021,0.0512521840419336,0.006697728596389,0.8736167734420501,0.0192195690157251,0.0,0.9704761904761904,0.9933333333333332,0.9971428571428572,0.1152380952380952,0.488328664799253,0.7945845004668534,0.6601307189542484,0.2894491129785247,0.0401493930905695,40.94920946756999,0.1276182278031365,-0.0107250325405368
50-345,Solanda,Quito,3,0.5562233385704759,1886.153341092484,3391,0.0523105794041754,0.128565160157964,0.2341772151898734,0.4849976558837318,0.1183778715424285,0.1157993436474449,0.0126582278481012,0.2212845757149554,0.8323956868260666,0.057430848570089,0.0534458509142053,0.3066104078762307,0.1228316924519456,0.1317393342709798,0.0107829348335677,0.0194561650257852,0.0042194092827004,0.9481950304735116,0.0168776371308016,0.0004688232536333,0.9942279942279942,0.997835497835498,0.997835497835498,0.0728715728715728,0.513978494623656,0.8408602150537634,0.6530465949820788,0.2810035842293907,0.0172043010752688,84.92866476553459,0.0645608526348941,-0.0173963260527172
50-342,Solanda,Quito,0,0.5562233385704759,1884.4846710767724,3388,0.1844097995545657,0.1223340040241448,0.2573333333333333,0.4948888888888889,0.1282222222222222,0.1291111111111111,0.0511111111111111,0.206,0.8048888888888889,0.0535555555555555,0.0391111111111111,0.2882222222222222,0.0982222222222222,0.1613333333333333,0.1948888888888889,0.0237777777777777,0.012,0.7482222222222222,0.0202222222222222,0.0008888888888888,0.9621472814865796,0.992429456297316,0.9958706125258088,0.1383344803854095,0.4027118644067796,0.704406779661017,0.5213559322033898,0.2840677966101695,0.0766101694915254,89.3629651007064,0.1077680384748617,-0.0304215549172067
50-352,La Mena,Quito,3,0.5097212626751959,1881.381180534148,3691,0.0719517449375269,0.1073267326732673,0.2429987074536837,0.4821197759586385,0.1217147781128823,0.1212839293408013,0.0215424386040499,0.2214562688496338,0.8588970271434726,0.0433003015941404,0.0458853942266264,0.3881947436449806,0.1505816458423093,0.1227919000430848,0.0112020680741059,0.0157259801809564,0.0034467901766479,0.9538991813873332,0.0135717363205514,0.0021542438604049,0.983016304347826,0.9972826086956522,0.9993206521739132,0.0910326086956521,0.5283783783783784,0.845945945945946,0.7439189189189189,0.4263513513513513,0.0216216216216216,61.75642394150579,0.1105355079006563,-0.0172674626371713
50-220,Itchimbia,Quito,3,0.6569341948950823,1878.1748632050403,2859,0.1028985507246376,0.1237322515212981,0.2442770211532889,0.4737757171834251,0.1208345407128368,0.123442480440452,0.0272384815995363,0.2170385395537525,0.8296146044624746,0.0559258186033033,0.0567951318458417,0.3567082005215879,0.1547377571718342,0.1286583598956824,0.022022602144306,0.0312952767313822,0.0046363372935381,0.9179947841205448,0.0240509997102289,0.0,0.962510897994769,0.996512641673932,0.996512641673932,0.1778552746294681,0.5299657534246576,0.7928082191780822,0.6686643835616438,0.3142123287671233,0.0316780821917808,68.81766789249392,0.1259548227968738,-0.0186105533479255
84-009,Tumbaco,Tumbaco,3,0.4730001215193621,1877.8104824318675,3970,0.1307692307692307,0.0725314183123878,0.2217212311311507,0.4653989413840423,0.1007645559694177,0.1209566751617329,0.028425798862968,0.1932954322681827,0.8343462066261518,0.0570476377180944,0.040188198392472,0.3652225053910998,0.1619290335228386,0.1458537541658498,0.0219564791217408,0.0307782787688688,0.0096059596157616,0.888845324446187,0.0486179180552832,0.0001960399921584,0.9494097807757168,0.955593029792018,0.995503091624508,0.1214165261382799,0.5440763615946098,0.8079730488489613,0.6709713644020213,0.46378439079169,0.025828186412128,33.084406763170634,0.2012025110766725,-0.0636660641189726
56-001,Conocoto,Conocoto,0,0.6560741982143916,1868.4993165145872,2848,0.1473518615626638,0.1163245356793743,0.2758259045621395,0.4908232826428946,0.1386995280545359,0.1371263765076035,0.0395909805977975,0.2362349239643419,0.7535395909805978,0.0909805977975878,0.045883586785527,0.2464604090194022,0.0943890928159412,0.2118510749868904,0.0448348190875721,0.0091767173571054,0.0083901415836392,0.928421604614578,0.0091767173571054,0.0,0.9527629233511586,0.9866310160427808,0.998217468805704,0.1934046345811051,0.5333333333333333,0.6973684210526315,0.5736842105263158,0.2719298245614035,0.0464912280701754,38.57757812198343,0.1830359176972283,-0.0577591446734791
50-259,Chimbacalle,Quito,3,0.5522640413984111,1867.204723968028,3381,0.0537607891491985,0.0975609756097561,0.2445759368836292,0.4785502958579881,0.1222879684418146,0.1222879684418146,0.0120808678500986,0.2324950690335305,0.8414694280078896,0.0520216962524654,0.0374753451676528,0.4018737672583826,0.1395463510848126,0.0991124260355029,0.0029585798816568,0.0226824457593688,0.003698224852071,0.95069033530572,0.0189842209072978,0.0009861932938856,0.9833910034602076,0.9916955017301038,0.995847750865052,0.0470588235294117,0.4892881824464409,0.866620594333103,0.736696613683483,0.3607463718037318,0.0158949550794747,73.16530835312024,0.0684358517810412,-0.0219333859454824
50-059,Cochapamba,Quito,0,0.595393783686324,1860.6055740197623,3125,0.1536675951717734,0.1521933751119069,0.2824321188210721,0.4903689951264794,0.1373868647017869,0.1450452541192852,0.0436296124390809,0.2388025063819912,0.7551636110466465,0.0872592248781619,0.0373636574611278,0.1559526572290554,0.0459503365049895,0.2044557902065444,0.1914597354374564,0.0478069157577164,0.0085866790438616,0.7426317010907403,0.0095149686702251,0.0,0.984567901234568,0.9899691358024691,0.9976851851851852,0.2121913580246913,0.5603975535168195,0.6483180428134556,0.4266055045871559,0.2102446483180428,0.0619266055045871,39.24177746242947,0.072819810236588,-4.058491718597121e-05
50-343,Solanda,Quito,3,0.5562233385704759,1860.0108441796715,3344,0.0644624167459562,0.1258366800535475,0.2519029495718363,0.4774024738344434,0.1286869647954329,0.1232159847764034,0.0173644148430066,0.2345385347288296,0.8629876308277831,0.0447193149381541,0.0504281636536631,0.3097050428163653,0.121313035204567,0.1215509039010466,0.0111798287345385,0.0149857278782112,0.0052331113225499,0.9564700285442436,0.0121313035204567,0.0,0.991905813097866,0.9985283296541576,0.9992641648270788,0.0294334069168506,0.4677891654465593,0.8418740849194729,0.6822840409956076,0.3030746705710102,0.0197657393850658,108.500421943394,0.0982082861099616,-0.0320345291142882
55-012,Calderón,Calderón,0,0.3407930202813737,1858.6851326146125,5454,0.1644090305444887,0.1864773820981713,0.2644013804088134,0.4814175736660472,0.1256968409875232,0.1387045394212901,0.0416777276347225,0.2224581895407486,0.7590921157419698,0.0796389700026546,0.0354393416511813,0.2366604725245553,0.0822936023360764,0.1821077780727369,0.0633129811521104,0.0639766392354658,0.0083620918502787,0.8512078577117069,0.0128749668170958,0.0002654632333421,0.9241288045875606,0.945302161446846,0.9964711071901192,0.1729157476841641,0.5631832094446874,0.7481416703104504,0.5579361609094884,0.3183209444687363,0.0424136423261915,33.21295974998962,0.1131882493861884,-0.0497330382578999
56-030,Conocoto,Conocoto,3,0.6560741982143916,1858.002129343157,2832,0.0934294427502079,0.1040164778578784,0.2350984197393956,0.4970889936235098,0.1186581646797893,0.1164402550596063,0.0227335736068755,0.2123648461325201,0.8818963127252565,0.0263376767396728,0.0227335736068755,0.4513446077072359,0.1871361242029387,0.1194898807873579,0.0160798447463265,0.0094261158857776,0.0044358192403659,0.9487108400332688,0.0213473800942611,0.0,0.941541186891054,0.9441984056687334,0.9973427812223208,0.0823737821080602,0.7546337157987644,0.8755516328331863,0.7802294792586054,0.6390114739629302,0.0132391879964695,23.15292744611571,0.2550078200633403,-0.0783881170699896
50-124,San Isidro Del Inca,Quito,1,0.6525392962564884,1856.4742978497093,2845,0.0489610019925989,0.0515106488360574,0.2166239681184173,0.4779390834044976,0.112154853401651,0.1044691147167663,0.00910902362653,0.2075149444918873,0.9109023626530032,0.0162254483347566,0.0304582977512097,0.5994876174210076,0.3299174494733846,0.0594933105607742,0.0105323085681753,0.0125249074864787,0.004554511813265,0.9060631938514092,0.0657557643040136,0.0005693139766581,0.9784172661870504,0.9960031974420464,0.9992006394884092,0.026378896882494,0.5915267785771383,0.929656274980016,0.8792965627498002,0.7585931254996003,0.0031974420463629,68.56302650351273,0.0792310554103696,-0.0101245840037856
50-195,Itchimbia,Quito,3,0.6569341948950823,1853.8682979939224,2822,0.0887537993920972,0.0739968733715476,0.2357945913096323,0.4576116681859617,0.1194165907019143,0.116378000607718,0.0191431175934366,0.216347614706776,0.8656943178365238,0.0543907626861136,0.0714068672136128,0.5278030993618961,0.2370100273473108,0.0905499848070495,0.0203585536311151,0.0161045274992403,0.0072926162260711,0.9137040413248252,0.0422364023093284,0.0003038590094196,0.9446640316205532,0.983399209486166,0.9960474308300395,0.0932806324110672,0.4732350659425912,0.8588052754072925,0.7711404189294027,0.373933281613654,0.0131885182311869,66.297242702908,0.0749258602486243,-0.0372000236335625
50-258,Chimbacalle,Quito,3,0.5522640413984111,1847.3232184776853,3345,0.0666990055784622,0.0814717477003942,0.214978187106156,0.4857004362578769,0.1107610276296655,0.1042171594764905,0.0126030053320407,0.2023751817741153,0.868637905962191,0.0392632089190499,0.0346582646631119,0.4238972370334464,0.1759573436742607,0.0833737275811924,0.0055744062045564,0.018904507998061,0.0063015026660203,0.9292292777508484,0.0399903053805138,0.0,0.9761751448808758,0.990985189954926,0.9980682549903412,0.0354153251770766,0.5089743589743589,0.8512820512820513,0.7506410256410256,0.4128205128205128,0.0128205128205128,76.71362589128343,0.0974541588728887,-0.0238942837294246
50-230,Puengasi,Quito,3,0.5588902870852502,1847.132398816752,3305,0.0909522678698646,0.1510524143623607,0.2671574447874614,0.486582759439563,0.1306103063405367,0.1365471384469247,0.028259320826407,0.2388981239610544,0.8522916171930658,0.0458323438613156,0.0306340536689622,0.3526478271194491,0.1408216575635241,0.1529327950605556,0.0645927333175017,0.0154357634766088,0.0106862977914984,0.8962241747803372,0.0128235573497981,0.0002374732842555,0.964767616191904,0.9940029985007496,0.9992503748125936,0.0689655172413793,0.5085374907201188,0.8210838901262064,0.7060133630289532,0.414996288047513,0.0252412769116555,57.77216602705981,0.1389285487617063,-0.0455285932937662
50-308,San Bartolo,Quito,3,0.5424180635817769,1843.136580050878,3398,0.0991507918292403,0.1349274124679761,0.2342961944062356,0.4864740944520862,0.1217331499312242,0.1125630444750114,0.025905547913801,0.2083906464924346,0.8200366804218249,0.0685465382851902,0.0563961485557083,0.3521320495185694,0.1474094452086199,0.1141678129298486,0.0176524530032095,0.0160476845483723,0.0045850527281063,0.948188904172398,0.0132966529115084,0.0002292526364053,0.9523121387283237,0.9927745664739884,0.9992774566473988,0.1033236994219653,0.496040316774658,0.8020158387329014,0.687544996400288,0.4204463642908567,0.0266378689704823,65.29576855339673,0.0880125380305872,-0.011390698568413
50-188,Belisario Quevedo,Quito,3,0.739962622914521,1838.807117942585,2485,0.0580310880829015,0.0669772859638905,0.2589531680440771,0.4517906336088154,0.1136363636363636,0.1453168044077135,0.0151515151515151,0.2431129476584022,0.9046143250688704,0.0272038567493112,0.0416666666666666,0.5971074380165289,0.2861570247933884,0.0736914600550964,0.0175619834710743,0.0137741046831955,0.0096418732782369,0.8657024793388429,0.0922865013774104,0.0010330578512396,0.974820143884892,0.9964028776978416,1.0,0.0503597122302158,0.4825425246195166,0.8970456580125336,0.8460161145926589,0.5237242614145031,0.0107430617726051,103.57520571031849,0.106787447010994,-0.0245354282349854
50-106,La Concepcion,Quito,1,0.9022860484298614,1833.4452504094784,2032,0.0425980598903416,0.0707442888725129,0.2005054759898905,0.4764111204717776,0.1006739679865206,0.0998315080033698,0.0092670598146588,0.1908171861836562,0.892586352148273,0.0244313395113732,0.0425442291491154,0.5665543386689132,0.2746419545071609,0.0686604886267902,0.006318449873631,0.0134793597304128,0.0101095197978096,0.8837405223251895,0.086352148272957,0.0,0.987885462555066,0.9933920704845814,1.0,0.039647577092511,0.5410733844468785,0.8806133625410734,0.7842278203723987,0.5345016429353778,0.0076670317634173,70.49806413001058,0.0536696609565212,-0.0069360388078375
50-419,Chillogallo,Quito,2,0.4561716622492717,1831.0730522685765,4014,0.1264073694984646,0.2013162988772744,0.2835209825997953,0.4767997270556124,0.1403957693619925,0.1431252132378028,0.0354827703855339,0.2480382122142613,0.644660525417946,0.1581371545547594,0.0892186966905493,0.1479017400204708,0.0416240191061071,0.1767314909587171,0.1830433299215285,0.0279767997270556,0.004776526782668,0.7768679631525077,0.0073353804162401,0.0,0.9687108886107636,0.9968710888610764,0.9943679599499374,0.0907384230287859,0.3660658794282163,0.6761963952765693,0.4021131137352393,0.1709136109384711,0.0186451211932877,39.49933917463319,0.1173024576861036,-0.0351245933717817
50-282,Chilibulo,Quito,0,0.5650943898372349,1830.340728682804,3239,0.1156867412520828,0.07945463093559,0.258323494687131,0.4746162927981109,0.1289256198347107,0.1293978748524203,0.0283353010625737,0.2288075560802833,0.787012987012987,0.089728453364817,0.0514757969303423,0.2807556080283353,0.0953955135773317,0.1688311688311688,0.0342384887839433,0.0264462809917355,0.0037780401416765,0.9208972845336482,0.0146399055489964,0.0,0.9593246354566384,0.9992325402916348,0.9992325402916348,0.1527244819646968,0.4684889901290812,0.7425968109339408,0.5694760820045558,0.2604403948367502,0.034927866362946,50.249067067556894,0.1228857916113133,-0.0214649649006337
50-323,La Mena,Quito,0,0.5097212626751959,1829.8993330039532,3590,0.0951553334781664,0.1513292433537832,0.2678687812296328,0.4742559200521399,0.1346947642841625,0.1331740169454703,0.0243319574190745,0.2435368238105583,0.7940473604171193,0.0784271127525526,0.0721268737779708,0.2750380186834673,0.0942863349989137,0.1403432543993048,0.0097762328915924,0.0199869650228112,0.0058657397349554,0.940908103410819,0.0225939604605691,0.0008689984792526,0.985665529010239,0.9965870307167236,0.9993174061433449,0.1399317406143344,0.5331978319783198,0.806910569105691,0.6314363143631436,0.2872628726287263,0.0304878048780487,38.92932329738841,0.1279373288559595,-0.0241612482887147
50-033,Carcelen,Quito,0,0.6797486997336066,1829.2037509831357,2691,0.1224489795918367,0.1506702412868632,0.2636514065085493,0.4801434087148373,0.1321014892443464,0.1315499172642029,0.0333701047986762,0.2302813017098731,0.7917815774958632,0.0692222835079977,0.0441257584114727,0.229453943739658,0.0805295091009376,0.1610590182018753,0.0173745173745173,0.0965250965250965,0.0077220077220077,0.8560397131825703,0.022338665195808,0.0,0.9910071942446044,0.9991007194244604,0.9982014388489208,0.0836330935251798,0.4392191659272405,0.8118899733806566,0.554569653948536,0.290150842945874,0.0532386867790594,42.53738107731204,0.1075167519984845,-0.0296366777768939
50-328,Solanda,Quito,3,0.5562233385704759,1826.637443865443,3284,0.0484140233722871,0.1390051139005114,0.2259833134684147,0.4686531585220501,0.1151370679380214,0.1108462455303933,0.0100119189511323,0.2157330154946364,0.8381406436233612,0.0412395709177592,0.0567342073897497,0.3387365911799762,0.133015494636472,0.0927294398092967,0.0138259833134684,0.0157330154946364,0.0054827175208581,0.9523241954707986,0.0126340882002383,0.0,0.9895031490552834,0.9958012596221134,0.9972008397480756,0.0223932820153953,0.5555555555555556,0.8532494758909853,0.7092941998602376,0.3109713487071978,0.0090845562543675,86.77515018229583,0.1308017997830951,-0.0207624898573241
50-391,Quitumbe,Quito,3,0.4547381971983855,1823.500170765526,4010,0.0495739736638264,0.0981921304501949,0.2707856598016781,0.4792143401983219,0.1323417238749046,0.1384439359267734,0.0165903890160183,0.2429443173150267,0.8600305110602593,0.0375667429443173,0.0409992372234935,0.3590770404271548,0.1413043478260869,0.1229977116704805,0.0183066361556064,0.0339435545385202,0.0184973302822273,0.9071319603356216,0.0221205186880244,0.0,0.98375,0.993125,0.99875,0.025625,0.4205955334987593,0.836848635235732,0.7574441687344913,0.4100496277915633,0.009925558312655,65.65205341739878,0.141438773331266,-0.0148998739498155
84-006,Tumbaco,Tumbaco,1,0.4730001215193621,1822.9424683356212,3854,0.0601861427094105,0.0465204236006051,0.2018614270941054,0.4773526370217166,0.0984488107549121,0.1034126163391933,0.0126163391933815,0.1892450879007239,0.8891416752843847,0.0380558428128231,0.0386763185108583,0.4996897621509824,0.2533609100310238,0.0990692864529472,0.0136504653567735,0.0229576008273009,0.0062047569803516,0.8364012409513961,0.1145811789038262,0.0062047569803516,0.9875156054931336,0.951310861423221,0.9987515605493134,0.0805243445692883,0.6127633209417596,0.8853779429987608,0.7843866171003717,0.6697645600991325,0.0185873605947955,37.01551351905133,0.200673502902048,-0.0537073870992694
50-191,Mariscal Sucre,Quito,1,0.7243722905338109,1820.347566111467,2513,0.1651673263763944,0.055198285101822,0.2585714285714285,0.4496428571428571,0.115,0.1435714285714285,0.0407142857142857,0.2171428571428571,0.9292857142857144,0.0192857142857142,0.0396428571428571,0.7321428571428571,0.4046428571428571,0.0314285714285714,0.0110714285714285,0.0107142857142857,0.0082142857142857,0.8903571428571428,0.0778571428571428,0.0017857142857142,0.8406515580736544,0.9978753541076488,0.9992917847025496,0.0240793201133144,0.5262793914246197,0.9370677731673582,0.901106500691563,0.5822959889349931,0.0027662517289073,129.93113257450128,0.0779776570072673,-0.0185416057331011
84-001,Tumbaco,Tumbaco,2,0.4730001215193621,1818.6854672419472,3845,0.2252926501631164,0.1201451905626134,0.2577240452888121,0.483976204183458,0.1247361350988294,0.1329879101899827,0.0577624256380733,0.1999616196507388,0.6754941469967377,0.1297255805027825,0.0525810784878142,0.2185760890424103,0.0775283055075801,0.2229898292074457,0.0426021876799078,0.0320475916330838,0.01400882748033,0.8946459412780656,0.0166954519286125,0.0,0.8822284908321579,0.8970380818053597,0.9978843441466856,0.2447108603667137,0.6104768300873069,0.6722632639355272,0.4909335124244459,0.2948287441235728,0.051040967092008,17.189074452630283,0.2302726060883681,-0.0823713952086851
50-330,Solanda,Quito,3,0.5562233385704759,1814.4005304168925,3262,0.0551623138882108,0.0824842309558466,0.2445691969733951,0.484012692213815,0.1257017329753478,0.1188674639980473,0.0117158896753722,0.2328533072980229,0.8662435928728338,0.0358799121308274,0.0534537466438857,0.3302416402245545,0.1220405174517939,0.1100805467415181,0.0114718086404686,0.0139126189895045,0.0095191603612399,0.9387356602391994,0.0263607517695875,0.0,0.9948642699926632,0.9955979457079972,0.9977989728539984,0.0308143800440205,0.5182748538011696,0.8874269005847953,0.7251461988304093,0.2785087719298245,0.0211988304093567,98.96834104424282,0.0795723613640148,-0.0176248884078928
84-015,Tumbaco,Tumbaco,2,0.4730001215193621,1804.4954635963663,3815,0.1843273499324454,0.0816399286987522,0.273972602739726,0.4817673162261238,0.133513409222458,0.140459193517268,0.048427551611036,0.2255450511286899,0.7451283040710014,0.0839282268956203,0.0574956588848157,0.2409801273393787,0.090488134285163,0.2263168049392243,0.0650202585375265,0.0179432760949257,0.0067528458421763,0.8884815743777735,0.0218020451475979,0.0,0.9044430919050518,0.9567863664029216,0.996956786366403,0.2239805234327449,0.4704463208685163,0.6791314837153196,0.5271411338962606,0.327503015681544,0.0482509047044632,29.27517686523167,0.1868723227465509,-0.0583378867825412
50-100,Cochapamba,Quito,3,0.595393783686324,1799.8754080837575,3023,0.1188068756319514,0.1122308749427393,0.2477249747219413,0.4840748230535895,0.1271486349848331,0.1205763397371081,0.0278058645096056,0.2199191102123357,0.8260869565217391,0.0505561172901921,0.03159757330637,0.3665318503538928,0.1359959555106167,0.1251263902932254,0.0283114256825075,0.0164307381193124,0.0088473205257836,0.9223963599595552,0.0237613751263902,0.0002527805864509,0.9682779456193352,0.9962235649546828,1.0,0.0959214501510574,0.5643340857787811,0.8021068472535741,0.6313017306245298,0.4499623777276147,0.0338600451467268,32.04689717988437,0.1161206478741904,-0.0082820191549164
50-111,Cochapamba,Quito,1,0.595393783686324,1799.2800143000711,3022,0.2394145321484579,0.0789014821272885,0.2143230527966544,0.4798745426032409,0.1050705697856769,0.1092524830109775,0.0418191322530057,0.1725039205436487,0.876633559853633,0.0334553058024046,0.034762153685311,0.4709879769994772,0.2692106638787245,0.1189231573444851,0.0316257187663355,0.0263983272347098,0.0083638264506011,0.861996863565081,0.0687401986408782,0.0028750653423941,0.8044572250179727,0.9906542056074766,0.9992810927390366,0.0697340043134435,0.5978494623655914,0.8731182795698925,0.8014336917562724,0.6050179211469534,0.025089605734767,40.747535954251816,0.1309490050923077,-0.0170546708189917
84-010,Tumbaco,Tumbaco,3,0.4730001215193621,1795.035461165979,3795,0.1471477524692602,0.0653211009174312,0.2473291675065511,0.4793388429752066,0.1273936706309212,0.1199354968756299,0.038701874622052,0.2086272928844991,0.8127393670630921,0.0600685345696432,0.0497883491231606,0.3301753678693812,0.1509776254787341,0.1773835920177383,0.0215682322112477,0.0199556541019955,0.0102801854464825,0.9018343075992744,0.0461600483773432,0.0002015722636565,0.9265402843601896,0.8880331753554502,0.998222748815166,0.1889810426540284,0.5577830188679245,0.78125,0.6385613207547169,0.3974056603773584,0.0330188679245283,38.07546857256275,0.2001896375501014,-0.0656401487230242
50-178,Iñaquito,Quito,1,0.9090664173086987,1790.8608420981366,1970,0.2491968793024323,0.0351506456241033,0.1277955271565495,0.4509356458238247,0.0556823368324965,0.0721131903240529,0.0282975810132359,0.0994979461433135,0.9073482428115016,0.0296668188041989,0.0410771337288909,0.6964856230031949,0.3838429940666362,0.0524874486535828,0.0095846645367412,0.0123231401186672,0.0073026015518028,0.7503423094477407,0.2145139205842081,0.0059333637608397,0.780281690140845,0.9896713615023476,1.0,0.0103286384976525,0.6043030869971936,0.95977549111319,0.9092609915809168,0.7951356407857811,0.0018709073900841,100.59877628588494,0.0898156604237956,-0.0047465534686108
56-020,Conocoto,Conocoto,3,0.6560741982143916,1787.1461159360028,2724,0.1074235807860262,0.1020833333333333,0.234061135371179,0.468122270742358,0.1106259097525473,0.1234352256186317,0.0218340611353711,0.2122270742358078,0.858806404657933,0.0486171761280931,0.0585152838427947,0.4122270742358078,0.1831149927219796,0.1179039301310043,0.0107714701601164,0.0101892285298398,0.009315866084425,0.9394468704512372,0.0291120815138282,0.0011644832605531,0.9615384615384616,0.9892665474060824,0.998211091234347,0.0983899821109123,0.6360485268630849,0.8275563258232236,0.7400346620450606,0.4852686308492201,0.0164644714038128,42.045250289106136,0.1737695780086322,-0.0594275792813855
50-207,San Juan,Quito,2,0.6029606041892865,1785.969309608667,2962,0.2437606009207656,0.1077730090605627,0.2735643324448752,0.4853404409983038,0.128664889750424,0.1448994426944511,0.0712381875454325,0.2023261448994427,0.6297552701720378,0.1618609159195541,0.0358614005330748,0.1885146595590017,0.0535497940392536,0.2185606978434698,0.1771262418221468,0.0116307244972134,0.0024230676035861,0.7986430821419918,0.0101768839350617,0.0,0.903654485049834,0.9916943521594684,0.9975083056478404,0.2624584717607973,0.4551333872271625,0.6014551333872271,0.4430072756669361,0.2182700080840743,0.0921584478577202,47.3614001218447,0.1395808381898626,-0.0283857209593355
77-003,Pomasqui,Pomasqui,3,0.596056600668248,1781.0171227967248,2988,0.1139571353894406,0.0931615460852329,0.2354939884997386,0.4683742812336644,0.1178776790381599,0.1176163094615786,0.0277051751176163,0.2077888133821223,0.8397804495556718,0.0611604809200209,0.042080501829587,0.3238369053842133,0.1419236800836382,0.1586513329848405,0.0086251960271824,0.0386826973340303,0.0078410872974385,0.9226346053319394,0.0222164140094093,0.0,0.9671440606571188,0.924178601516428,0.9991575400168492,0.134793597304128,0.642620232172471,0.8192371475953566,0.6824212271973465,0.3971807628524046,0.0223880597014925,28.010577766182497,0.1288541241221021,-0.0392734348309775
50-375,Chillogallo,Quito,0,0.4561716622492717,1766.29667622918,3872,0.126749300279888,0.1513254786450662,0.2632946821271491,0.4930027988804478,0.133546581367453,0.1297481007596961,0.0293882447021191,0.2339064374250299,0.8248700519792083,0.0635745701719312,0.0459816073570571,0.2782886845261895,0.0969612155137944,0.1755297880847661,0.0169932027189124,0.039984006397441,0.0071971211515393,0.9224310275889644,0.0127948820471811,0.0005997600959616,0.930125247198418,0.989452867501648,0.997363216875412,0.1054713249835201,0.5765472312703583,0.7856677524429967,0.6293159609120521,0.30814332247557,0.0234527687296416,56.37749988692148,0.126119679253153,-0.0274066010655784
50-151,Iñaquito,Quito,1,0.9090664173086987,1765.4069824134929,1942,0.0711711711711711,0.0403682719546742,0.1783783783783784,0.4536036036036036,0.0833333333333333,0.095045045045045,0.0117117117117117,0.1666666666666666,0.9369369369369368,0.0144144144144144,0.0346846846846846,0.654054054054054,0.3310810810810811,0.0472972972972973,0.0013513513513513,0.0072072072072072,0.004054054054054,0.8743243243243243,0.1103603603603603,0.0027027027027027,0.9526431718061674,0.9966960352422908,1.0,0.0077092511013215,0.6853070175438597,0.9703947368421052,0.9111842105263158,0.7817982456140351,0.0010964912280701,72.0749641277172,0.1036470420260052,-0.0139121056697506
50-167,Belisario Quevedo,Quito,1,0.739962622914521,1761.8510051594744,2381,0.0457657657657657,0.0758620689655172,0.189344852411807,0.4442044636429085,0.0899928005759539,0.0993520518358531,0.009719222462203,0.179625629949604,0.8876889848812095,0.0374370050395968,0.0608351331893448,0.6292296616270698,0.3045356371490281,0.0550755939524838,0.0161987041036717,0.0219582433405327,0.0082793376529877,0.8671706263498921,0.0849532037437005,0.0014398848092152,0.974169741697417,0.9972324723247232,0.9972324723247232,0.0387453874538745,0.6081447963800904,0.9149321266968324,0.8597285067873304,0.6497737556561086,0.0090497737556561,69.60351616550207,0.0870274062989436,-0.0064513430263708
50-291,San Bartolo,Quito,3,0.5424180635817769,1744.9589105425764,3217,0.0394228291677402,0.112289156626506,0.2312820512820513,0.482051282051282,0.1228205128205128,0.1084615384615384,0.0079487179487179,0.2207692307692307,0.8507692307692307,0.0576923076923076,0.0341025641025641,0.4,0.153076923076923,0.1069230769230769,0.0053846153846153,0.0151282051282051,0.0051282051282051,0.946923076923077,0.0274358974358974,0.0,0.9871794871794872,0.995475113122172,0.9969834087481146,0.1040723981900452,0.532258064516129,0.8460410557184751,0.7316715542521994,0.3211143695014662,0.0080645161290322,79.13683901335064,0.0669459629045008,-0.0178498977702538
50-102,Cochapamba,Quito,0,0.595393783686324,1743.908392417243,2929,0.1435025245814509,0.0823638901814797,0.2668083975551422,0.4876428381610417,0.1360616529364868,0.1307467446186553,0.0385330853042785,0.2282753122508636,0.7940473026840287,0.0510231198511825,0.036938612808929,0.3313845336167951,0.1419080520861015,0.1894764815306936,0.0725484985384002,0.0294977411639649,0.0066436353972893,0.8570289662503322,0.0342811586500132,0.0,0.9313099041533548,0.9832268370607028,0.992811501597444,0.1469648562300319,0.5251177394034537,0.7896389324960753,0.6585557299843015,0.4034536891679748,0.0313971742543171,28.01761890956333,0.1408462767845958,-0.0141681142946453
55-011,Calderón,Calderón,0,0.3407930202813737,1742.8155057189451,5114,0.1452673720331712,0.1414419372592185,0.2809598628767319,0.4916440508498786,0.1338380231395514,0.1471218397371804,0.0387087558920154,0.2422511069847164,0.7706041994000857,0.0868447364662191,0.0444222253963719,0.229824310812741,0.0668475932009712,0.1892586773318097,0.065562062562491,0.1101271246964719,0.0088558777317526,0.8034566490501357,0.0119982859591486,0.0,0.9577744659711872,0.972180824639841,0.9955290611028316,0.1316443119721808,0.5492125984251969,0.7490157480314961,0.5733267716535433,0.3169291338582677,0.0536417322834645,35.961879608442445,0.1091709220768014,-0.0335400422847406
50-267,Puengasi,Quito,3,0.5588902870852502,1739.825463696384,3113,0.1307206068268015,0.0928308823529411,0.2472194135490394,0.4924165824064712,0.1294236602628918,0.1177957532861476,0.0356420626895854,0.211577350859454,0.8326592517694641,0.0624368048533872,0.0561172901921132,0.3344287158746208,0.1420626895854398,0.1481294236602628,0.0151668351870576,0.018958543983822,0.0065722952477249,0.9380687563195148,0.0197168857431749,0.0015166835187057,0.943606036536934,0.9729944400317712,0.9968228752978554,0.1119936457505957,0.5777426992896606,0.7892659826361483,0.6614048934490924,0.3985793212312549,0.0284135753749013,51.30428279822981,0.143321356162505,-0.0559566015358096
50-260,La Ferroviaria,Quito,3,0.4555273984929733,1733.2817512657634,3805,0.0766638584667228,0.0980465815176559,0.2395285203115133,0.4784255946116607,0.1292359503262471,0.1102925699852662,0.0172595243106714,0.2222689960008419,0.8467691012418438,0.0606188170911387,0.0482003788676068,0.3809724268575037,0.1690170490423068,0.1389181225005262,0.0130498842348979,0.0267312144811618,0.0046306040833508,0.9296990107345822,0.0258892864660071,0.0,0.972045743329098,0.9968233799237612,0.9993646759847522,0.1029224904701397,0.5424050632911392,0.8145569620253165,0.6879746835443038,0.3873417721518987,0.0221518987341772,63.35014979803741,0.0981979265580029,-0.027627693139714
50-253,La Magdalena,Quito,3,0.6430492555885968,1731.7316453000913,2693,0.0605304212168486,0.0698070374574347,0.2385975798945082,0.4762643499844865,0.1250387837418554,0.1135587961526528,0.0183059261557555,0.2202916537387527,0.8628606887992554,0.0518150791188333,0.0459199503568104,0.4654049022649705,0.1973316785603475,0.10487123797704,0.0077567483710828,0.0111697176543592,0.0037232392181197,0.9469438411417932,0.0304064536146447,0.0,0.9611562782294488,0.994579945799458,0.998193315266486,0.0921409214092141,0.5,0.8389982110912343,0.7522361359570662,0.4293381037567084,0.0125223613595706,91.21762420336408,0.1245804187172935,-0.0359939150889319
50-265,Puengasi,Quito,0,0.5588902870852502,1725.8532065192528,3088,0.1086407276402223,0.1124234470691163,0.2791814047498737,0.4946942900454775,0.1467913087417887,0.1323900960080848,0.0346134411318847,0.2445679636179888,0.8145528044466902,0.0646791308741788,0.0389085396664982,0.3746841839312784,0.1619504800404244,0.1609398686205154,0.0237493683678625,0.0156644770085901,0.0106114199090449,0.935068216270844,0.0146538655886811,0.0002526528549772,0.9735537190082644,0.9760330578512396,0.9983471074380166,0.0628099173553719,0.5651105651105651,0.7772317772317773,0.6838656838656839,0.4324324324324324,0.0294840294840294,44.2905880714375,0.1827889302570636,-0.0412205970791787
55-049,Calderón,Calderón,0,0.3407930202813737,1724.0718896034696,5059,0.1220127653258126,0.0994609164420485,0.2508902077151335,0.4916913946587537,0.1253709198813056,0.1255192878338279,0.0267062314540059,0.2241839762611276,0.8074183976261128,0.0673590504451038,0.0409495548961424,0.3040059347181009,0.1179525222551928,0.1685459940652819,0.0707715133531157,0.0313056379821958,0.0124629080118694,0.8670623145400593,0.0161721068249258,0.0022255192878338,0.9375,0.9780534351145038,0.9990458015267176,0.1288167938931297,0.5633537447008949,0.785209609043806,0.6457842675459255,0.4154498351389543,0.0292039566650965,39.36268371740977,0.1130113207962402,-0.0435927073592501
50-057,Cochapamba,Quito,2,0.595393783686324,1721.2834286371626,2891,0.2164308761479275,0.157644824311491,0.2695994101744901,0.4782501843204718,0.1292700909314328,0.1403293192430572,0.0508724502334725,0.214794789874662,0.6682231506512657,0.1189481445072499,0.0579995084787417,0.1703121159990169,0.038584418776112,0.1993118702383878,0.1818628655689358,0.0545588596706807,0.0036864094372081,0.7552224133693782,0.004669451953797,0.0,0.9230145867098866,0.9627228525121556,0.9983792544570502,0.1952998379254457,0.5336,0.6296,0.428,0.1928,0.0768,21.92062218560113,0.1192215870062694,-0.0157877628335341
50-058,Cochapamba,Quito,2,0.595393783686324,1709.9709467471223,2872,0.2133265771472004,0.1558507920286152,0.288066886242716,0.4834051178109957,0.1418799087914872,0.1461869774512287,0.061565746136306,0.2265011401064099,0.5860146947048391,0.1548011147707119,0.0760070939954395,0.1570813275905751,0.0488978971370661,0.2194071446668355,0.1013427919939194,0.095515581454269,0.0038003546997719,0.7942741322523436,0.0050671395996959,0.0,0.9513014273719564,0.9722921914357684,0.9890848026868178,0.2460117548278757,0.4800995024875621,0.5787728026533997,0.357379767827529,0.1393034825870646,0.0754560530679933,25.475178956985477,0.1129225840571949,-0.0063832484784613
50-066,Ponceano,Quito,3,0.7431848799055887,1701.893374983798,2290,0.0750543872371283,0.094375,0.2329852358660425,0.4692113791861721,0.1184731724882967,0.1145120633777457,0.0165646380986676,0.215700396110911,0.8696435001800504,0.05293482175009,0.0662585523946705,0.4587684551674469,0.1814908174288801,0.1015484335613971,0.0234065538350738,0.026287360460929,0.0144040331292761,0.89413035649982,0.0388908894490457,0.0028808066258552,0.9778481012658228,0.9873417721518988,0.9989451476793249,0.080168776371308,0.5355648535564853,0.8619246861924686,0.7050209205020921,0.4518828451882845,0.0230125523012552,62.710097510974606,0.0483760498507726,-0.0114535665978004
50-092,Cotocollao,Quito,1,0.5946471733996156,1700.096268749501,2859,0.0357565011820331,0.069090909090909,0.2157210401891253,0.4565602836879432,0.1081560283687943,0.1075650118203309,0.0076832151300236,0.2080378250591016,0.866725768321513,0.0472813238770685,0.0528959810874704,0.5097517730496454,0.2346335697399527,0.0859929078014184,0.0076832151300236,0.0233451536643026,0.0079787234042553,0.9010047281323876,0.0570330969267139,0.0029550827423167,0.991518235793045,0.9949109414758268,0.9991518235793044,0.1094147582697201,0.5365448504983389,0.8729235880398671,0.803156146179402,0.5041528239202658,0.0083056478405315,73.2772201673519,0.0556256662985273,-0.001133065434261
50-281,Chilibulo,Quito,0,0.5650943898372349,1687.9369424438207,2987,0.1015972767740246,0.1049292337725719,0.2447003402250719,0.4836430253860246,0.1219576027218005,0.1227427375032714,0.0219837738811829,0.222716566343889,0.7895838785658205,0.0905522114629678,0.051818895577074,0.3085579691180319,0.1266684114106255,0.1468202041350431,0.0329756608217744,0.0371630463229521,0.0068045014394137,0.9094477885370322,0.0136090028788275,0.0,0.9728395061728397,0.9950617283950616,0.9983539094650206,0.1300411522633744,0.4922952149229521,0.7712895377128953,0.624493106244931,0.332522303325223,0.0332522303325223,63.42491163575094,0.0843827761630986,-0.021053990381125
50-032,Carcelen,Quito,0,0.6797486997336066,1686.456524039078,2481,0.0885885885885885,0.128132118451025,0.278078078078078,0.4936936936936937,0.1375375375375375,0.1405405405405405,0.021021021021021,0.257057057057057,0.7945945945945946,0.0618618618618618,0.1057057057057057,0.2225225225225225,0.0633633633633633,0.1993993993993994,0.0477477477477477,0.1477477477477477,0.0096096096096096,0.7798798798798798,0.015015015015015,0.0,0.9805825242718448,0.9922330097087378,0.9932038834951455,0.1087378640776699,0.4947064485081809,0.7699711260827719,0.5351299326275265,0.2309913378248315,0.0365736284889316,41.15732146440926,0.1513191209107697,-0.0461823892124241
70-999,Nayón,Nayón,1,0.7411572755534023,1685.3916446084368,2274,0.1188356164383561,0.0461907618476304,0.2041095890410958,0.4835616438356164,0.1082191780821917,0.0958904109589041,0.0273972602739726,0.1767123287671232,0.8845890410958904,0.0308219178082191,0.0202054794520547,0.5215753424657534,0.3136986301369863,0.109931506849315,0.0174657534246575,0.0037671232876712,0.0065068493150684,0.8441780821917808,0.1267123287671233,0.0013698630136986,0.9383783783783785,0.6972972972972973,0.9848648648648648,0.12,0.7720430107526882,0.8956989247311828,0.8247311827956989,0.7817204301075269,0.0247311827956989,15.188487511689395,0.2496759310944351,-0.0762436769345109
57-012,Cumbayá,Cumbayá,2,0.8649595870863216,1684.0763160570682,1947,0.1490474411654837,0.1107266435986159,0.2812850205453866,0.4957041464325737,0.1501680986178558,0.1311169219275308,0.0433320881583862,0.2379529323870003,0.7863279790810609,0.0762047067612999,0.039223010833022,0.2159133358236832,0.0930145685468808,0.2338438550616361,0.2663429211804258,0.0422114307060141,0.0123272319760926,0.6585730295106462,0.020545386626821,0.0,0.940677966101695,0.9636803874092008,0.9842615012106536,0.162227602905569,0.4735576923076923,0.7235576923076923,0.5661057692307693,0.2932692307692308,0.0528846153846153,15.6965949933391,0.2172111381388403,-0.073433633258895
50-289,La Magdalena,Quito,3,0.6430492555885968,1682.859901875358,2617,0.057344372891751,0.0832873690016547,0.2235510579576816,0.4676479607482367,0.1168353265869365,0.1067157313707451,0.0125728304201165,0.2109782275375651,0.8620055197792088,0.0463048144740877,0.0647040785035265,0.3903710518245937,0.1634467954615148,0.1113155473781048,0.0245323520392517,0.0180926096289481,0.004293161606869,0.9264029438822448,0.026065624041705,0.0006133088009812,0.9775280898876404,0.9956784788245462,0.9982713915298184,0.0872947277441659,0.4223175965665236,0.8188841201716738,0.672961373390558,0.3424892703862661,0.0145922746781115,75.5098404229856,0.0727026851780825,-0.0170147322543772
50-257,Chimbacalle,Quito,3,0.5522640413984111,1680.5394779753651,3043,0.0680032511514494,0.0970266040688575,0.2278515307504741,0.4852343538336494,0.1110810078569493,0.1167705228935247,0.0159848279599024,0.2118667027905716,0.8732050934706042,0.0392847466811162,0.0452451910051476,0.4104578704958005,0.1647250067732321,0.0994310484963424,0.0130046057978867,0.0070441614738553,0.0024383635871037,0.9615280411812516,0.0159848279599024,0.0,0.9868995633187772,0.9985443959243084,0.9978165938864628,0.0902474526928675,0.5530523255813954,0.8364825581395349,0.7151162790697675,0.3888081395348837,0.0210755813953488,81.36893466838356,0.0588374982985225,-0.0217928029173473
50-170,Iñaquito,Quito,1,0.9090664173086987,1676.3184735172406,1844,0.0483870967741935,0.0495399858457183,0.1945101751064836,0.4585896829152863,0.0880265026029342,0.1064836725035494,0.0070989115002366,0.1864647420728821,0.9119734973970658,0.0227165168007572,0.0336015144344533,0.6620918125887364,0.3956460009465215,0.0425934690014197,0.0094652153336488,0.0132513014671083,0.0080454330336015,0.8466635115948887,0.1173686701372456,0.0052058684335068,0.9677734375,0.998046875,0.9990234375,0.0146484375,0.5753158406219631,0.95821185617104,0.8999028182701652,0.6326530612244898,0.0058309037900874,105.89460503427608,0.0629613934313554,0.0090365499015495
50-408,Quitumbe,Quito,0,0.4547381971983855,1672.0723510984635,3677,0.0968327617510591,0.1444151936818352,0.2757716360702038,0.4926366754085132,0.1379866854952592,0.1377849505749445,0.0282428888440589,0.2475287472261448,0.8037119225337906,0.0653621141819649,0.0490215856364736,0.2707282630623361,0.0881581601775267,0.1650191648174299,0.0338914666128706,0.0149283841032882,0.0084728666532176,0.9225337905991527,0.0201734920314706,0.0,0.9946737683089214,0.996671105193076,1.0,0.0559254327563249,0.3706154864328259,0.7538054268696228,0.5804103242885507,0.3136995367306419,0.0317670416942422,63.44590093482354,0.0854664035579023,-0.013689902618551
50-189,Mariscal Sucre,Quito,1,0.7243722905338109,1671.8512465520355,2308,0.0774193548387096,0.094418052256532,0.2369703787026621,0.478440194975628,0.1177352830896138,0.1192350956130483,0.0217472815898012,0.2144731908511436,0.8927634045744282,0.0299962504686914,0.0438695163104611,0.5976752905886764,0.281214848143982,0.0678665166854143,0.0243719535058117,0.0307461567304087,0.0127484064491938,0.81214848143982,0.1076115485564304,0.0123734533183352,0.9734513274336284,0.9991150442477876,1.0,0.0920353982300885,0.4224507283633247,0.8577549271636675,0.7823479005998286,0.3950299914310197,0.0188517566409597,144.67632603744528,0.0646382587472326,-0.0202723663883073
50-251,Chilibulo,Quito,3,0.5650943898372349,1669.288827579192,2954,0.0615133369624387,0.1068965517241379,0.2350230414746544,0.4730279208457577,0.1111412306858227,0.1238818107888316,0.0135538086202222,0.2206560043372187,0.8332881539712659,0.0515044727568446,0.0515044727568446,0.3683925182976416,0.1469232854432095,0.1211710490647872,0.027378693412849,0.0138248847926267,0.0086744375169422,0.9238275955543508,0.0262943887232312,0.0,0.9836199836199836,0.9975429975429976,1.0,0.1457821457821458,0.4942903752039151,0.7887438825448614,0.6476345840130505,0.3270799347471452,0.0195758564437194,89.96195407030059,0.0764503317265309,-0.0270388767818772
50-031,Carcelen,Quito,0,0.6797486997336066,1666.7438117468034,2452,0.0973478939157566,0.0834990059642147,0.2645865834633385,0.4957878315132605,0.1285491419656786,0.1360374414976599,0.022776911076443,0.2418096723868954,0.818408736349454,0.0521060842433697,0.0502340093603744,0.238377535101404,0.0642745709828393,0.1585023400936037,0.0315132605304212,0.0942277691107644,0.0152886115444617,0.8505460218408737,0.0084243369734789,0.0,0.98539435248296,0.9951314508276532,0.9990262901655308,0.0856864654333008,0.47568093385214,0.8258754863813229,0.6001945525291829,0.2908560311284047,0.0301556420233463,39.9774083199261,0.095623809077682,-0.0298215765518728
56-029,Conocoto,Conocoto,3,0.6560741982143916,1666.4284634645546,2540,0.086806643685365,0.0895522388059701,0.228223540430846,0.4995316890415235,0.1211364345925694,0.1070871058382766,0.0212300967842647,0.2069934436465813,0.8417108960349672,0.0611926319075866,0.0334061817046518,0.4024352169840774,0.1863877614736185,0.117389946924758,0.0056197315017171,0.0115516703090852,0.0034342803621604,0.9662816109896972,0.012800499531689,0.0003122073056509,0.9673802242609582,0.981651376146789,0.99796126401631,0.0591233435270132,0.731948565776459,0.8447082096933729,0.7645895153313551,0.5905044510385756,0.0108803165182987,44.66221213288817,0.1965643888136155,-0.0540875529264893
50-263,Puengasi,Quito,3,0.5588902870852502,1666.051945801131,2981,0.0828729281767955,0.1106382978723404,0.2430939226519337,0.4775059194948697,0.1215469613259668,0.1215469613259668,0.0215732701920547,0.2215206524598789,0.8366219415943172,0.0528808208366219,0.0510392002104709,0.3483293870034201,0.1391739016048408,0.1331228624046303,0.0113128124177847,0.0247303341225993,0.005524861878453,0.9410681399631676,0.0173638516179952,0.0,0.960483870967742,0.995967741935484,1.0,0.0725806451612903,0.5156124899919936,0.8150520416333067,0.6813450760608487,0.3867093674939952,0.0184147317854283,54.706040811218685,0.0957771734699701,-0.0407016963556038
56-005,Conocoto,Conocoto,3,0.6560741982143916,1665.116315068126,2538,0.1054878048780487,0.074034902168165,0.2274390243902439,0.4832317073170731,0.1131097560975609,0.1143292682926829,0.0286585365853658,0.198780487804878,0.8527439024390244,0.0512195121951219,0.0332317073170731,0.4387195121951219,0.2088414634146341,0.1216463414634146,0.0259146341463414,0.0128048780487804,0.0082317073170731,0.9304878048780488,0.022560975609756,0.0,0.9641873278236914,0.9476584022038568,0.9972451790633609,0.0762167125803489,0.7041742286751361,0.8430127041742287,0.7613430127041743,0.5816696914700544,0.0154264972776769,32.12301778355251,0.2195832549200537,-0.0642665136312463
57-011,Cumbayá,Cumbayá,3,0.8649595870863216,1665.0472051411691,1925,0.1321263482280431,0.0596072931276297,0.2474980754426481,0.4942263279445728,0.1250962278675904,0.1224018475750577,0.0346420323325635,0.2128560431100847,0.821401077752117,0.0681293302540415,0.0257890685142417,0.359122401847575,0.1832178598922247,0.1851424172440338,0.142802155504234,0.010392609699769,0.0088529638183217,0.7979214780600462,0.0400307929176289,0.0,0.9416243654822336,0.9631979695431472,0.9961928934010152,0.1319796954314721,0.5843828715365239,0.8136020151133502,0.6826196473551638,0.5088161209068011,0.0340050377833753,18.772055764517248,0.235020791254279,-0.0831889762905668
50-309,San Bartolo,Quito,0,0.5424180635817769,1656.002348115165,3053,0.1128467546458389,0.1348430262480699,0.2456234850525182,0.4834365741987611,0.1252356584971721,0.120387826555346,0.0304336116347966,0.2151898734177215,0.7759224346889307,0.0921088068946943,0.0716401831403178,0.3051440883382709,0.1004578507945058,0.1357392943711284,0.0113116078642607,0.0290869916509561,0.007271747912739,0.9342849447885808,0.0158901158093186,0.0021545919741448,0.9571428571428572,0.9944444444444444,0.9984126984126984,0.1293650793650793,0.56215360253365,0.7878068091844814,0.6033254156769596,0.2684085510688836,0.0292953285827395,74.39617426255168,0.0985545438232962,-0.0108426931950314
50-383,Chillogallo,Quito,2,0.4561716622492717,1649.0605590311172,3615,0.2729473471857979,0.1760284810126582,0.2931208392172685,0.4998991325398426,0.1531168045188622,0.1400040346984063,0.0800887633649384,0.21303207585233,0.6967924147669962,0.1047004236433326,0.0564857776881178,0.1619931410127093,0.047407706273956,0.2051644139600565,0.069396812588259,0.0272342142424853,0.0062537825297559,0.8906596731894291,0.0064555174500706,0.0,0.8529616724738676,0.9310104529616724,0.9937282229965156,0.2236933797909407,0.4986149584487535,0.6544321329639889,0.453601108033241,0.2174515235457063,0.0727146814404432,22.333906232441265,0.1727283697324555,-0.046697074001934
50-294,San Bartolo,Quito,3,0.5424180635817769,1647.3236590978563,3037,0.1157597535934291,0.1146616541353383,0.2356262833675564,0.4797227926078029,0.1103696098562628,0.1252566735112936,0.0297741273100616,0.2058521560574948,0.778747433264887,0.0811088295687885,0.0390143737166324,0.3334188911704312,0.1380903490759753,0.1311601642710472,0.0148870636550308,0.0254106776180698,0.0171971252566735,0.9219712525667352,0.0205338809034907,0.0,0.9488372093023256,0.993798449612403,0.9968992248062016,0.0697674418604651,0.4907550077041602,0.802773497688752,0.6764252696456087,0.3636363636363636,0.0323574730354391,76.16327957805937,0.1064848802873636,-0.0229728170415177
50-123,San Isidro Del Inca,Quito,3,0.6525392962564884,1641.788869381325,2516,0.1675096697411484,0.0824353448275862,0.2492563950029744,0.4750148720999405,0.1213563355145746,0.1279000594883997,0.0404521118381915,0.2088042831647828,0.8019036287923855,0.0603807257584771,0.037180249851279,0.3569303985722784,0.1796549672813801,0.1713265913146936,0.0553242117787031,0.019333729922665,0.0035693039857227,0.8848899464604402,0.0353955978584176,0.0014872099940511,0.935969868173258,0.9905838041431262,0.9962335216572504,0.1487758945386064,0.5304022450888681,0.7979420018709074,0.6576239476145931,0.4677268475210477,0.0533208606173994,54.334525638156464,0.1116683485741085,-0.0405431041558897
56-026,Conocoto,Conocoto,1,0.6560741982143916,1635.5929761484783,2493,0.0467638088783463,0.0502067336089781,0.198989898989899,0.4727272727272727,0.0993265993265993,0.0996632996632996,0.0117845117845117,0.1868686868686868,0.9175084175084176,0.0235690235690235,0.0356902356902356,0.5993265993265994,0.2777777777777778,0.0734006734006734,0.0047138047138047,0.002020202020202,0.0033670033670033,0.9444444444444444,0.0454545454545454,0.0,0.9807302231237324,0.9858012170385396,0.9989858012170384,0.0760649087221095,0.7698492462311558,0.9407035175879396,0.8834170854271357,0.8100502512562814,0.0090452261306532,40.481954705497685,0.2043074349895882,-0.0646802852069693
50-288,Chilibulo,Quito,3,0.5650943898372349,1633.122786629609,2890,0.096414342629482,0.0943584623065401,0.2402442261746748,0.4850013273161667,0.1189275285372975,0.1213166976373772,0.0236262277674542,0.2160870719405362,0.7860366339262013,0.0753915582691797,0.0419431908680647,0.3427130342447571,0.1306079108043536,0.1404300504380143,0.0143350146004778,0.0185824263339527,0.0069020440668967,0.9283249269976108,0.0318555880010618,0.0,0.9622331691297208,0.9926108374384236,1.0,0.1288998357963875,0.4832925835370823,0.7644661776691116,0.6430317848410758,0.3243683781581092,0.0277098614506927,66.1713033558633,0.0880060998128254,-0.0232754891246397
50-208,San Juan,Quito,0,0.6029606041892865,1631.00843433202,2705,0.1809031556039173,0.1098546042003231,0.2521762785636561,0.4839499455930359,0.1254080522306855,0.1267682263329706,0.0389009793253536,0.2132752992383025,0.7478237214363439,0.1066376496191512,0.0356365614798694,0.2374863982589771,0.0854189336235038,0.1730141458106637,0.0720892274211099,0.0108813928182807,0.0046245919477693,0.9036996735582156,0.0087051142546245,0.0,0.9764065335753176,0.9972776769509982,0.999092558983666,0.1969147005444646,0.47992863514719,0.6895628902765388,0.5486173059768065,0.2497769848349687,0.0785013380909901,58.36342599656847,0.100214615352458,-0.029852307830557
50-386,Chillogallo,Quito,2,0.4561716622492717,1611.1983110644276,3532,0.179235642754956,0.1508,0.2844880441446965,0.4778254649499284,0.1373390557939914,0.147148988350705,0.0449621908849376,0.2395258532597588,0.7010014306151645,0.1238503985285101,0.0547721234416513,0.1602288984263233,0.0490496627835683,0.2282853055385244,0.2141835274882485,0.0165542611894543,0.0036787247087676,0.7537298181075005,0.011853668506029,0.0,0.906750173973556,0.9714683368128044,0.999304105775922,0.2477383437717467,0.4958620689655172,0.6317241379310344,0.4317241379310345,0.2586206896551724,0.0475862068965517,18.08100853684751,0.2072387452006582,-0.0502562433867015
50-171,Iñaquito,Quito,1,0.9090664173086987,1609.9566250537057,1771,0.0515617253346554,0.0564454614797864,0.1712463199214916,0.4646712463199215,0.0819430814524043,0.0893032384690873,0.0107948969578017,0.1604514229636899,0.8969578017664377,0.0348380765456329,0.0456329735034347,0.6535819430814525,0.366045142296369,0.0554465161923454,0.014720314033366,0.0235525024533856,0.0088321884200196,0.8621197252208047,0.0888125613346418,0.0019627085377821,0.9744160177975528,0.9922135706340378,0.9988876529477196,0.0088987764182424,0.5347298787210585,0.8853362734288864,0.8379272326350606,0.5424476295479603,0.0110253583241455,107.16936497890212,0.0849551297149954,-0.011877053764892
50-344,Solanda,Quito,3,0.5562233385704759,1605.2605551143934,2886,0.0840683572216097,0.1122672508214676,0.2289887021217966,0.4789198126205566,0.1146321300633783,0.1143565720584183,0.0195646183521631,0.2094240837696335,0.8142739046569303,0.0705428492697713,0.0655828051804904,0.2959492973270873,0.1116009920088178,0.1047120418848167,0.0077156241388812,0.0159823642876825,0.0052356020942408,0.9550840451915128,0.0159823642876825,0.0,0.9910204081632652,0.9991836734693876,1.0,0.04,0.5337124289195776,0.8285946385052803,0.6425670186839968,0.2274573517465475,0.0194963444354183,93.4164929912038,0.0728085465090902,-0.0228271663234651
84-013,Tumbaco,Tumbaco,3,0.4730001215193621,1604.4164121936765,3392,0.1356606274856385,0.0717722534081796,0.218942731277533,0.4797356828193833,0.108590308370044,0.1103524229074889,0.0334801762114537,0.1854625550660792,0.7927312775330396,0.0581497797356828,0.0497797356828193,0.3596916299559471,0.177533039647577,0.1559471365638766,0.0436123348017621,0.0138766519823788,0.0041850220264317,0.8962555066079295,0.0420704845814978,0.0,0.940554821664465,0.9319682959048876,1.0,0.1756935270805812,0.5675675675675675,0.7785102175346078,0.6519446275543836,0.4990112063282795,0.030982201713909,31.24860637157608,0.19729743273325,-0.0681432829132891
50-113,La Concepcion,Quito,1,0.9022860484298614,1603.3623080598636,1777,0.0479921645445641,0.0562552476910159,0.2052657240370551,0.4631886884446611,0.1033642125792296,0.1019015114578254,0.007801072647489,0.197464651389566,0.8722574353973671,0.0429058995611896,0.0492442710872745,0.5538761579717211,0.2681618722574354,0.0843490980009751,0.007801072647489,0.008288639687957,0.0014627011214041,0.893710385177962,0.0862993661628473,0.0024378352023403,0.9765013054830288,0.9947780678851176,1.0,0.0483028720626631,0.6193548387096774,0.9070967741935484,0.8141935483870968,0.5754838709677419,0.0077419354838709,66.82956482554168,0.1253694048245135,-0.0313005978740495
50-227,Puengasi,Quito,2,0.5588902870852502,1598.985111350901,2861,0.2462140992167101,0.143193593970796,0.2906005221932115,0.4848563968668407,0.1381201044386423,0.1524804177545692,0.0725848563968668,0.2180156657963446,0.7825065274151436,0.0751958224543081,0.0558746736292428,0.2676240208877284,0.1013054830287206,0.1986945169712793,0.1686684073107049,0.0281984334203655,0.0088772845953002,0.7809399477806789,0.0127937336814621,0.0005221932114882,0.9041095890410958,0.7851027397260274,0.9957191780821918,0.1618150684931507,0.5825649622799665,0.7309304274937133,0.567476948868399,0.3193629505448449,0.0335289186923721,41.9578176847646,0.1937714255472662,-0.0468417793130882
50-231,Puengasi,Quito,3,0.5588902870852502,1597.3084404896451,2858,0.0968886462882096,0.1001437470052707,0.2603711790393013,0.4814410480349345,0.1271834061135371,0.1331877729257642,0.0223799126637554,0.2379912663755458,0.8062227074235808,0.0638646288209607,0.0343886462882096,0.3078602620087336,0.1340065502183406,0.1623908296943231,0.0109170305676855,0.0084606986899563,0.0068231441048034,0.9585152838427948,0.0152838427947598,0.0,0.9606164383561644,0.9940068493150684,1.0,0.0856164383561643,0.5325443786982249,0.7852916314454776,0.6914623837700761,0.3956043956043956,0.0338123415046492,50.34110153036774,0.1792069628735659,-0.0378358957772596
84-003,Tumbaco,Tumbaco,0,0.4730001215193621,1593.537409398731,3369,0.154038112522686,0.0783738474434199,0.2549909255898366,0.4922867513611615,0.1247731397459165,0.1302177858439201,0.0417422867513611,0.2132486388384755,0.7515880217785844,0.0753176043557168,0.0567150635208711,0.3241833030852994,0.1445099818511796,0.168103448275862,0.0226860254083484,0.0099818511796733,0.0129310344827586,0.9201451905626136,0.0338021778584392,0.0004537205081669,0.9288645690834472,0.963064295485636,0.9993160054719562,0.161422708618331,0.4654471544715447,0.709349593495935,0.6104336043360433,0.4498644986449864,0.0413279132791327,26.386390580698357,0.2065954645314043,-0.0703738505068458
55-027,Calderón,Calderón,3,0.3407930202813737,1589.4586465923269,4664,0.0485099337748344,0.105,0.2428003972194637,0.4783184376034425,0.1236345580933465,0.1191658391261171,0.009930486593843,0.2327044025157232,0.8896060906984442,0.0297914597815292,0.0357497517378351,0.396391923204237,0.1785832505792783,0.1254551473022178,0.0115855676928169,0.0531281032770605,0.008606421714664,0.901522674611056,0.0251572327044025,0.0,0.9870689655172412,0.9897629310344828,0.9978448275862069,0.052801724137931,0.6317767042404724,0.8899624261943102,0.8035426731078905,0.5619967793880838,0.0112721417069243,63.3813189654992,0.0820101348150224,-0.0033903178096642
50-211,San Juan,Quito,0,0.6029606041892865,1588.1982314345807,2634,0.1455985379226317,0.1207910208444682,0.2470301553457203,0.4931465123362778,0.1261041730124885,0.1209259823332318,0.0313737435272616,0.2156564118184587,0.8215047212915016,0.0593968930855924,0.0392933292720073,0.3073408467864758,0.1093512031678343,0.1334145598537922,0.0785866585440146,0.0155345720377703,0.0082241851964666,0.860493451111788,0.0304599451720986,0.0067011879378617,0.9457720588235294,0.9990808823529412,1.0,0.2169117647058823,0.4337899543378995,0.736986301369863,0.6127853881278539,0.2876712328767123,0.0511415525114155,93.93716027832032,0.0824630611890123,-0.0347847920654652
50-310,San Bartolo,Quito,3,0.5424180635817769,1586.5728359766974,2925,0.0747094631986718,0.1773791728948679,0.2379634753735473,0.484781405644715,0.1231322634200332,0.1148312119535141,0.0146651909241837,0.2232982844493636,0.8126729385722191,0.0957387935805202,0.0459324847814056,0.3151632540121749,0.1211953514111787,0.1092971776425013,0.0118981737686773,0.0215827338129496,0.0027670171555063,0.9429994465965688,0.0207526286662977,0.0,0.9901800327332242,0.9934533551554828,0.997545008183306,0.1947626841243862,0.5404323458767014,0.7854283426741393,0.6421136909527622,0.2602081665332266,0.0240192153722978,78.39331293680581,0.0603115619876964,-0.0124978115139958
50-091,Cotocollao,Quito,1,0.5946471733996156,1586.5186586301743,2668,0.0640580624802776,0.0944881889763779,0.2169395465994962,0.4593828715365239,0.1013853904282115,0.1155541561712846,0.0110201511335012,0.2059193954659949,0.8772040302267002,0.0510075566750629,0.0478589420654911,0.4798488664987405,0.1961586901763224,0.0891057934508816,0.0217254408060453,0.0261335012594458,0.0078715365239294,0.8677581863979849,0.0721032745591939,0.0044080604534005,0.9811659192825112,0.9946188340807176,0.998206278026906,0.1067264573991031,0.4978165938864629,0.8724890829694323,0.7537117903930131,0.4550218340611354,0.016593886462882,66.80933205922446,0.0588209189875727,-0.0070895311250105
50-399,Quitumbe,Quito,0,0.4547381971983855,1574.3036387008108,3462,0.1622981757181799,0.1686451084731887,0.2712999790663596,0.4827297467029516,0.1304165794431651,0.1408833996231944,0.0456353359849277,0.2248272974670295,0.7343521038308561,0.1103202846975089,0.0445886539669248,0.2045216663177726,0.0600795478333682,0.2009629474565627,0.081431861000628,0.0219803223780615,0.0058614193008164,0.88214360477287,0.008582792547624,0.0,0.9400428265524624,0.9707351891506067,0.9964311206281228,0.1620271234832262,0.4776437189496096,0.7068843151171044,0.5060326472675657,0.2448545067423704,0.0503903477643718,34.66394427235175,0.1696236806842375,-0.0429250826218909
50-203,San Juan,Quito,3,0.6029606041892865,1567.697570892145,2600,0.0581875993640699,0.1099820681410639,0.2252939307276771,0.4687003495392437,0.1131236097870988,0.1121703209405783,0.0127105179536066,0.2122656498252303,0.8512869399428027,0.0537019383539879,0.0451223387353034,0.4582141722275182,0.1941531617413409,0.0810295519542421,0.0139815697489672,0.0165236733396885,0.0006355258976803,0.9297743883063236,0.0378137909119796,0.0012710517953606,0.9772105742935278,0.9972652689152234,0.9972652689152234,0.1577028258887876,0.4977578475336323,0.820627802690583,0.7506726457399103,0.3524663677130045,0.0125560538116591,62.84673251640507,0.1259598686506737,-0.0250860505330622
50-402,Quitumbe,Quito,2,0.4547381971983855,1558.8425399960656,3428,0.1629379485014774,0.1982164572355087,0.2893626002532714,0.4949345715491768,0.147741663149008,0.1416209371042634,0.0441114394259181,0.2452511608273533,0.7211903756859435,0.1124947235120304,0.0436893203883495,0.1787674124102997,0.0493879273955255,0.2165470662726889,0.1817222456732798,0.0289151540734487,0.0029548332629801,0.7766990291262136,0.0082313212325875,0.00147741663149,0.96529284164859,0.994938539407086,0.9942154736080984,0.1663051337671728,0.5248933143669986,0.6749644381223329,0.4623044096728307,0.2162162162162162,0.0547652916073968,43.69436932361032,0.156146900576517,-0.0299151281433628
56-007,Conocoto,Conocoto,3,0.6560741982143916,1557.5201465609657,2374,0.0666666666666666,0.0664788732394366,0.216504854368932,0.4961165048543689,0.1155339805825242,0.1009708737864077,0.0145631067961165,0.2019417475728155,0.8598705501618124,0.0511326860841424,0.0475728155339805,0.4566343042071197,0.256957928802589,0.131715210355987,0.0142394822006472,0.0148867313915857,0.0061488673139158,0.9453074433656958,0.0194174757281553,0.0,0.9634273772204808,0.9738766980146292,0.9979101358411704,0.0940438871473354,0.716804979253112,0.8703319502074689,0.7946058091286307,0.6441908713692946,0.0062240663900414,31.03296546672953,0.2262431098804068,-0.0736805333970177
50-190,Mariscal Sucre,Quito,1,0.7243722905338109,1552.3298186139568,2143,0.051433389544688,0.0541871921182266,0.230672268907563,0.4810924369747899,0.1033613445378151,0.1273109243697479,0.0109243697478991,0.2193277310924369,0.9285714285714286,0.0218487394957983,0.038235294117647,0.6554621848739496,0.3399159663865546,0.065126050420168,0.0138655462184873,0.0176470588235294,0.011344537815126,0.8260504201680672,0.1130252100840336,0.0180672268907563,0.9770925110132158,0.9947136563876652,0.9991189427312775,0.0334801762114537,0.4929824561403508,0.9219298245614036,0.8675438596491228,0.5201754385964912,0.0043859649122807,151.61514088464162,0.0631955317201185,-0.0134306062974467
50-198,Itchimbia,Quito,3,0.6569341948950823,1551.6785683421845,2362,0.0727598566308243,0.0726927939317319,0.2325581395348837,0.4683363148479427,0.1059033989266547,0.1266547406082289,0.0161001788908765,0.2164579606440071,0.8862254025044722,0.033989266547406,0.0851520572450805,0.5033989266547406,0.1939177101967799,0.0790697674418604,0.0214669051878354,0.0254025044722719,0.0085867620751341,0.8958855098389982,0.0483005366726296,0.0003577817531305,0.9793351302785264,0.991015274034142,0.9991015274034142,0.1482479784366576,0.4959641255605381,0.8825112107623319,0.7964125560538117,0.4044843049327354,0.0143497757847533,82.37497684391401,0.1886693509723206,-0.0552670532025392
56-025,Conocoto,Conocoto,1,0.6560741982143916,1549.647256182393,2362,0.0700280112044818,0.0808015513897866,0.2047519217330538,0.4640111809923131,0.0915443745632424,0.1132075471698113,0.0153738644304682,0.1886792452830188,0.8881900768693222,0.0398322851153039,0.0443745632424877,0.5286512928022362,0.2543675751222921,0.0730258560447239,0.0062893081761006,0.0090845562543675,0.0017470300489168,0.9322152341020266,0.0506638714185884,0.0,0.9762150982419856,0.968976215098242,1.0,0.0599793174767321,0.7067901234567902,0.904320987654321,0.8251028806584362,0.698559670781893,0.0092592592592592,36.76966579554313,0.245211772469698,-0.0694785917535352
50-331,San Bartolo,Quito,3,0.5424180635817769,1546.433899271646,2851,0.052068674359696,0.1223097112860892,0.2299465240641711,0.47115113988179,0.1080776808330988,0.1218688432310723,0.0118209963411201,0.2181255277230509,0.8176189135941458,0.0616380523501266,0.0363073459048691,0.3557556994089502,0.1443850267379679,0.1137067267098226,0.0061919504643962,0.0151984238671545,0.0081621165212496,0.9499014916971572,0.0194202082746974,0.0011258091753447,0.9827444535743632,0.9983566146261298,0.9983566146261298,0.0640920295809367,0.4946938775510204,0.8187755102040817,0.6930612244897959,0.316734693877551,0.0138775510204081,72.34132482148964,0.1251054734721201,-0.0163083797551124
50-290,San Bartolo,Quito,3,0.5424180635817769,1545.8914812080643,2850,0.0814901047729918,0.1026472177201512,0.2126854815245853,0.4652313063718359,0.101542042478906,0.1111434390456793,0.0130928135001454,0.1995926680244399,0.8597614198428862,0.0509164969450101,0.0538260110561536,0.4265347686936281,0.1838812918242653,0.0942682572010474,0.010183299389002,0.0180389874890893,0.0084375909223159,0.917951702065755,0.0453884201338376,0.0,0.9453781512605042,0.9941176470588236,0.9991596638655462,0.06890756302521,0.5560200668896321,0.8419732441471572,0.7249163879598662,0.407190635451505,0.011705685618729,75.04732208968329,0.0694738808633164,-0.0135442655622408
50-374,Chillogallo,Quito,3,0.4561716622492717,1544.1410767137847,3385,0.0914101975195222,0.1213250517598343,0.2563102340523175,0.4726938962826985,0.1312528682882056,0.1250573657641119,0.0197338228545204,0.2365764111977971,0.828132170720514,0.0585130793942175,0.0394676457090408,0.2964662689307021,0.1142726021110601,0.1594768242312987,0.0172097292335933,0.0279944928866452,0.0100963744837081,0.92198256080771,0.0224873795318953,0.0002294630564479,0.9683988764044944,0.9929775280898876,1.0,0.0962078651685393,0.5073375262054507,0.7917540181691125,0.6107617051013278,0.3179594689028651,0.023759608665269,58.98258006188177,0.071820391205659,-0.0147576917516973
50-368,Solanda,Quito,3,0.5562233385704759,1540.7386478402182,2770,0.0329826556724481,0.1319796954314721,0.241683252772249,0.46971851009383,0.1245379584873471,0.1171452942849019,0.0062553312482229,0.2354279215240261,0.856127381290873,0.0452089849303383,0.0341199886266704,0.3289735570088143,0.1140176286607904,0.1134489621836792,0.0056866647711117,0.0315609894796701,0.0071083309638896,0.9454080181973272,0.0102359965880011,0.0,0.9863829787234044,0.9957446808510638,0.9991489361702128,0.0451063829787234,0.5285106382978724,0.814468085106383,0.6595744680851063,0.3285106382978723,0.0051063829787234,78.09229292825005,0.0957252999019756,-0.0117879042325854
80-007,San Antonio,San Antonio,3,0.3150857083405627,1539.5087709519894,4886,0.1070806272770473,0.1093563766388557,0.2327053981320247,0.4783916416020263,0.1152445781225265,0.1174608200094981,0.0250118727243944,0.2076935254076302,0.8250751939211651,0.0558809561500712,0.0623713788190596,0.3552319138831724,0.1435808136773785,0.1489631154028811,0.0112395124267848,0.0216875098939369,0.0068070286528415,0.9246477758429634,0.0356181731834731,0.0,0.933300395256917,0.9629446640316206,0.9995059288537548,0.1151185770750988,0.6542056074766355,0.7840629611411707,0.6453516969995081,0.4731923266109198,0.0186915887850467,33.75303917023993,0.0983272651111771,-0.0366328088983216
84-004,Tumbaco,Tumbaco,3,0.4730001215193621,1535.8313945733687,3247,0.1408549404344779,0.0753724802804557,0.2454545454545454,0.4769230769230769,0.1216783216783216,0.1237762237762237,0.0363636363636363,0.209090909090909,0.8011655011655011,0.0529137529137529,0.0356643356643356,0.3174825174825175,0.1358974358974359,0.1608391608391608,0.0172494172494172,0.0291375291375291,0.0095571095571095,0.9095571095571096,0.0344988344988345,0.0,0.9623733719247468,0.9536903039073806,0.9956584659913168,0.1816208393632416,0.4989216391085549,0.7361610352264558,0.6412652767792955,0.4485981308411215,0.0416966211358734,27.19047386005988,0.2098888793852061,-0.0691468274327279
55-026,Calderón,Calderón,0,0.3407930202813737,1534.5909703270258,4503,0.0988188321410747,0.1013910355486862,0.243436357593885,0.4953472914589564,0.122465935526753,0.1209704220671319,0.0252575606513791,0.2181787969425058,0.7949484878697242,0.0525091392489199,0.0345629777334662,0.3045862412761715,0.1227982718511133,0.1723163841807909,0.0445330674642738,0.0530076437354602,0.0151213027583914,0.8546028580923895,0.0327351279494848,0.0,0.9647368421052632,0.9515789473684212,0.998421052631579,0.1305263157894736,0.4926778242677824,0.7547071129707112,0.6166317991631799,0.4178870292887029,0.0303347280334728,52.64444236670222,0.0915558404533066,-0.0300622384303848
50-351,La Mena,Quito,0,0.5097212626751959,1533.7512793896644,3009,0.08059251820236,0.1309022907900888,0.2671353251318102,0.4853125784584484,0.1355761988450916,0.1315591262867185,0.0251067034898317,0.2420286216419784,0.8114486567913632,0.0595028872709013,0.0298769771528998,0.2962591011800151,0.1114737634948531,0.1606829023349234,0.075822244539292,0.0175746924428822,0.0025106703489831,0.8937986442380116,0.010293748430831,0.0,0.968094038623006,0.99664147774979,0.9991603694374476,0.107472712006717,0.4924874791318864,0.8055091819699499,0.6419031719532554,0.3747913188647746,0.0292153589315525,53.90121702245764,0.1218217201708073,-0.0246945939735387
55-053,Calderón,Calderón,0,0.3407930202813737,1532.5462122053375,4497,0.1385811146022821,0.1000319590923617,0.2487183727468166,0.4837109310401852,0.1238630725979824,0.1248553001488341,0.0365470481230362,0.2121713246237803,0.8033735736728956,0.0707788986274185,0.0413428146188192,0.3022986604928063,0.1124524557631883,0.1518108152803043,0.0745824375723499,0.0395237307755912,0.0102530180254671,0.8648916818256986,0.0104183892839424,0.0003307425169505,0.9544175576814856,0.9662352279122116,0.9954980303882948,0.1958356781091727,0.6319327731092437,0.7848739495798319,0.6582633053221288,0.4358543417366947,0.0336134453781512,20.106296524228785,0.1881188417768939,-0.0705836441265621
50-110,Cochapamba,Quito,0,0.595393783686324,1531.9482054249115,2573,0.1386138613861386,0.1063157894736842,0.2469246924692469,0.5046504650465047,0.1215121512151215,0.1254125412541254,0.0324032403240324,0.2145214521452145,0.8223822382238224,0.0621062106210621,0.0498049804980498,0.345034503450345,0.1527152715271527,0.1677167716771677,0.0567056705670567,0.0333033303330333,0.012001200120012,0.8631863186318632,0.0348034803480348,0.0,0.9437984496124032,0.9883720930232558,0.999031007751938,0.1482558139534883,0.5181992337164751,0.789272030651341,0.6542145593869731,0.4118773946360153,0.0498084291187739,40.11650926324556,0.1357170312473547,-0.024683847587283
50-389,Chillogallo,Quito,3,0.4561716622492717,1531.368270170805,3357,0.0487020445669653,0.1479289940828402,0.2522398345968297,0.4824259131633356,0.1279577303009418,0.1242821042958878,0.0128646910176889,0.2393751435791408,0.8509074201699977,0.0624856420859177,0.0468642315644383,0.37583275901677,0.1564438318401102,0.1208362049161497,0.0135538708936365,0.016310590397427,0.0103376981392143,0.9388927176659776,0.0209051229037445,0.0,0.9867060561299852,0.9940915805022156,0.9992614475627768,0.0716395864106351,0.4793510324483775,0.8584070796460177,0.754424778761062,0.4174041297935103,0.0125368731563421,57.744881357465474,0.1154499338347858,-0.0221880449041984
55-009,Calderón,Calderón,0,0.3407930202813737,1526.411937840273,4479,0.1722005208333333,0.1163101604278075,0.2809244791666667,0.4962565104166667,0.1417643229166666,0.13916015625,0.04931640625,0.2316080729166666,0.75048828125,0.0944010416666666,0.0478515625,0.2203776041666666,0.0556640625,0.1728515625,0.08984375,0.0836588541666666,0.00927734375,0.8048502604166666,0.0123697916666666,0.0,0.9672131147540984,0.9886941775014132,0.9920859242509892,0.1650650084793668,0.5153203342618384,0.7264623955431755,0.5303621169916435,0.2707520891364902,0.0701949860724234,36.99534981114089,0.0932016774314583,-0.0281793649257286
50-029,Carcelen,Quito,3,0.6797486997336066,1526.0358309019468,2245,0.1015873015873015,0.0981794538361508,0.2687719298245614,0.487719298245614,0.1364912280701754,0.1322807017543859,0.0235087719298245,0.243859649122807,0.8315789473684211,0.0421052631578947,0.0470175438596491,0.3196491228070175,0.1098245614035087,0.1221052631578947,0.0263157894736842,0.0266666666666666,0.0101754385964912,0.9178947368421052,0.0182456140350877,0.0007017543859649,0.9907024793388428,0.9989669421487604,0.9958677685950412,0.0392561983471074,0.4531568228105906,0.8187372708757638,0.6425661914460286,0.3584521384928716,0.0264765784114052,46.89518930942198,0.0849789094016706,-0.0278599942110885
55-040,Calderón,Calderón,3,0.3407930202813737,1525.3895587794286,4476,0.1075418994413407,0.106147021546261,0.2628731017629603,0.4775702565892826,0.1282946412986559,0.1345784604643044,0.0303717926339675,0.2325013091289928,0.8371443532902776,0.0532379123756327,0.0453831384185721,0.3555594344562751,0.1239308779891778,0.1289928434281724,0.0377029149938907,0.0314190958282422,0.0050619654389945,0.8996334438820038,0.0261825798568685,0.0,0.965160587915079,0.985302123026674,0.9989112683723462,0.0985302123026674,0.575512405609493,0.8462783171521036,0.6930960086299892,0.4368932038834951,0.0296655879180151,44.86296367909439,0.0893046423386712,-0.0258878547134906
50-261,La Ferroviaria,Quito,0,0.4555273984929733,1519.639401372559,3336,0.1455682071891047,0.1237244897959183,0.2554141549453003,0.4813574458584505,0.1252511721366376,0.1301629828086626,0.035052467068542,0.2203616878767582,0.7582049564634963,0.097566421076133,0.0455458807769591,0.2480464389372627,0.0770261219022103,0.1774949765572672,0.0296941281536057,0.0591649921857557,0.0129493190444295,0.8881446751507033,0.0096003572225943,0.0004465282429113,0.9609544468546638,0.994938539407086,0.9942154736080984,0.1482284887924801,0.5502873563218391,0.7140804597701149,0.5632183908045977,0.2722701149425287,0.0538793103448275,50.21647615886871,0.1318171755140871,-0.0302237520223186
50-316,La Mena,Quito,3,0.5097212626751959,1512.8527076199814,2968,0.0556844547563805,0.1001378043178686,0.2552204176334107,0.4867233823150296,0.1330239752513534,0.1221964423820572,0.0128899200824954,0.2423304975509151,0.8463521526166538,0.0433101314771848,0.0322248002062387,0.3150296468161897,0.1263212168084558,0.1518432585717968,0.0157257025006444,0.0234596545501417,0.0041247744263985,0.9321990203660736,0.0242330497550915,0.0002577984016499,0.9898904802021904,0.9949452401010952,0.9991575400168492,0.0303285593934288,0.5406538139145013,0.8767812238055323,0.7015926236378877,0.4417435037720033,0.0134115674769488,43.875465320232095,0.1511037695545173,-0.0187395539657083
55-048,Calderón,Calderón,3,0.3407930202813737,1511.7578379681738,4436,0.0546247818499127,0.1026977314530962,0.2542757417102967,0.4785340314136125,0.1230366492146596,0.131239092495637,0.0139616055846422,0.2403141361256544,0.8607329842931937,0.0396160558464223,0.0392670157068062,0.3706806282722513,0.1602094240837696,0.1542757417102966,0.043804537521815,0.0474694589877836,0.0111692844677137,0.8722513089005236,0.0240837696335078,0.0012216404886561,0.9733560090702948,0.9835600907029478,0.9977324263038548,0.1037414965986394,0.6214848143982002,0.8335208098987626,0.7418447694038245,0.4701912260967379,0.0140607424071991,36.5942032061725,0.1246782266937468,-0.0541776513361225
55-031,Calderón,Calderón,3,0.3407930202813737,1511.4170449478925,4435,0.0909724642732659,0.108927381745503,0.2330080167305681,0.4818752178459393,0.1141512722202858,0.1188567445102823,0.0191704426629487,0.2138375740676193,0.8445451376786337,0.051934471941443,0.0414778668525618,0.3035901010805159,0.0878354827466016,0.1146741024747298,0.0301498780062739,0.0939351690484489,0.0090623910770303,0.8450679679330777,0.0212617636807249,0.000522830254444,0.9887700534759358,0.9946524064171124,0.9962566844919786,0.113903743315508,0.5471497069792222,0.8316462440063932,0.6403835908364411,0.3047416089504528,0.0202450719232818,53.20490292402414,0.0722028985048256,-0.024371762421299
50-228,Puengasi,Quito,3,0.5588902870852502,1509.0037751301757,2700,0.1118860796280151,0.1078838174273859,0.2423714036617262,0.4742807323452485,0.1150828247602441,0.1272885789014821,0.029642545771578,0.2127288578901482,0.8311537343795409,0.057250799186283,0.043882592269689,0.4489973844812554,0.1894798023830282,0.1243824469630921,0.090671316477768,0.014240046498111,0.008427782621331,0.8578901482127289,0.023539668700959,0.005231037489102,0.9553172475424486,0.9955317247542448,0.9964253798033958,0.1000893655049151,0.5738137082601055,0.8427065026362038,0.7539543057996485,0.5175746924428822,0.0333919156414762,53.03726104840841,0.1564095571370047,-0.0399781485832601
50-444,Quitumbe,Quito,0,0.4547381971983855,1508.3666001070449,3317,0.1427339370418283,0.1685761047463175,0.290642518326865,0.49374730487279,0.1435963777490297,0.1470461405778352,0.0435532557136696,0.2470892626131953,0.779430789133247,0.0774040534713238,0.0439844760672703,0.1979301423027167,0.0633893919793014,0.2082794307891332,0.1849935316946959,0.0135834411384217,0.0058214747736093,0.7915049590340664,0.0040965933592065,0.0,0.9392558845861808,0.9916476841306,0.9984813971146546,0.1404707668944571,0.55,0.7350746268656716,0.5373134328358209,0.2932835820895522,0.0425373134328358,37.710968999845846,0.159122223090665,-0.0333408218308372
50-135,San Isidro Del Inca,Quito,0,0.6525392962564884,1507.3657743524882,2310,0.1365199449793672,0.0970988750740082,0.2733837689133425,0.4889958734525447,0.139614855570839,0.1337689133425034,0.0378266850068775,0.2355570839064649,0.8500687757909215,0.0347317744154057,0.0333562585969738,0.3741403026134801,0.1468363136176066,0.1502751031636864,0.0735900962861072,0.0247592847317744,0.014442916093535,0.8531636863823934,0.0340440165061898,0.0,0.9448897795591182,0.995991983967936,0.998997995991984,0.1162324649298597,0.477,0.82,0.703,0.383,0.041,48.85836455815699,0.0819478445528329,-0.0297711537369517
50-210,San Juan,Quito,0,0.6029606041892865,1505.5926286606484,2497,0.1782703715266937,0.112112676056338,0.259582424431287,0.4873792458709878,0.1305702711124961,0.1290121533187909,0.0495481458398254,0.2100342785914615,0.7145528201932067,0.1003427859146151,0.0411343097538173,0.2813960735431599,0.1093798691181053,0.1695232159551262,0.1477095668432533,0.0130881894671237,0.0049859769398566,0.8136491118728576,0.0205671548769086,0.0,0.9556004036326944,0.9989909182643796,0.9959636730575177,0.2038345105953582,0.453,0.726,0.569,0.264,0.069,77.93784115483852,0.0985108879145036,-0.0283508667848086
55-038,Calderón,Calderón,3,0.3407930202813737,1504.2603915219836,4414,0.1487266553480475,0.0918170103092783,0.2478777589134125,0.4904923599320883,0.1242784380305602,0.1235993208828522,0.032427843803056,0.2154499151103565,0.8118845500848897,0.0587436332767402,0.0297113752122241,0.3234295415959253,0.1234295415959253,0.130560271646859,0.032937181663837,0.0212224108658743,0.0074702886247877,0.9195246179966045,0.0188455008488964,0.0,0.9527098831030818,0.9750265674814028,0.9962805526036131,0.1333687566418703,0.5721840296139609,0.7800105764145955,0.6409307244843998,0.4262295081967213,0.0423056583818085,51.727994098639286,0.0855803637430282,-0.0183668171595547
50-202,San Juan,Quito,3,0.6029606041892865,1500.7689438271343,2489,0.0458994262571717,0.0829800121138703,0.2488215488215488,0.4501683501683501,0.1198653198653198,0.1289562289562289,0.0104377104377104,0.2367003367003367,0.8663299663299663,0.0521885521885521,0.0535353535353535,0.4983164983164983,0.1922558922558922,0.0959595959595959,0.0329966329966329,0.0175084175084175,0.0124579124579124,0.8858585858585859,0.0511784511784511,0.0,0.9846846846846848,0.9963963963963964,0.9981981981981982,0.1792792792792792,0.3976868327402135,0.7927046263345195,0.7437722419928826,0.2829181494661921,0.0106761565836298,109.97494275382394,0.0563946251618889,-0.027074103740899
77-002,Pomasqui,Pomasqui,1,0.596056600668248,1500.2744638819802,2517,0.096085409252669,0.0885416666666666,0.1983446644989654,0.4767957434229973,0.0948861956843038,0.1034584688146615,0.0230564587644102,0.1746970144841856,0.8548625480342891,0.0404966006503103,0.0381318356488324,0.4729530002955956,0.244457582027786,0.1081879988176175,0.0100502512562814,0.0218740762636713,0.0091634643807271,0.9101389299438368,0.045521726278451,0.0032515518770322,0.9632139399806388,0.9670861568247822,0.999031945788964,0.0851887705711519,0.7129186602870813,0.8861244019138756,0.8086124401913876,0.662200956937799,0.0239234449760765,23.38176251978776,0.1577132264415917,-0.0513728277957439
51-905,Alangasí,Alangasí,3,0.4874491999343671,1495.4941453986385,3068,0.108324715615305,0.073170731707317,0.2214470284237726,0.47984496124031,0.1162790697674418,0.1051679586563307,0.0229974160206718,0.1984496124031007,0.8896640826873385,0.0403100775193798,0.0273901808785529,0.5152454780361757,0.2369509043927648,0.0989664082687338,0.0121447028423772,0.0147286821705426,0.0054263565891472,0.9222222222222224,0.0454780361757105,0.0,0.969949916527546,0.9590984974958264,0.9991652754590984,0.1010016694490818,0.728701406120761,0.8990901571546733,0.8296112489660876,0.6947890818858561,0.0190239867659222,28.65602728181628,0.2154704467350342,-0.0518020511023084
50-094,Cochapamba,Quito,3,0.595393783686324,1490.270640566869,2503,0.0794847628023876,0.1058230683090705,0.2522777254162739,0.4728243795161797,0.1288092994030788,0.1234684260131951,0.0210493245366006,0.2312284008796732,0.8601947847942193,0.0480678605089538,0.0358152686145146,0.3371033616085453,0.137291863022306,0.1451460885956644,0.0109959158027018,0.0358152686145146,0.0094250706880301,0.9255419415645616,0.0182218033301916,0.0,0.9820923656927428,0.9952874646559848,0.992459943449576,0.0574929311969839,0.5522107243650047,0.825964252116651,0.6707431796801505,0.3960489181561618,0.0244590780809031,68.70688591628779,0.0908161089429103,-0.0096476160301124
50-028,Carcelen,Quito,3,0.6797486997336066,1488.6496524165984,2190,0.0812344803121674,0.1016077170418006,0.2731465058531394,0.4870521461511174,0.1376374600922313,0.1355090457609081,0.0209294075913444,0.2522170982617949,0.8687477829017382,0.0411493437389145,0.042213550904576,0.3497694217807733,0.1333806314295849,0.1316069528201489,0.0361830436324937,0.0627882227740333,0.0099326002128414,0.8751330258957077,0.0159631074849237,0.0,0.969283276450512,0.9840728100113766,0.9988623435722412,0.0568828213879408,0.4977578475336323,0.8430493273542601,0.7668161434977578,0.4159192825112107,0.0246636771300448,34.29629194168818,0.1841014071436007,-0.0518293231098952
56-019,Conocoto,Conocoto,3,0.6560741982143916,1487.3202073520258,2267,0.0703069236259814,0.0661375661375661,0.2398431931575196,0.477191732002851,0.1193870277975766,0.1204561653599429,0.0174625801853171,0.2223806129722024,0.8763364219529579,0.0292230933713471,0.0427655024946543,0.4429793300071276,0.1831789023521026,0.0990734141126158,0.0092658588738417,0.0174625801853171,0.0039201710620099,0.944048467569494,0.0253029223093371,0.0,0.9805714285714284,0.9874285714285714,0.9965714285714286,0.0422857142857142,0.6076233183856502,0.8778026905829597,0.7769058295964125,0.5964125560538116,0.0134529147982062,40.83196104294451,0.1948656736976874,-0.0684742553767788
84-011,Tumbaco,Tumbaco,3,0.4730001215193621,1484.2743813277582,3138,0.1607669616519174,0.0569141840818141,0.2266470009832841,0.4776302851524091,0.1101278269419862,0.1165191740412979,0.0440019665683382,0.1826450344149459,0.8308751229105211,0.0452310717797443,0.0383480825958702,0.403638151425762,0.1910029498525073,0.1489675516224188,0.0432645034414945,0.0211406096361848,0.0063913470993117,0.8652900688298918,0.063913470993117,0.0,0.9094368340943684,0.91324200913242,0.9992389649923896,0.1232876712328767,0.6156178923426838,0.8316906747536013,0.7445034116755117,0.599696739954511,0.0333586050037907,32.15914757259684,0.219935301136243,-0.0680413700239586
55-015,Calderón,Calderón,0,0.3407930202813737,1482.790431244257,4351,0.087531806615776,0.1179537308569566,0.2629346904156064,0.4795589482612383,0.1236641221374045,0.1392705682782018,0.0205258693808312,0.2424088210347752,0.7279050042408821,0.0642917726887192,0.0349448685326547,0.2988973706530958,0.1061916878710771,0.1458863443596268,0.0371501272264631,0.0586938083121289,0.006785411365564,0.878880407124682,0.018490245971162,0.0,0.9905186837702176,0.9866146123814836,0.9972113775794758,0.0686001115448968,0.6171396772398442,0.7952142459654981,0.6444073455759599,0.3611574846967167,0.0289371174179187,42.56670496384768,0.1144879996893123,-0.0421490915444644
80-008,San Antonio,San Antonio,3,0.3150857083405627,1475.546372158855,4683,0.072142974258075,0.1096425352958846,0.2618074848831508,0.4870076809936264,0.1315574440268017,0.1302500408563491,0.0184670697826442,0.2418695865337473,0.8517731655499264,0.0482104919104428,0.0411831998692596,0.3279947703873181,0.1194639647001144,0.1642425232881189,0.0218990031050825,0.0243503840496813,0.0081712698153293,0.923026638339598,0.0225527046903088,0.0,0.9814241486068112,0.9943240454076367,0.999484004127967,0.1078431372549019,0.5331278890600925,0.8109912686183872,0.6435541859270673,0.3569594247560349,0.0241397021058038,42.46507126166637,0.0983905792074242,-0.0341766613033846
56-031,Conocoto,Conocoto,3,0.6560741982143916,1474.8547975859524,2248,0.0594555873925501,0.059499661933739,0.2349785407725322,0.4803290414878398,0.1223175965665236,0.1126609442060085,0.0118025751072961,0.223175965665236,0.8977110157367668,0.0350500715307582,0.040414878397711,0.5253934191702432,0.2575107296137339,0.0783261802575107,0.0042918454935622,0.0171673819742489,0.0085836909871244,0.9434907010014306,0.0264663805436337,0.0,0.9653979238754326,0.9907727797001152,1.0,0.0599769319492502,0.7717889908256881,0.9174311926605504,0.8497706422018348,0.7110091743119266,0.0080275229357798,28.93657834249509,0.233333758396114,-0.061034017832162
50-317,La Mena,Quito,3,0.5097212626751959,1469.52640029259,2883,0.0503791982665222,0.1108891108891109,0.2309356408869659,0.478637101135749,0.1162790697674418,0.114656571119524,0.0127095727420227,0.2174148188209843,0.8261222282314765,0.0432666306111411,0.0278528934559221,0.3829096809085992,0.1614386154678204,0.1241211465657112,0.0043266630611141,0.0194699837750135,0.0045970795024337,0.9515954570037858,0.0178474851270957,0.002163331530557,0.9838983050847456,0.994915254237288,0.997457627118644,0.0381355932203389,0.4470787468247248,0.8687552921253175,0.7332768839966131,0.4157493649449619,0.0143945808636748,59.5871173987228,0.0908450327939377,-0.009643138471694
50-350,La Mena,Quito,0,0.5097212626751959,1466.4680727165387,2877,0.1507977354606278,0.1398825413774693,0.2732887287699433,0.4930519814719506,0.1325270200720535,0.1407617086978898,0.0393721049922799,0.2339166237776634,0.7323726196603191,0.0903242408646423,0.0602161605764282,0.2053525476067936,0.0625321667524446,0.179619145651055,0.0895522388059701,0.0362840967575913,0.0061760164693772,0.8584662892434379,0.0095213587236232,0.0,0.9754860524091292,0.99323753169907,0.99323753169907,0.1259509721048182,0.5265822784810127,0.7063291139240506,0.4928270042194093,0.2109704641350211,0.0590717299578059,39.6333068666004,0.1586810048151988,-0.040515421264207
50-103,Cochapamba,Quito,1,0.595393783686324,1464.0733140846708,2459,0.0701929474384564,0.0748116254036598,0.2359587902957793,0.4675972083748754,0.1139913592555666,0.1219674310402127,0.0189431704885343,0.2166832834828846,0.902625456962446,0.0259222333000997,0.0289132602193419,0.5719508142239946,0.2897972748421402,0.0787637088733798,0.0182784978398138,0.0139581256231306,0.0069790628115653,0.90794283815221,0.0525091392489199,0.0003323363243602,0.96,0.9914285714285714,0.9990476190476192,0.0504761904761904,0.6470588235294118,0.905123339658444,0.825426944971537,0.6755218216318786,0.0094876660341555,48.75291406903947,0.0890457133271199,-0.0054430105993168
50-298,La Ferroviaria,Quito,0,0.4555273984929733,1460.4208395684725,3206,0.1363191385217816,0.1046182846371347,0.2449828683308859,0.4845814977973568,0.1167400881057268,0.1282427802251591,0.0335291238374938,0.211453744493392,0.7829172785119922,0.0763582966226138,0.0526186979931473,0.3064121390112579,0.1118453255017131,0.1262848751835536,0.0242290748898678,0.0276554087126774,0.0083210964268232,0.9074889867841408,0.0315712187958884,0.000734214390602,0.953184957789716,0.995395241749808,0.9984650805832692,0.1189562547966231,0.4410413476263399,0.7725880551301685,0.6263399693721287,0.285604900459418,0.0390505359877488,72.43394234509972,0.0613625707353914,-0.0335733439387609
50-226,Puengasi,Quito,2,0.5588902870852502,1459.2625395795883,2611,0.2127784290738569,0.1176789587852494,0.2828253223915592,0.4862250879249707,0.1392145369284877,0.1436107854630715,0.0618405627198124,0.2209847596717467,0.7834114888628371,0.0785463071512309,0.0433763188745603,0.2467760844079718,0.0949589683470105,0.2145369284876905,0.1471277842907385,0.0202227432590855,0.0032239155920281,0.8212192262602579,0.0070339976553341,0.0011723329425556,0.9103053435114504,0.8940839694656488,0.9942748091603052,0.1898854961832061,0.599247412982126,0.7309501411100658,0.5672624647224835,0.3123236124176858,0.0517403574788334,28.454943577088923,0.2102507219434051,-0.0511927177557246
50-270,Puengasi,Quito,0,0.5588902870852502,1458.703649292503,2610,0.1322266742987979,0.1204301075268817,0.2601602747567258,0.4839725243274184,0.1259301659988551,0.1342301087578706,0.0294791070406411,0.2306811677160847,0.7899255867200916,0.0746994848311391,0.0429307384087006,0.2658843732112192,0.0741270749856897,0.1837435603892387,0.0475100171722953,0.026044647967945,0.0085861476817401,0.9012593016599886,0.0163136805953062,0.0002862049227246,0.9725526075022872,0.9945105215004576,0.9990850869167428,0.1024702653247941,0.553133514986376,0.7593097184377838,0.5940054495912807,0.2742960944595822,0.0417801998183469,46.5666215841248,0.1515689093446581,-0.0528663206753163
50-200,San Juan,Quito,3,0.6029606041892865,1455.5468985129378,2414,0.1131879543094496,0.0751280591918042,0.2468013468013468,0.4841750841750842,0.1218855218855218,0.1249158249158249,0.0252525252525252,0.2161616161616161,0.8626262626262626,0.0488215488215488,0.0484848484848484,0.4380471380471381,0.1868686868686868,0.1063973063973064,0.0545454545454545,0.0239057239057239,0.0053872053872053,0.857912457912458,0.0562289562289562,0.002020202020202,0.9623161764705882,0.9963235294117648,0.9990808823529412,0.1902573529411764,0.3440571939231456,0.7274352100089365,0.6532618409294012,0.2957998212689902,0.0294906166219839,131.75934354047843,0.0608671104032375,-0.0193120898647657
51-907,Alangasí,Alangasí,1,0.4874491999343671,1447.236674605136,2969,0.064891846921797,0.0688591983556012,0.2004950495049505,0.4711221122112211,0.0962596259625962,0.1042354235423542,0.0151265126512651,0.1853685368536853,0.9257425742574258,0.0239273927392739,0.0313531353135313,0.584983498349835,0.2736523652365236,0.058030803080308,0.0104510451045104,0.0068756875687568,0.0068756875687568,0.9249174917491748,0.0506050605060506,0.0002750275027502,0.9777397260273972,0.9863013698630136,0.9991438356164384,0.0410958904109589,0.776748104465038,0.9587194608256108,0.9275484414490311,0.806234203875316,0.0067396798652064,52.51102317709341,0.1862016497690723,-0.0559861183951781
50-274,Chimbacalle,Quito,0,0.5522640413984111,1444.7227322982435,2616,0.1221212121212121,0.1363383416805787,0.2418181818181818,0.4972727272727272,0.1193939393939394,0.1224242424242424,0.0303030303030303,0.2115151515151515,0.8133333333333334,0.0757575757575757,0.0566666666666666,0.3196969696969697,0.1248484848484848,0.1339393939393939,0.0227272727272727,0.0293939393939393,0.0087878787878787,0.911818181818182,0.023030303030303,0.0042424242424242,0.9594959495949597,0.9954995499549956,0.9981998199819982,0.1314131413141314,0.4681614349775784,0.7677130044843049,0.6017937219730942,0.3183856502242152,0.0412556053811659,68.57487028073041,0.0614750560627836,-0.020990458254422
50-205,San Juan,Quito,2,0.6029606041892865,1439.8699228040164,2388,0.2112676056338028,0.1387419165196943,0.2672926447574335,0.4845070422535211,0.1276995305164319,0.1395931142410015,0.0522691705790297,0.2150234741784037,0.7536776212832551,0.1020344287949921,0.0560250391236306,0.2184663536776213,0.0732394366197183,0.2034428794992175,0.0266040688575899,0.0081377151799687,0.0028169014084507,0.954303599374022,0.0081377151799687,0.0,0.9223946784922394,0.9855875831485588,0.9977827050997784,0.2461197339246119,0.5728155339805825,0.6785329018338727,0.5577130528586839,0.2276159654800431,0.0604099244875943,28.836018379576903,0.1584051987680097,-0.0333160712394043
50-276,Chimbacalle,Quito,0,0.5522640413984111,1439.200091884259,2606,0.0868916094356524,0.0945330296127562,0.2430576291430277,0.4896984174380412,0.1224246043595103,0.1206330247835174,0.0223947446999104,0.2206628844431173,0.7697820244849208,0.0668856375037324,0.0531501940877874,0.3144222155867423,0.1185428486115258,0.1263063601074947,0.0173186025679307,0.0238877276799044,0.0074649148999701,0.9286354135562854,0.0223947446999104,0.0002985965959988,0.9695652173913044,0.9921739130434782,0.9947826086956522,0.1347826086956521,0.4130434782608695,0.7547826086956522,0.5991304347826087,0.2573913043478261,0.0304347826086956,80.8997706270766,0.0536044209904059,-0.0216701960863575
50-434,La Ecuatoriana,Quito,0,0.3706827883681122,1435.6544393496988,3873,0.1064823827136461,0.1225604996096799,0.255401985594705,0.4932840179092855,0.1323729803387191,0.1230290052559859,0.0280319252481993,0.2273700603465057,0.7967685419505548,0.0737784699240802,0.0605411718902082,0.2347673739536694,0.0866264356628382,0.164882226980728,0.0264745960677438,0.0138212964765427,0.006229316721822,0.9458828109791708,0.0073973136071637,0.0001946661475569,0.9840865690642904,0.9942711648631444,0.9955442393380012,0.1234882240611075,0.4663310258023914,0.7432347388294525,0.5695405915670233,0.3228445563247325,0.0358716173694147,46.30323695450379,0.0901569124150175,-0.014911843755259
50-387,Chillogallo,Quito,0,0.4561716622492717,1432.8351911249624,3141,0.1315182279649284,0.1634928007431491,0.2570901544846668,0.4936592114364768,0.128429790177542,0.1286603643071247,0.0272077472907539,0.2298824071939128,0.7595111828452847,0.0926908000922296,0.0514180308969333,0.208669587272308,0.0629467373760664,0.1844593036661286,0.0232879870878487,0.0172930597186995,0.0087618169241411,0.9405118745676736,0.010145261701637,0.0,0.97165991902834,0.9748987854251012,0.9975708502024292,0.1360323886639676,0.5262321144674086,0.712241653418124,0.5190779014308426,0.2567567567567567,0.0397456279809221,32.13213933561967,0.1714352553161305,-0.0492424855406503
84-012,Tumbaco,Tumbaco,3,0.4730001215193621,1432.717368082148,3029,0.1323936571860055,0.0824455766558591,0.2396174175685879,0.4797382330732444,0.1127611376793355,0.1268562798892524,0.0324691668764158,0.2071482506921721,0.8190284419833879,0.0430405235338535,0.0468160080543669,0.3553989428643342,0.1683866096149005,0.1583186508935313,0.0503397936068462,0.022904606091115,0.0115781525295746,0.8827082808960484,0.0309589730682104,0.0015101938082053,0.9732704402515724,0.8797169811320755,0.9992138364779874,0.175314465408805,0.562888198757764,0.7996894409937888,0.6964285714285714,0.4580745341614907,0.0434782608695652,30.356211114701264,0.2016229670523399,-0.0630810792197359
56-006,Conocoto,Conocoto,1,0.6560741982143916,1431.5539005038024,2182,0.0329352153456388,0.0573366214549938,0.2243937748823742,0.4661599710459645,0.1067680057908071,0.1176257690915671,0.0057908070937386,0.2186029677886355,0.917119073470865,0.02171552660152,0.0318494390155627,0.5598986608758596,0.3022077452044879,0.0756424176619616,0.0079623597538906,0.013029315960912,0.0039811798769453,0.9457111834961998,0.0293159609120521,0.0,0.9810690423162584,0.9844097995545658,1.0,0.0278396436525612,0.7710176991150443,0.9435840707964602,0.8960176991150443,0.7345132743362832,0.0055309734513274,30.321992880933223,0.18231629817451,-0.0543062100202832
50-213,San Juan,Quito,3,0.6029606041892865,1431.4284743453663,2374,0.1073153899240855,0.1216216216216216,0.247330347915949,0.4726145366861867,0.1240096451946262,0.1233207027213227,0.0244574578022735,0.2228728901136755,0.8291422666207372,0.0654495349638305,0.0609714088873579,0.3861522562866,0.1622459524629693,0.1019634860489149,0.0310024112986565,0.0199793317258008,0.0072338959696865,0.9187047881501894,0.0227351016190148,0.0003444712366517,0.935515873015873,0.996031746031746,0.998015873015873,0.2261904761904762,0.4389051808406647,0.7556207233626588,0.6578690127077224,0.2561094819159335,0.0283479960899315,119.57584038036782,0.0549062937437966,-0.031042310787598
50-082,Comite Del Pueblo,Quito,0,0.3517495449289433,1429.8619001361546,4065,0.1637226970560304,0.1301369863013698,0.2651471984805318,0.4867996201329534,0.1346628679962013,0.1304843304843304,0.0389363722697056,0.2262108262108262,0.798670465337132,0.0634377967711301,0.0338081671415004,0.2603988603988604,0.0647673314339981,0.1152896486229819,0.0112060778727445,0.0543209876543209,0.0056980056980056,0.915289648622982,0.0134852801519468,0.0,0.9894969596462134,0.9955776672194584,0.9955776672194584,0.0945273631840796,0.4575523704520396,0.7613009922822491,0.5727673649393605,0.2194046306504961,0.0429988974641675,56.47899546425724,0.049149914900538,-0.0297371275772668
50-243,Centro Historico,Quito,0,0.5222684429404858,1428.9264598851692,2736,0.1941109205260148,0.1378590078328981,0.2453637660485021,0.4918687589158345,0.1263908701854493,0.1189728958630527,0.047360912981455,0.1971469329529244,0.7386590584878745,0.1024251069900142,0.0459343794579172,0.2644793152639087,0.0890156918687589,0.1534950071326676,0.0764621968616262,0.0179743223965763,0.0039942938659058,0.8733238231098431,0.0279600570613409,0.0002853067047075,0.937392795883362,0.9939965694682676,0.9957118353344768,0.3078902229845626,0.4533898305084746,0.6652542372881356,0.5228813559322034,0.2271186440677966,0.0669491525423728,81.44100297552437,0.1761086196301445,-0.0308633333811147
50-388,Chillogallo,Quito,0,0.4561716622492717,1427.8173028402205,3130,0.0660170523751522,0.1044083526682134,0.2603507062834875,0.4909887968826108,0.1315148563078421,0.1288358499756454,0.018265952264978,0.2420847540185094,0.7822698490014612,0.0545543107647345,0.0443253774963468,0.2886020457866536,0.1183633706770579,0.1602532878714077,0.0231368728689722,0.0336093521675596,0.0046273745737944,0.9218217243058938,0.0165611300535801,0.0002435460301997,0.988619119878604,0.9954476479514416,1.0,0.0523520485584218,0.3871212121212121,0.7712121212121212,0.6446969696969697,0.3416666666666667,0.0257575757575757,57.971545121164034,0.1352667728291773,-0.0290708797277114
50-023,El Condado,Quito,1,0.3680290710647501,1426.1126503759067,3875,0.0466522678185745,0.0530846484935437,0.1963480128893662,0.4670247046186895,0.0917293233082706,0.1046186895810956,0.0073039742212674,0.1890440386680988,0.9269602577873256,0.0214822771213748,0.0429645542427497,0.606015037593985,0.3224489795918367,0.0644468313641246,0.0092373791621911,0.0161117078410311,0.0073039742212674,0.8580021482277121,0.1089151450053705,0.0004296455424274,0.9820099255583128,0.9925558312655088,0.999379652605459,0.0341191066997518,0.7424148606811145,0.9386996904024768,0.8780185758513932,0.8241486068111455,0.004953560371517,37.9435785311573,0.2110430509911876,-0.0413549822197936
85-999,Yaruquí,Yaruquí,2,0.1270713869546714,1424.851461922731,11213,0.325394228881764,0.1298800714467976,0.2762297226582941,0.4861329147043433,0.1376896912611198,0.1385400313971742,0.0845761381475667,0.1916535845107273,0.7157247514390371,0.1159733124018838,0.0567111459968602,0.1444270015698587,0.0446755625327053,0.2745944531658817,0.0737833594976452,0.0166143380429094,0.0073914181057038,0.8932496075353218,0.0086342229199372,0.0003270538984824,0.8224525805028672,0.6380679311865902,0.9949272165857962,0.3350242611380679,0.6236979166666666,0.6443142361111112,0.4383680555555556,0.2445746527777778,0.0625,7.28275235426408,0.2177041574131461,-0.0002123109321096
50-398,Quitumbe,Quito,0,0.4547381971983855,1421.0568662449548,3125,0.1027817067421027,0.2081194587027531,0.2475247524752475,0.491041961338991,0.1244695898161244,0.123055162659123,0.0254596888260254,0.222065063649222,0.797972654408298,0.0662423385195662,0.0412541254125412,0.2517680339462517,0.0671852899575671,0.1421499292786421,0.0231023102310231,0.0426685525695426,0.0077793493635077,0.9172560113154172,0.0091937765205091,0.0,0.97847809377402,0.9930822444273636,0.9984627209838586,0.06456571867794,0.4834742505764796,0.7432744043043813,0.6272098385857033,0.2751729438893159,0.0307455803228285,43.038130415587865,0.1536302986988918,-0.0198663045340782
50-244,La Libertad,Quito,0,0.508888187202352,1418.7802659201573,2788,0.164841182913472,0.0838323353293413,0.2547892720306513,0.475095785440613,0.124247400109469,0.1305418719211822,0.0435139573070607,0.2110016420361248,0.6590038314176245,0.1365626710454296,0.0533661740558292,0.2454844006568144,0.0881226053639846,0.1762452107279693,0.0818281335522714,0.0101258894362342,0.003831417624521,0.8990147783251231,0.00519978106185,0.0,0.96017316017316,0.9965367965367964,0.9982683982683984,0.2987012987012987,0.4529109589041096,0.675513698630137,0.5291095890410958,0.2277397260273972,0.0684931506849315,64.1437075138092,0.0813803916705386,-0.0265052103380414
50-192,Mariscal Sucre,Quito,1,0.7243722905338109,1417.596572574668,1957,0.0753517930095324,0.0593841642228739,0.206927575348628,0.4678362573099415,0.0967161493477282,0.1102114260008996,0.0121457489878542,0.1929824561403508,0.9077822762033289,0.0350877192982456,0.0481331533963112,0.6306792622582096,0.3297345928924876,0.0530814215024741,0.0206927575348628,0.0134952766531713,0.0035987404408457,0.8695456590193432,0.0863697705802968,0.0062977957714799,0.95131845841785,0.9908722109533468,1.0,0.0689655172413793,0.5386158475426279,0.8966900702106319,0.8535606820461384,0.5205616850551655,0.0070210631895687,101.23484048163316,0.0950689788378398,-0.0345053843008238
55-030,Calderón,Calderón,0,0.3407930202813737,1415.9949992691077,4155,0.0757518081461743,0.1321818822700035,0.2626570232204035,0.4822992006090598,0.1324704986676817,0.1301865245527217,0.0163684811572135,0.2462885420631899,0.8549676437000381,0.050628092881614,0.0401598781880472,0.3123334602207842,0.1003045298819946,0.1239055957365816,0.0129425199847735,0.1410354015987819,0.00742291587362,0.8218500190331176,0.0167491435097068,0.0,0.981253661394259,0.9900410076157,0.9994141769185706,0.1927357937902753,0.5462478184991274,0.83304246655032,0.6340895869691682,0.3042466550319953,0.0186154741128563,49.38578862361526,0.1327163712320153,-0.0350647620657134
50-030,Carcelen,Quito,0,0.6797486997336066,1415.9165415451023,2083,0.0963017209813255,0.113235294117647,0.2541193701940681,0.4642987916514097,0.1193701940681069,0.1347491761259611,0.0201391431709996,0.2339802270230684,0.8176492127425852,0.0721347491761259,0.043207616257781,0.235811058220432,0.0721347491761259,0.1552544855364335,0.0172098132552178,0.0717685829366532,0.0146466495789088,0.8791651409740022,0.0157451482973269,0.0014646649578908,0.9877232142857144,0.9921875,0.9977678571428572,0.0714285714285714,0.4682981090100111,0.7775305895439377,0.5761957730812013,0.2747497219132369,0.0344827586206896,39.132133398163184,0.0563841557376342,-0.0189405113320855
50-179,Iñaquito,Quito,1,0.9090664173086987,1415.416411749644,1557,0.2167912593444508,0.0412642669007901,0.1794724770642201,0.4529816513761467,0.0860091743119266,0.0934633027522935,0.0430045871559633,0.1347477064220183,0.9243119266055044,0.0194954128440367,0.0418577981651376,0.7150229357798165,0.4248853211009174,0.0510321100917431,0.0114678899082568,0.0114678899082568,0.0057339449541284,0.8371559633027523,0.1295871559633027,0.0045871559633027,0.7740784780023782,0.9976218787158144,1.0,0.0118906064209274,0.5616113744075829,0.9360189573459716,0.8815165876777251,0.6777251184834123,0.0023696682464454,128.5719291933121,0.0638748364930701,-0.002201014095113
52-999,Amaguaña,Amaguaña,4,0.2142532737996558,1414.500113625328,6602,0.4646067415730337,0.1291074341645304,0.2731548885653488,0.4897524918803897,0.1374174039646097,0.1357374846007391,0.12599395229029,0.1458170007839623,0.6744316272818904,0.1252099899204838,0.0706686079068204,0.1748236084667936,0.0542053981408892,0.2505319744652257,0.0193750699966401,0.0061597043341919,0.0075036398252883,0.9580020159032366,0.0088475753163848,0.000111994624258,0.6644323418516966,0.5446166736489317,0.9928780896522832,0.2639296187683284,0.7558835261268448,0.6665337056242521,0.4918228958915038,0.2401276426007179,0.0434782608695652,5.5631787915093724,0.2980137749616843,-0.0448035522412634
55-019,Calderón,Calderón,0,0.3407930202813737,1410.5423109446058,4139,0.1096727795756922,0.1497961956521739,0.2781373606616325,0.4805825242718446,0.1359223300970873,0.1422150305645451,0.0329018338727076,0.2452355267889248,0.8286587558432219,0.0584322186263933,0.0300251708018698,0.2603380079108234,0.1021215390147429,0.1664868752247393,0.0634663790003595,0.0852211434735706,0.0080906148867313,0.8354908306364617,0.0077310320028766,0.0,0.9561611374407584,0.9751184834123224,0.9958530805687204,0.0906398104265402,0.5924617196702002,0.7785630153121319,0.6042402826855123,0.3527679623085983,0.022379269729093,44.71044636353034,0.0827969131719046,-0.0055755606988941
55-023,Calderón,Calderón,0,0.3407930202813737,1407.4751737620734,4130,0.1389824499202269,0.127,0.25527388760858,0.4850203864563021,0.12763694380429,0.12763694380429,0.0374047154759794,0.2178691721326006,0.82201737280624,0.0524729657862081,0.0278319446906576,0.3237014713703244,0.1453642971104414,0.1379188087218578,0.0347456124800567,0.0537138805176387,0.0083318560538911,0.8828221946463393,0.020031909235951,0.000354547066123,0.9616045845272206,0.8710601719197708,0.9988538681948425,0.0825214899713467,0.6252860411899314,0.8026315789473685,0.6229977116704806,0.3878718535469107,0.0429061784897025,46.18378579843757,0.1333864572511732,-0.0400706157267657
50-201,San Juan,Quito,3,0.6029606041892865,1406.1041289694165,2332,0.1078066914498141,0.0933660933660933,0.2661115133960898,0.4858797972483707,0.1350470673425054,0.1310644460535843,0.0253439536567704,0.2360608254887762,0.8808834178131788,0.0398262128892107,0.0535843591600289,0.499637943519189,0.2052860246198407,0.0941346850108617,0.0358435916002896,0.0249818971759594,0.0104996379435191,0.8595220854453295,0.0673425054308472,0.001810282404055,0.9249512670565302,0.9961013645224172,1.0,0.1198830409356725,0.3931860036832412,0.8130755064456722,0.7440147329650092,0.3388581952117864,0.0101289134438305,109.38993439307578,0.05228701943212,-0.0164937760451616
50-221,Itchimbia,Quito,3,0.6569341948950823,1405.182242880581,2139,0.0651052004763795,0.1310679611650485,0.2469233822945613,0.4696308058753473,0.1218737594283445,0.1250496228662167,0.0150853513298928,0.2318380309646685,0.8483525208416038,0.0670901151250496,0.0651052004763795,0.4239777689559349,0.1822151647479158,0.0849543469630805,0.0107185391028185,0.0142913854704247,0.0103215561730845,0.9293370385073442,0.0349344978165938,0.000396982929734,0.980278422273782,0.9965197215777262,1.0,0.0464037122969837,0.5605022831050228,0.8538812785388128,0.7146118721461188,0.4280821917808219,0.0148401826484018,47.04424653734479,0.1423860139056983,-0.0336452710722097
50-262,Puengasi,Quito,0,0.5588902870852502,1403.9324011581489,2512,0.0956893916233567,0.1452070334656835,0.2628205128205128,0.4884004884004884,0.1269841269841269,0.1358363858363858,0.0259462759462759,0.2368742368742368,0.7963980463980463,0.0686813186813186,0.0341880341880341,0.2619047619047619,0.0946275946275946,0.1721611721611721,0.0384615384615384,0.028083028083028,0.0057997557997558,0.9151404151404152,0.0125152625152625,0.0,0.9760536398467432,0.9990421455938696,0.9942528735632185,0.1015325670498084,0.4829545454545454,0.7528409090909091,0.5946969696969697,0.2604166666666667,0.0350378787878787,56.55907901582263,0.1225747797302341,-0.042437242716456
50-325,La Mena,Quito,0,0.5097212626751959,1401.2237510941136,2749,0.1007943029307039,0.154672395273899,0.2659545330046562,0.4845247877293892,0.1301013420980553,0.1358531909066009,0.0279375513557929,0.2380169816488633,0.8145713503149822,0.0698438783894823,0.0482059709668583,0.241851547521227,0.0840865516296904,0.1673514105724459,0.0221857025472473,0.0194467269241303,0.0021911804984935,0.9446726924130376,0.0115036976170912,0.0,0.9774571686203788,0.9927862939585212,0.9981965734896304,0.0739404869251578,0.5504504504504505,0.8036036036036036,0.6063063063063063,0.2648648648648649,0.0351351351351351,46.82854546232176,0.1714677937410728,-0.0303914667912317
50-313,San Bartolo,Quito,3,0.5424180635817769,1399.981022104566,2581,0.0671203216826477,0.1240263630916716,0.2232529375386518,0.4771181199752628,0.1125541125541125,0.1106988249845392,0.0151515151515151,0.2077922077922078,0.847247990105133,0.0470006184291898,0.0411255411255411,0.3744588744588744,0.1542980828695114,0.0924551638837353,0.0117501546072974,0.0306122448979591,0.0105132962275819,0.9304267161410018,0.0166975881261595,0.0,0.9788213627992634,0.9990791896869244,1.0,0.0506445672191528,0.5169258920402562,0.8600182982616651,0.7392497712717292,0.3449222323879231,0.0118938700823421,76.55983475648641,0.0862227399940024,-0.0132394998688501
50-219,Centro Historico,Quito,0,0.5222684429404858,1399.679427080502,2680,0.118491921005386,0.1012385568120624,0.2435016432626232,0.4867045115028384,0.1275769345682701,0.1159247086943531,0.0310726023304451,0.2112339408425455,0.8240215118016134,0.0636390797729309,0.0624439796832984,0.365700627427547,0.1272781595458619,0.132058559904392,0.0767851807588885,0.0298775022408126,0.0104571257842844,0.8282043621153271,0.054377054078279,0.0002987750224081,0.956989247311828,0.9942100909842844,0.9958643507030605,0.304383788254756,0.3818479149632052,0.7023712183156173,0.570727718724448,0.2387571545380212,0.0392477514309076,117.64166176121098,0.0802618567887415,-0.0317420772696164
50-320,San Bartolo,Quito,3,0.5424180635817769,1397.8113498502391,2577,0.0719402985074626,0.1118995633187772,0.252461951656222,0.4819456878543718,0.120561026559236,0.1319009250969859,0.0167114294240525,0.2354521038495971,0.8695911668158759,0.03909280811698,0.0817666368248284,0.3255744553864518,0.1321993434795583,0.1396598030438675,0.0190987764846314,0.0274544911966577,0.0017905102954341,0.9352432109817964,0.0152193375111906,0.0011936735302894,0.992248062015504,0.99515503875969,1.0,0.0184108527131782,0.4560386473429951,0.8685990338164251,0.7256038647342995,0.3768115942028985,0.0241545893719806,67.62777728126163,0.0561431223979219,-0.0028768518301344
50-099,Cochapamba,Quito,1,0.595393783686324,1395.0076351770572,2343,0.043047488896481,0.074739281575898,0.2230953194396993,0.4701059104885548,0.1100102494021182,0.1130850700375811,0.0081995216945678,0.2148957977451315,0.9074137341988384,0.0242569183464297,0.0327980867782712,0.5524427741715067,0.3088486504953878,0.0768705158865732,0.0064912880081995,0.0157157499145883,0.0047830543218312,0.9203963102152376,0.0495387769046805,0.0030748206354629,0.9852476290832456,0.9863013698630136,0.9989462592202318,0.0579557428872497,0.6564805057955743,0.9304531085353004,0.8724973656480506,0.726027397260274,0.0042149631190727,54.07232882007617,0.1207507335039154,-0.0172715262942472
50-212,San Juan,Quito,3,0.6029606041892865,1391.0301138646842,2307,0.1226415094339622,0.1005728835136855,0.2318688981868898,0.4717573221757322,0.1133193863319386,0.1185495118549511,0.0282426778242677,0.2032775453277545,0.8605299860529986,0.056136680613668,0.0470711297071129,0.3601813110181311,0.1426080892608089,0.1335425383542538,0.0149930264993026,0.0108089260808926,0.004881450488145,0.9553695955369595,0.0139470013947001,0.0,0.930924548352816,0.9936238044633368,0.9989373007438896,0.1519659936238044,0.5158898305084746,0.8072033898305084,0.6970338983050848,0.3644067796610169,0.0254237288135593,76.45673005685866,0.0580874074306127,-0.0233248746822872
55-029,Calderón,Calderón,3,0.3407930202813737,1388.0499716060351,4073,0.0741996233521657,0.1179661016949152,0.2619002822201317,0.4810912511759172,0.1322671683913452,0.1296331138287864,0.0203198494825964,0.2415804327375352,0.8714957666980244,0.0419567262464722,0.0474129821260583,0.3424270931326434,0.1392285983066792,0.1388523047977422,0.0306679209783631,0.0987770460959548,0.0142991533396048,0.8333019755409219,0.0214487300094073,0.0015051740357478,0.9823120656980416,0.992419456727732,0.9993682880606444,0.0726468730259001,0.6205385097056982,0.8666249217282405,0.7683155917345021,0.509079524107702,0.0169067000626174,52.096940550414274,0.1067787912044632,-0.0180036283444842
50-319,San Bartolo,Quito,3,0.5424180635817769,1387.505406642185,2558,0.051562026084319,0.1067738231917336,0.2471194663432383,0.4724075197089145,0.1130988477865373,0.134020618556701,0.0087932080048514,0.2383262583383869,0.8623408126137053,0.0400242571255306,0.0324439053972104,0.3314129775621589,0.1306852637962401,0.1146149181322013,0.0145542753183747,0.0215281989084293,0.0045482110369921,0.9408732565191024,0.0184960582171012,0.0,0.9950835791543756,0.9980334316617504,0.9980334316617504,0.031465093411996,0.5004878048780488,0.8653658536585366,0.7346341463414634,0.3648780487804878,0.0156097560975609,68.19684600830078,0.0666722254849927,-0.0023629857700303
50-304,La Ferroviaria,Quito,0,0.4555273984929733,1386.6254010126108,3044,0.1716976575706351,0.1497753369945082,0.2682926829268293,0.4672784351605892,0.1260565080898333,0.1422361748369958,0.0420188360299444,0.2262738468968848,0.6814779038879498,0.1265394832166143,0.0516783385655638,0.2146824438541415,0.0613378411011832,0.1787007969089591,0.0166626418739434,0.0374305723255252,0.0031393383240763,0.937213233518474,0.0055542139579811,0.0,0.9568,0.9912,0.9976,0.1816,0.5936254980079682,0.69800796812749,0.5195219123505976,0.250996015936255,0.0637450199203187,43.25637422815412,0.1775026232696219,-0.0470288680440502
55-042,Calderón,Calderón,3,0.3407930202813737,1382.2564902612517,4056,0.1202318623784592,0.1139285714285714,0.2409345794392523,0.4921495327102804,0.1237383177570093,0.117196261682243,0.022803738317757,0.2181308411214953,0.8128971962616822,0.0646728971962616,0.0420560747663551,0.3031775700934579,0.1162616822429906,0.1502803738317757,0.0493457943925233,0.0362616822429906,0.0082242990654205,0.8912149532710281,0.0149532710280373,0.0,0.954599761051374,0.953405017921147,0.9970131421744324,0.1356033452807646,0.6652769505658129,0.7867778439547349,0.6480047647409172,0.4341870160810006,0.0256104824300178,28.11808727610679,0.1413750528579592,-0.0550157078727777
55-008,Calderón,Calderón,2,0.3407930202813737,1375.4406298556244,4036,0.2643217830402228,0.1563146997929606,0.2761622845202856,0.4858088107261013,0.1339021417377677,0.1422601427825178,0.0736548842068605,0.202507400313425,0.7438620929827616,0.0938533867316733,0.034128504266063,0.1748215218526902,0.0395263799407974,0.2049451506181438,0.0687793835974229,0.0567647570955946,0.0228103778512972,0.8438098554762319,0.0078356259794532,0.0,0.8980891719745223,0.8484076433121019,0.9936305732484076,0.286624203821656,0.6260762607626076,0.6808118081180812,0.453259532595326,0.2250922509225092,0.065190651906519,25.673315046892306,0.1161704354891799,-0.0531566355228577
50-239,La Libertad,Quito,2,0.508888187202352,1370.9447763231362,2694,0.361455525606469,0.1355578727841501,0.260846133117758,0.4858528698464026,0.1258420910805712,0.1350040420371867,0.0902721638372406,0.1703045001347345,0.6343303691727297,0.1363513877661007,0.0455402856372945,0.1323093505793586,0.0358393963891134,0.2473726758286176,0.2371328482888709,0.0094314201023982,0.0045809754783077,0.740501212611156,0.008353543519267,0.0,0.8409090909090909,0.9503367003367004,0.9907407407407408,0.2727272727272727,0.5218827415359207,0.541701073492981,0.3864574731626755,0.1610239471511148,0.0858794384805945,32.70694748720332,0.2039089422252269,-0.0506144523546348
77-001,Pomasqui,Pomasqui,3,0.596056600668248,1368.5459551342974,2296,0.0699159663865546,0.0682510664229128,0.248993288590604,0.4778523489932886,0.1208053691275167,0.1281879194630872,0.0147651006711409,0.2332214765100671,0.8439597315436241,0.0446308724832214,0.0513422818791946,0.3691275167785235,0.1553691275167785,0.1577181208053691,0.0060402684563758,0.0140939597315436,0.0033557046979865,0.9553691275167784,0.0201342281879194,0.0010067114093959,0.9738562091503268,0.9814814814814816,0.9989106753812635,0.0806100217864923,0.603448275862069,0.822198275862069,0.7424568965517241,0.5150862068965517,0.0150862068965517,18.13639104312524,0.1323450985874577,-0.0437612802507511
50-073,Comite Del Pueblo,Quito,0,0.3517495449289433,1367.2504811388028,3887,0.1451866404715127,0.1198361215431888,0.2658550952287453,0.4802670331827999,0.1291969369723149,0.1366581582564304,0.0369134105635185,0.2287453367366974,0.8250539956803455,0.060475161987041,0.0422148046338111,0.3463577459257805,0.1507952091105439,0.1590418221087767,0.0942470056940899,0.0484979383467504,0.0076575692126448,0.8162183388965246,0.0320047123502847,0.0013744354997054,0.9176770899808552,0.9872367581365666,0.9987236758136566,0.0976388002552648,0.5422057917436846,0.8373382624768947,0.6734442390634627,0.425754775107825,0.0345040049291435,66.41900814110453,0.087229539646194,-0.0428848142675923
50-229,Puengasi,Quito,0,0.5588902870852502,1362.0156296267548,2437,0.1421149144254278,0.130938586326767,0.2687614399023795,0.4923733984136669,0.1293471629042099,0.1394142769981696,0.0396583282489322,0.2287980475899939,0.7385600976205003,0.096705308114704,0.047895057962172,0.2413056741915802,0.0875533862111043,0.1928004881025015,0.12202562538133,0.0164734594264795,0.0033557046979865,0.8435021354484442,0.0146430750457596,0.0,0.943943943943944,0.993993993993994,1.0,0.1491491491491491,0.5029940119760479,0.716566866267465,0.5658682634730539,0.281437125748503,0.0469061876247504,53.095898782421735,0.1358663187555006,-0.0371343945943536
50-411,Quitumbe,Quito,3,0.4547381971983855,1360.5766860175695,2992,0.0622748327328872,0.1328282828282828,0.2592497430626927,0.4912641315519013,0.1310380267214799,0.1282117163412127,0.0149023638232271,0.2435765673175745,0.8609969167523125,0.0393114080164439,0.0441932168550873,0.3147482014388489,0.1035457348406988,0.1253854059609455,0.0192702980472764,0.026978417266187,0.0084789311408016,0.9293422404933196,0.0156731757451181,0.000256937307297,0.9942196531791908,0.9991742361684558,0.9966969446738232,0.0346820809248554,0.414332784184514,0.8080724876441515,0.6754530477759473,0.4110378912685338,0.0222405271828665,54.70995973127162,0.0740702413554216,-0.0037378182597684
50-027,Carcelen,Quito,3,0.6797486997336066,1358.1379020677462,1998,0.0912832023943135,0.1111111111111111,0.2308267863823419,0.4695099139543583,0.1032547699214365,0.1275720164609053,0.019453797231575,0.2113729891507669,0.8237934904601572,0.0490086045641601,0.037037037037037,0.3348297792742237,0.1301907968574635,0.1365506921062476,0.019453797231575,0.056490834268612,0.0082304526748971,0.900860456416012,0.0142162364384586,0.0007482229704451,0.9785714285714284,0.9940476190476192,0.9976190476190476,0.0583333333333333,0.4392857142857143,0.8238095238095238,0.7035714285714286,0.4619047619047619,0.0202380952380952,40.8406252300038,0.1133521998278096,-0.0352369008472631
50-062,Cochapamba,Quito,3,0.595393783686324,1356.9024330211323,2279,0.1003344481605351,0.0949968334388853,0.2377926421404682,0.4725752508361204,0.1170568561872909,0.1207357859531772,0.0227424749163879,0.2150501672240802,0.8521739130434782,0.0444816053511705,0.0387959866220735,0.328428093645485,0.1307692307692307,0.1414715719063545,0.0210702341137123,0.0354515050167224,0.0050167224080267,0.9160535117056856,0.0210702341137123,0.0013377926421404,0.981404958677686,0.984504132231405,1.0,0.0898760330578512,0.456701030927835,0.7958762886597938,0.668041237113402,0.4195876288659794,0.0268041237113402,55.65859702679751,0.077245659997166,-0.0017562836223509
56-017,Conocoto,Conocoto,2,0.6560741982143916,1352.168922519861,2061,0.1925,0.1851106639839034,0.2764285714285714,0.4835714285714286,0.1378571428571428,0.1385714285714285,0.0528571428571428,0.2235714285714285,0.7960714285714285,0.0739285714285714,0.0539285714285714,0.2546428571428571,0.0925,0.1553571428571428,0.035,0.0160714285714285,0.0196428571428571,0.9207142857142856,0.0085714285714285,0.0,0.9376528117359412,0.9376528117359412,0.9963325183374084,0.2432762836185819,0.6547619047619048,0.7476190476190476,0.5702380952380952,0.3416666666666667,0.0535714285714285,27.56757111877565,0.2278867748754793,-0.0743351913239331
50-277,Chimbacalle,Quito,3,0.5522640413984111,1351.9423733433105,2448,0.1134386077989042,0.0778232884727911,0.23835528429168,0.4844201734661099,0.1223899775136524,0.1159653067780276,0.0311596530677802,0.2059106970767748,0.8268551236749117,0.0478637969804047,0.0513973658849983,0.3745583038869258,0.1455187921619017,0.1239961451975586,0.021522646964343,0.0224863475746868,0.013491808544812,0.9055573401863154,0.0353356890459364,0.0016061676839061,0.9868173258003766,0.9896421845574388,0.9981167608286252,0.0998116760828625,0.3666978484565014,0.7839101964452759,0.637043966323667,0.3274087932647334,0.0439663236669784,87.51092957444332,0.070436151363021,-0.0233839672791248
50-397,Quitumbe,Quito,0,0.4547381971983855,1351.0271838764031,2971,0.1331639135959339,0.1525105584232754,0.2917407878017789,0.4975857687420584,0.1496823379923761,0.1420584498094028,0.0348157560355781,0.2569250317662007,0.7903430749682337,0.0594663278271918,0.0350698856416772,0.2371029224904701,0.0744599745870393,0.1898348157560355,0.0429479034307496,0.0325285895806861,0.0088945362134688,0.9031766200762388,0.0124523506988564,0.0,0.9559183673469388,0.986938775510204,0.9951020408163266,0.0865306122448979,0.4763458401305057,0.7300163132137031,0.5791190864600326,0.2854812398042414,0.0424143556280587,46.77723575555361,0.1400197544113172,-0.0179598449343154
50-209,San Juan,Quito,0,0.6029606041892865,1349.425832175623,2238,0.1371249127704117,0.1590909090909091,0.2651779483600837,0.4842986741102582,0.1346824842986741,0.1304954640614096,0.0310537334263782,0.2341242149337055,0.7976273551988835,0.0945568736915561,0.0362875087229588,0.2609909281228192,0.0914166085136078,0.1653872993719469,0.043963712491277,0.0219818562456385,0.0020935101186322,0.9260293091416608,0.0059316120027913,0.0,0.9817007534983854,0.9935414424111948,0.9989235737351992,0.1808396124865446,0.4732334047109208,0.7451820128479657,0.5728051391862955,0.2569593147751606,0.0546038543897216,47.28119473433613,0.1235207436961459,-0.0267974882396107
50-305,La Ferroviaria,Quito,0,0.4555273984929733,1348.816626937694,2961,0.152055857253685,0.1356369262506446,0.26066718386346,0.4952159296612361,0.1336953710886992,0.1269718127747608,0.0377553659167313,0.2229118179467287,0.7328678562192914,0.103956555469356,0.0524954745280579,0.2244634083268683,0.069562968709594,0.1704163434186708,0.0408585466770106,0.0235324540987845,0.004137574347039,0.9208688906128782,0.0087923454874579,0.0018101887768295,0.9683698296836984,0.9951338199513382,0.9983779399837794,0.1857258718572587,0.5379644588045234,0.6938610662358643,0.5306946688206785,0.2520193861066236,0.0516962843295638,55.79895930915936,0.0911343978455757,-0.0380266577938712
50-303,La Ferroviaria,Quito,0,0.4555273984929733,1346.538989945229,2956,0.1581749049429657,0.1296202531645569,0.2567807351077313,0.4755386565272497,0.1252217997465145,0.1315589353612167,0.0347275031685678,0.2220532319391635,0.7171102661596959,0.1168567807351077,0.0555133079847908,0.2306717363751584,0.0712294043092522,0.1967046894803548,0.038276299112801,0.0144486692015209,0.0025348542458808,0.93510773130545,0.0096324461343472,0.0,0.955810147299509,0.995090016366612,0.9991816693944352,0.1644844517184942,0.5460472697636511,0.6984515077424613,0.5476772616136919,0.2722086389568052,0.0619396903015484,53.80578497344373,0.1239177024756807,-0.046885936846413
50-295,La Ferroviaria,Quito,3,0.4555273984929733,1341.0726611633131,2944,0.0892808683853459,0.1139615194869265,0.2610583446404342,0.4830393487109905,0.1302578018995929,0.1308005427408412,0.017910447761194,0.2431478968792401,0.8366350067842605,0.0578018995929443,0.0350067842605156,0.3595658073270013,0.1451831750339213,0.1256445047489823,0.0067842605156037,0.026865671641791,0.0141112618724559,0.9226594301221168,0.0295793758480325,0.0,0.9742558326629124,0.994368463395012,0.998390989541432,0.0893000804505229,0.4489959839357429,0.7831325301204819,0.6746987951807228,0.327710843373494,0.0248995983935742,66.81186127773552,0.0722931993553832,-0.0249954984200784
50-101,Cochapamba,Quito,2,0.595393783686324,1339.636013294229,2250,0.18359375,0.1492443324937027,0.251953125,0.48046875,0.1204427083333333,0.1315104166666666,0.0517578125,0.2001953125,0.7135416666666666,0.1204427083333333,0.0472005208333333,0.1813151041666666,0.0602213541666666,0.2408854166666666,0.0882161458333333,0.0113932291666666,0.0087890625,0.8736979166666666,0.017578125,0.0003255208333333,0.9111570247933884,0.9824380165289256,0.996900826446281,0.2303719008264463,0.5474226804123712,0.6494845360824743,0.4731958762886598,0.1969072164948453,0.0556701030927835,12.769699688148815,0.1708623871644124,-0.0248068904816526
50-186,Belisario Quevedo,Quito,3,0.739962622914521,1332.6726838690522,1801,0.0628465804066543,0.1,0.2399630826026765,0.4762344254730041,0.1199815413013382,0.1199815413013382,0.0161513613290263,0.2224273188740193,0.8546377480387632,0.0475311490539916,0.0839870789109367,0.5066912782648824,0.2233502538071066,0.0761421319796954,0.0124596215966774,0.010613751730503,0.0059990770650669,0.925703737886479,0.0452238117212736,0.0,0.955242966751918,0.9987212276214834,0.9974424552429668,0.0933503836317135,0.5069708491761724,0.8580481622306717,0.7934093789607097,0.4182509505703422,0.0126742712294043,59.64291321204988,0.0705049660072331,-0.0058402560410599
55-007,Calderón,Calderón,2,0.3407930202813737,1332.1599162798898,3909,0.2686890574214517,0.1492427041004802,0.2719393282773564,0.4942217407006139,0.131274828457927,0.1406644998194293,0.0736728060671722,0.1982665222101841,0.7807872878295413,0.0772842181292885,0.0594077284218129,0.1655832430480318,0.0444203683640303,0.2089201877934272,0.0929938605994944,0.066088840736728,0.0070422535211267,0.8266522210184182,0.0072228241242325,0.0,0.8639947437582128,0.6918528252299606,0.9947437582128776,0.2490144546649146,0.6088050314465409,0.7503144654088051,0.5044025157232704,0.2584905660377358,0.0654088050314465,22.28937681537549,0.1195459581142371,-0.0663957988577968
50-264,Puengasi,Quito,3,0.5588902870852502,1330.7177735499808,2381,0.0857998004655803,0.0911969601013299,0.2427668772863319,0.4905221150648486,0.1260392417692052,0.1167276355171267,0.0229464582640505,0.2198204190222813,0.8619886930495511,0.048885932823412,0.033255736614566,0.3691386764216827,0.1553042899900232,0.1356834053874293,0.0382440971067509,0.0199534419687396,0.0049883604921849,0.9211839042234784,0.015630196208846,0.0,0.9927159209157128,0.9906347554630592,0.9958376690946932,0.0749219562955254,0.5954592363261094,0.846233230134159,0.7265221878224974,0.4468524251805985,0.023735810113519,50.52629937651408,0.140043906683167,-0.0553901385800587
50-241,La Libertad,Quito,2,0.508888187202352,1325.6537276621268,2605,0.2830136224631637,0.1306755260243632,0.2507645259938837,0.493744787322769,0.1278843480678343,0.1228801779260494,0.0761745899360578,0.1745899360578259,0.6341395607450653,0.1479010286349736,0.0622741173199888,0.1743119266055046,0.0486516541562413,0.2221295524047817,0.1873783708646094,0.0139004726160689,0.004448151237142,0.7812065610230747,0.0130664442591048,0.0,0.8759894459102903,0.9964819700967458,0.9964819700967458,0.2480211081794195,0.4304347826086956,0.5826086956521739,0.3956521739130434,0.1965217391304347,0.0895652173913043,47.82679410524006,0.1203687224757821,-0.0377426671905747
50-356,Solanda,Quito,0,0.5562233385704759,1325.480215813444,2383,0.1242433896145269,0.102665910380034,0.265520534861509,0.4877427570837312,0.1337153772683858,0.1318051575931232,0.0289716650748169,0.2365488697866921,0.792741165234002,0.070041388092964,0.0359758038841133,0.2836676217765043,0.1152499204075135,0.1649156319643425,0.1162050302451448,0.0219675262655205,0.0041388092964024,0.8229863100923273,0.0337472142629735,0.0009551098376313,0.9660852713178296,0.9883720930232558,1.0,0.0591085271317829,0.3757225433526011,0.7822736030828517,0.5886319845857418,0.3439306358381503,0.0394990366088632,82.05877604067905,0.0748773708799766,-0.0240844742580334
50-443,Quitumbe,Quito,2,0.4547381971983855,1322.8334156501037,2909,0.1108636476119772,0.1571072319201995,0.2764167285325414,0.4924523632764167,0.1306607275426874,0.145756000989854,0.0304380103934669,0.2459787181390745,0.7208611729769859,0.0913140311804008,0.0544419698094531,0.1650581539222964,0.0400890868596882,0.2182628062360802,0.1883197228408809,0.0133630289532293,0.0037119524870081,0.791635733729275,0.0029695619896065,0.0,0.9803921568627452,0.9965899403239556,0.9914748508098892,0.1585677749360614,0.5248107653490328,0.6652649285113541,0.4230445752733389,0.2001682085786375,0.0294365012615643,39.75592688794406,0.1838197291087706,-0.0262291998620321
50-293,San Bartolo,Quito,3,0.5424180635817769,1318.6183125672997,2431,0.0851282051282051,0.1560880829015544,0.2328205128205128,0.4584615384615385,0.1107692307692307,0.122051282051282,0.0188034188034188,0.214017094017094,0.8191452991452991,0.0981196581196581,0.0745299145299145,0.3524786324786325,0.1435897435897435,0.0984615384615384,0.0047863247863247,0.0078632478632478,0.0034188034188034,0.962051282051282,0.0208547008547008,0.001025641025641,0.9572836801752465,1.0,1.0,0.2508214676889376,0.5986984815618221,0.8438177874186551,0.720173535791757,0.2982646420824295,0.0130151843817787,75.77889003450909,0.0659551763124301,-0.0217488713160718
50-378,Chillogallo,Quito,0,0.4561716622492717,1317.879932238146,2889,0.1669654289372599,0.1161953727506426,0.2629961587708067,0.482202304737516,0.1270166453265044,0.1359795134443021,0.0412291933418694,0.2217669654289372,0.754673495518566,0.1039692701664532,0.052752880921895,0.2051216389244558,0.065044814340589,0.1889884763124199,0.0335467349551856,0.023303457106274,0.0056338028169014,0.9308578745198464,0.0066581306017925,0.0,0.9254606365159128,0.983249581239531,0.9958123953098827,0.1457286432160804,0.5302904564315353,0.7136929460580913,0.4995850622406639,0.2456431535269709,0.0481327800829875,17.534413766115904,0.1261052925101824,-0.0331445147627208
55-032,Calderón,Calderón,3,0.3407930202813737,1316.824230367228,3864,0.0871951219512195,0.1336596385542168,0.2343495934959349,0.4654471544715447,0.115650406504065,0.1186991869918699,0.0148373983739837,0.2195121951219512,0.8392276422764228,0.0463414634146341,0.0532520325203252,0.2953252032520325,0.1140243902439024,0.1170731707317073,0.0223577235772357,0.065650406504065,0.0089430894308943,0.8802845528455284,0.022560975609756,0.0002032520325203,0.9849812265331664,0.9956195244055068,0.9981226533166458,0.0832290362953692,0.5242839352428393,0.8567870485678705,0.6463262764632628,0.2783312577833126,0.0236612702366127,53.117282183873165,0.0538650272776451,-0.0174682179290633
50-242,La Libertad,Quito,2,0.508888187202352,1316.4937402924843,2587,0.3173318448227742,0.1206620395088094,0.2735138152386268,0.5085124197599776,0.1426179179458554,0.1308958972927714,0.0974044097125313,0.1761094055260954,0.615126988557075,0.1278258442645827,0.0457716996929946,0.1677365336310354,0.044376221043818,0.2277421155456321,0.3455205135361429,0.021769466927156,0.005023723137036,0.6137315099078984,0.0139547864917666,0.0,0.8512820512820513,0.988034188034188,0.9957264957264956,0.2649572649572649,0.2962648556876061,0.534804753820034,0.3887945670628183,0.1757215619694397,0.1281833616298811,57.258767487166764,0.0934225932007824,-0.0347995299181317
50-292,San Bartolo,Quito,3,0.5424180635817769,1313.7365499950636,2422,0.0555367422959702,0.1025802391441157,0.221469691838808,0.4761259735861835,0.1056552658313579,0.11581442600745,0.0138841855739925,0.2075855062648154,0.8760582458516762,0.0504571622079241,0.0555367422959702,0.3938367761598375,0.1933626820182865,0.0904165255672197,0.003386386725364,0.0132069082289197,0.003386386725364,0.952251947172367,0.0277683711479851,0.0,0.983991462113127,0.9978655282817502,0.9989327641408752,0.1173959445037353,0.5835095137420718,0.8731501057082452,0.7526427061310782,0.354122621564482,0.0105708245243128,76.57565820768633,0.1316599899465984,-0.0366838747367891
50-256,Chimbacalle,Quito,0,0.5522640413984111,1312.1793623626247,2376,0.114162806088683,0.1090458488228005,0.2614162806088683,0.485440105890139,0.1307081403044341,0.1307081403044341,0.0307743216412971,0.2306419589675711,0.813368630046327,0.0612177365982792,0.0744540039708802,0.3269358041032429,0.1330244870946393,0.1326935804103242,0.0251489080079417,0.0158835208471211,0.0069490403706154,0.92686962276638,0.0251489080079417,0.0,0.9601518026565464,0.9971537001897534,0.9971537001897534,0.1821631878557874,0.3235572374645222,0.7398297067171239,0.5988647114474929,0.2942289498580889,0.0416272469252601,90.41827079093102,0.0590748887914176,-0.0351994163320526
50-396,Quitumbe,Quito,0,0.4547381971983855,1311.0102225229457,2883,0.0680994303469704,0.1141885325558794,0.2581563956499223,0.4971517348524081,0.1323148627654065,0.1258415328845158,0.0121698601760745,0.2459865354738477,0.7998446400828586,0.0686172967374417,0.0367685137234593,0.2819782496116002,0.1040911444847229,0.1434489901605385,0.0380631796996374,0.0388399792853443,0.0126877265665458,0.898757120662869,0.0108751941998964,0.0007767995857068,0.9885245901639343,0.9983606557377048,0.992622950819672,0.0385245901639344,0.3983673469387755,0.7853061224489796,0.6171428571428571,0.3216326530612245,0.0228571428571428,65.72892862047468,0.0738924159003854,-0.0069902192181136
84-008,Tumbaco,Tumbaco,0,0.4730001215193621,1309.2643363655943,2768,0.1872340425531914,0.1123379740758521,0.2699468085106383,0.4914893617021276,0.1367021276595744,0.1332446808510638,0.0465425531914893,0.2234042553191489,0.7731382978723405,0.0784574468085106,0.0425531914893617,0.2646276595744681,0.1143617021276595,0.1994680851063829,0.0329787234042553,0.038031914893617,0.0085106382978723,0.8702127659574468,0.0502659574468085,0.0,0.9228813559322034,0.9322033898305084,0.997457627118644,0.1796610169491525,0.4995787700084246,0.6554338668913227,0.5265374894692502,0.3125526537489469,0.0530749789385004,29.50717056485852,0.1991669369468813,-0.0625717098843168
50-275,Chimbacalle,Quito,3,0.5522640413984111,1308.8657781142344,2370,0.0866915001693193,0.1078553615960099,0.2400135409614082,0.4664861205145565,0.1222071767095463,0.1178063642518618,0.0220040622884224,0.2180094786729857,0.7860528097494922,0.0721056194989844,0.0416384563303994,0.3344617467840217,0.1465809072444143,0.1238997968855788,0.0101557210561949,0.0094786729857819,0.0037237643872714,0.9664861205145564,0.0101557210561949,0.0,0.9890219560878244,0.994011976047904,1.0,0.1467065868263473,0.4311199207135778,0.7869177403369673,0.6422200198216056,0.3359762140733399,0.0356788899900891,82.77966011176676,0.0490245023711295,-0.0218128886404813
51-906,Alangasí,Alangasí,1,0.4874491999343671,1304.9015082243009,2677,0.0454266421117249,0.0718629076838032,0.1975159042714329,0.4753105119660709,0.1039079066949409,0.0936079975764919,0.0099969706149651,0.1875189336564677,0.9197212965767948,0.0242350802787034,0.0411996364737958,0.5931535898212663,0.2826416237503786,0.0539230536201151,0.0054528930627082,0.0075734625870948,0.0048470160557406,0.9154801575280218,0.0666464707664344,0.0,0.9840075258701788,0.986829727187206,0.9990592662276576,0.0827845719661335,0.7792329279700655,0.9560336763330216,0.9251637043966324,0.8362956033676333,0.010289990645463,38.1161955318219,0.2198996772419603,-0.0579426132169086
50-018,El Condado,Quito,0,0.3680290710647501,1302.8229115692154,3540,0.1156900622451169,0.1097461097461097,0.2766688130500107,0.4801459540673964,0.1326464906632324,0.1440223223867782,0.0285468984760678,0.2481219145739429,0.8128353723975102,0.0525863919295986,0.0530156685984116,0.2652929813264649,0.0824211204121056,0.1616226658081133,0.0362738785147027,0.0607426486370465,0.0150246834084567,0.8714316376904915,0.0154539600772698,0.0010731916720326,0.975067385444744,0.9858490566037736,0.9966307277628031,0.1024258760107816,0.4805890227576974,0.7737617135207496,0.570281124497992,0.2931726907630522,0.0354752342704149,35.48195482183386,0.1432290031235202,-0.0295944074179194
50-442,Quitumbe,Quito,0,0.4547381971983855,1299.1870293957877,2857,0.0739989863152559,0.159917990773962,0.26431829700963,0.4903699949315763,0.1272174353775975,0.1371008616320324,0.0167257982767359,0.247592498732894,0.7853522554485555,0.0762797769893563,0.0334515965534718,0.2607704004054739,0.0828687278256462,0.141409021794222,0.0306639635073492,0.0225544855549924,0.0060821084642676,0.9333502280790674,0.0073492143943233,0.0,0.9840566873339238,0.995571302037201,0.9982285208148804,0.0912311780336581,0.5947136563876652,0.801762114537445,0.6563876651982379,0.3638766519823788,0.0211453744493392,42.3858331418505,0.1511819217746614,-0.0180857491285111
50-206,San Juan,Quito,2,0.6029606041892865,1291.5416141734518,2142,0.1913013931362555,0.1004657351962741,0.2537364130434782,0.4894701086956521,0.1226222826086956,0.1311141304347826,0.0465353260869565,0.2072010869565217,0.7170516304347826,0.1283967391304347,0.0434782608695652,0.2129755434782608,0.0658967391304347,0.225203804347826,0.0509510869565217,0.0125679347826086,0.0023777173913043,0.923233695652174,0.0108695652173913,0.0,0.926605504587156,0.9954128440366972,0.9977064220183486,0.2041284403669724,0.5424688561721405,0.6568516421291053,0.5198187995469988,0.2604756511891279,0.0611551528878822,32.94390515787193,0.1667150318231904,-0.0214493469246931
86-001,Zámbiza,Zámbiza,3,0.4300944241412338,1290.7133668478425,3001,0.1345074017355793,0.075212866603595,0.2417049515058703,0.4908116385911179,0.1232771822358346,0.1184277692700357,0.0311383358856559,0.2105666156202144,0.799642674834099,0.0801429300663603,0.0431342521694742,0.318274629913221,0.1327207759060745,0.1852986217457886,0.0239918325676365,0.0063808065339458,0.0068912710566615,0.9527820316488004,0.0099540581929555,0.0,0.9528145695364238,0.9536423841059604,0.9966887417218544,0.1746688741721854,0.651277823577906,0.7658697444352844,0.6619950535861501,0.3957131079967024,0.032151690024732,24.114762179056807,0.2001907942049662,-0.0626138551777604
50-297,La Ferroviaria,Quito,0,0.4555273984929733,1290.5091199305934,2833,0.1575492341356674,0.1369495166487647,0.2450765864332603,0.4800328227571116,0.1203501094091903,0.12472647702407,0.0399343544857768,0.2051422319474836,0.8030634573304157,0.0735776805251641,0.0582603938730853,0.2850109409190372,0.1064004376367614,0.1356673960612691,0.0328227571115973,0.0287199124726477,0.0073851203501094,0.9108315098468271,0.0202407002188183,0.0,0.9362582781456954,0.9983443708609272,0.9966887417218544,0.1332781456953642,0.4135649296939619,0.7377998345740281,0.5789909015715468,0.2886683209263854,0.0471464019851116,77.32047263739621,0.0632365720328873,-0.027076853651091
50-169,Iñaquito,Quito,1,0.9090664173086987,1289.9652461610435,1419,0.0575851393188854,0.0652376514445479,0.2169637369391518,0.4665027658266749,0.1051014136447449,0.1118623232944068,0.009219422249539,0.2071296865396435,0.9053472649047326,0.0295021511985248,0.0448678549477566,0.645359557467732,0.3577135832821143,0.0510141364474492,0.0141364474492931,0.0067609096496619,0.0202827289489858,0.8561770129071912,0.0989551321450522,0.0036877688998156,0.9760900140646976,0.9929676511954992,1.0,0.0436005625879043,0.4719562243502052,0.9001367989056087,0.8290013679890561,0.5348837209302325,0.0054719562243502,107.1483769539075,0.0548024181411239,0.0037980693869721
50-055,El Condado,Quito,2,0.3680290710647501,1287.365690584496,3498,0.2038893344025661,0.1495041952707856,0.2873448137765318,0.486784140969163,0.1435722867440929,0.1437725270324389,0.0584701641970364,0.2282739287144573,0.6940328394072888,0.1107328794553464,0.0486583900680816,0.1651982378854625,0.0450540648778534,0.2228674409291149,0.2260712855426511,0.0784941930316379,0.0078093712454945,0.6792150580696836,0.0084100921105326,0.0,0.9289232934553132,0.9936664320900774,0.9992962702322308,0.1970443349753694,0.5041152263374485,0.6255144032921811,0.4272976680384088,0.2249657064471879,0.0733882030178326,21.49923094169243,0.1553972718739914,-0.0184894060809815
50-119,San Isidro Del Inca,Quito,0,0.6525392962564884,1286.8074922177952,1972,0.1266441187523487,0.1475186947654656,0.263434798947764,0.4926719278466742,0.1300263059000375,0.1334084930477264,0.0334460729049229,0.229988726042841,0.8000751597143931,0.0620067643742953,0.0477264186396091,0.2453964674934235,0.0830514844043592,0.1800075159714393,0.0334460729049229,0.1003382187147688,0.0105223600150319,0.8297632468996617,0.0259301014656144,0.0,0.972488038277512,0.972488038277512,0.9976076555023924,0.0885167464114832,0.4086021505376344,0.7204301075268817,0.5376344086021505,0.2473118279569892,0.038231780167264,48.61620704387797,0.1221831702161447,-0.0247107024432299
50-204,San Juan,Quito,0,0.6029606041892865,1280.688323298045,2124,0.1644271570014144,0.1430481283422459,0.2577793493635077,0.4883309759547383,0.129066478076379,0.1287128712871287,0.041018387553041,0.2167609618104667,0.8101131541725601,0.0781471004243281,0.0484441301272984,0.2475247524752475,0.086987270155587,0.1757425742574257,0.013083451202263,0.0208628005657708,0.0031824611032531,0.9586280056577088,0.0042432814710042,0.0,0.9451901565995524,0.9854586129753916,0.9988814317673378,0.1286353467561521,0.439241917502787,0.705685618729097,0.6075808249721293,0.2720178372352285,0.0535117056856187,31.64852709855352,0.1539315761268868,-0.0274524890576166
50-021,El Condado,Quito,0,0.3680290710647501,1280.005109163201,3478,0.1043049903619618,0.1193561052218296,0.2683658170914543,0.4808310130648961,0.1334332833583208,0.1349325337331334,0.0274148639965731,0.2409509530948811,0.826943671021632,0.0670379096166202,0.0469051188691368,0.318911972585136,0.1267937459841507,0.1614906832298136,0.0229171128721353,0.0394088669950738,0.0100663953737417,0.9046905118869136,0.0220603983722424,0.0008567144998929,0.9691569568197396,0.9931459904043866,0.9993145990404386,0.1014393420150788,0.53025152957172,0.787899388171312,0.6628144119646499,0.3963290278721957,0.0319510537049626,30.787776339074984,0.1541273200971965,-0.0304735244536243
84-005,Tumbaco,Tumbaco,3,0.4730001215193621,1279.4653287098745,2705,0.1618497109826589,0.1279306829765545,0.2361271676300578,0.4716763005780346,0.115028901734104,0.1210982658959537,0.0424855491329479,0.1936416184971098,0.8436416184971098,0.0468208092485549,0.0427745664739884,0.3763005780346821,0.1690751445086705,0.1485549132947977,0.0060693641618497,0.0234104046242774,0.007514450867052,0.8994219653179191,0.0627167630057803,0.0008670520231213,0.9694793536804308,0.9461400359066428,0.9937163375224416,0.1472172351885098,0.6215494211932324,0.8121104185218165,0.7132680320569902,0.5102404274265361,0.0480854853072128,24.16526159047152,0.2068434526505777,-0.0674618894885239
50-312,San Bartolo,Quito,3,0.5424180635817769,1278.4793758622482,2357,0.0430247718383311,0.1165865384615384,0.2291395045632333,0.4833767926988266,0.1144067796610169,0.1147327249022164,0.0107561929595827,0.2183833116036506,0.8722294654498044,0.0332464146023468,0.0371577574967405,0.3569100391134289,0.150586701434159,0.1192959582790091,0.006844850065189,0.0378096479791395,0.0058670143415906,0.9139504563233376,0.0355280312907431,0.0,0.9818763326226012,0.9957356076759062,1.0,0.021321961620469,0.4947033898305085,0.8760593220338984,0.7351694915254238,0.4036016949152542,0.0084745762711864,69.85675619314382,0.0582510319052511,-0.0056342906371485
55-024,Calderón,Calderón,2,0.3407930202813737,1277.63303303487,3749,0.3426235600148644,0.1255230125523012,0.2677443329617243,0.4884801189149015,0.1315496098104793,0.1361947231512449,0.0934596804162021,0.1742846525455221,0.7233370494240059,0.1070234113712374,0.0536975102192493,0.1549609810479375,0.0397621701969528,0.2255667038275734,0.3312894834633965,0.0157933853586027,0.0055741360089186,0.6443701226309922,0.0029728725380899,0.0,0.850632911392405,0.6683544303797468,0.9936708860759492,0.2120253164556962,0.605412208936438,0.6809314033983638,0.4059156702328508,0.1831340465701699,0.040276903713027,17.80020011176404,0.1435682759667448,-0.0678491732702763
50-271,La Ferroviaria,Quito,0,0.4555273984929733,1272.7435513893674,2794,0.1374935266701191,0.1347020530796194,0.2749870533402382,0.4888658726048679,0.1364577938891766,0.1385292594510616,0.032107716209218,0.2428793371310202,0.7397721387881927,0.0919212843086483,0.041170378042465,0.2195753495598135,0.0598135680994303,0.1765924391506991,0.0409114448472294,0.0145002589331952,0.0075090626618332,0.9321595028482652,0.0049197307094769,0.0,0.9697732997481108,0.9899244332493704,0.99664147774979,0.1586901763224181,0.5217391304347826,0.7115384615384616,0.5234113712374582,0.2918060200668896,0.0468227424749163,41.648734633056094,0.1379239577778983,-0.0387445639018436
50-013,El Condado,Quito,0,0.3680290710647501,1269.3322661023233,3449,0.1251053074978938,0.1489113530326594,0.2923336141533277,0.4867312552653749,0.1459561920808761,0.1463774220724515,0.033698399326032,0.2586352148272957,0.7828559393428812,0.0819292333614153,0.0528643639427127,0.1819713563605728,0.054759898904802,0.2337826453243471,0.0473883740522325,0.0600252737994945,0.0073715248525695,0.8805812973883741,0.0046335299073294,0.0,0.9759579263711496,0.994740796393689,0.9932381667918858,0.1758076634109692,0.5522058823529412,0.725735294117647,0.5375,0.2573529411764705,0.0580882352941176,34.01611524561177,0.1135119907176648,-0.0211953813787332
50-450,Turubamba,Quito,0,0.3279478062807397,1263.2549497934094,3852,0.1497180633871281,0.127915726109857,0.2831032471320241,0.4934862920474431,0.1468014777367295,0.1363017693952945,0.0421932724090997,0.2409099747229243,0.7213688508652537,0.0921641065525957,0.0365545401516624,0.2292436321213299,0.0705813727396461,0.1847170911919113,0.0542484930974139,0.0244993194633482,0.006222049387517,0.9033637954501264,0.0116663426015944,0.0,0.9701492537313432,0.9948085658663206,0.9974042829331604,0.1297858533419857,0.4524421593830334,0.6844473007712082,0.532133676092545,0.243573264781491,0.0501285347043701,44.13673302629869,0.1601159135637326,-0.0359250849966369
50-283,Chilibulo,Quito,0,0.5650943898372349,1261.8557725065457,2233,0.1572996341868972,0.1250836120401337,0.256563642406115,0.4898637421070123,0.1339315387171817,0.1226321036889332,0.0372216683283482,0.2193419740777667,0.7843137254901961,0.0731139913592555,0.0365569956796277,0.2369557992688601,0.0794283815221003,0.1811232967763376,0.0239282153539381,0.0129611166500498,0.0019940179461615,0.9521435692921236,0.0089730807577268,0.0,0.975877192982456,0.9857456140350878,0.9945175438596492,0.1392543859649122,0.5300546448087432,0.746448087431694,0.6153005464480874,0.2863387978142076,0.0601092896174863,42.8940185155624,0.1222336191528845,-0.0224452026005105
50-315,Chilibulo,Quito,0,0.5650943898372349,1261.2906781167082,2232,0.1565187478500172,0.1300268096514745,0.2713550600343053,0.4939965694682676,0.146483704974271,0.1248713550600343,0.0445969125214408,0.2260720411663808,0.7272727272727273,0.092967409948542,0.0391080617495711,0.2500857632933104,0.0854202401372212,0.1512864493996569,0.0164665523156089,0.0367066895368782,0.0085763293310463,0.9135506003430532,0.0246998284734133,0.0,0.9638802889576884,0.9927760577915375,0.9896800825593396,0.1486068111455108,0.3728115345005149,0.721936148300721,0.5025746652935118,0.1925849639546858,0.0473738414006179,48.526584080287385,0.0984076069436602,-0.0230386054945671
50-016,El Condado,Quito,0,0.3680290710647501,1258.2913939703808,3419,0.2003061447627378,0.157531290461804,0.2877760769735403,0.48283402580363,0.1454187623004592,0.1423573146730811,0.0531379838180625,0.2346380931554778,0.7653619068445222,0.0780669144981412,0.0299584517821998,0.1985567461185217,0.0435162912748742,0.1644434725563087,0.0201180844084845,0.140389241198338,0.0072162694073912,0.8182812158320577,0.0139951891537284,0.0,0.9612903225806452,0.9541218637992832,0.9913978494623656,0.1598566308243727,0.5628952916373858,0.7280393534785664,0.4855938158819395,0.2319044272663387,0.0534082923401264,30.40736509435317,0.1491178923409895,-0.0205503456416692
50-376,Chillogallo,Quito,0,0.4561716622492717,1249.9103545630044,2740,0.139247311827957,0.1939030484757621,0.2612903225806451,0.4876344086021505,0.1225806451612903,0.1387096774193548,0.0368279569892473,0.2244623655913978,0.7647849462365591,0.0879032258064516,0.0701612903225806,0.1983870967741935,0.0647849462365591,0.2018817204301075,0.082258064516129,0.0427419354838709,0.0056451612903225,0.8599462365591398,0.0094086021505376,0.0,0.9332740213523132,0.9617437722419928,0.9937722419928826,0.146797153024911,0.5402298850574713,0.6852343059239611,0.4871794871794871,0.25552608311229,0.0327144120247568,37.3959858470968,0.170405570165217,-0.0458267999157124
50-285,Chilibulo,Quito,0,0.5650943898372349,1245.4680352012658,2204,0.1679946879150066,0.1228868660598179,0.2642762284196547,0.4674634794156706,0.1298140770252324,0.1344621513944223,0.0415006640106241,0.2227755644090305,0.7290836653386454,0.1059096945551128,0.0408366533864541,0.2058432934926959,0.0780212483399734,0.2104913678618858,0.0268924302788844,0.0219123505976095,0.0029880478087649,0.9369189907038512,0.0112881806108897,0.0,0.9133409350057012,0.9885974914481186,1.0,0.1379703534777651,0.5292134831460674,0.7314606741573034,0.549438202247191,0.2741573033707865,0.0438202247191011,39.23036552349311,0.1821666331690097,-0.0433704095979601
50-348,La Mena,Quito,0,0.5097212626751959,1243.719880927478,2440,0.1011479987589202,0.1135166764189584,0.2596959354638535,0.4747130003102699,0.120695004654049,0.1390009308098045,0.0285448340055848,0.2311511014582687,0.7930499534595098,0.0816009928637915,0.0462302202916537,0.3080980452994105,0.1051815079118833,0.1669252249457027,0.0443686006825938,0.0300961836798014,0.0121005274588892,0.9013341607198262,0.0121005274588892,0.0,0.9780658025922232,0.9820538384845464,0.9990029910269193,0.0598205383848454,0.4378109452736318,0.7651741293532338,0.6059701492537314,0.3333333333333333,0.0388059701492537,63.73372087706477,0.1040437043445075,-0.0192842402158234
80-006,San Antonio,San Antonio,3,0.3150857083405627,1239.8622623201145,3935,0.0920364270490215,0.1201465201465201,0.2647567775427802,0.4762545664295328,0.1328590655643145,0.1318977119784656,0.0221111324745241,0.2416842914824072,0.8327244760622957,0.0544126129590463,0.053835800807537,0.3258988656027687,0.1176696789079023,0.1313208998269563,0.0088444529898096,0.0373005191309363,0.0103826187271678,0.921361276677562,0.0221111324745241,0.0,0.9776299879081016,0.9860943168077388,0.9987908101571948,0.1070133010882708,0.6239470517448856,0.7912154031287605,0.6432009626955475,0.4073405535499398,0.0258724428399518,34.38919376755592,0.1083034173217958,-0.0454630440960901
50-248,Chilibulo,Quito,2,0.5650943898372349,1236.9916193537072,2189,0.2712495767016593,0.1326142131979695,0.2739586860819505,0.4744327802235015,0.1388418557399255,0.135116830342025,0.0731459532678631,0.2008127328140873,0.6833728411784625,0.1290213342363698,0.078902810700982,0.1798171351168303,0.0541821876058245,0.2292583813071452,0.0494412461903149,0.001693193362682,0.0013545546901456,0.9400609549610566,0.0074500507958008,0.0,0.8439635535307517,0.9521640091116174,0.9908883826879272,0.3018223234624145,0.5400225479143179,0.6302142051860203,0.4723788049605411,0.2164599774520856,0.0845546786922209,33.304065219239696,0.1922342325163896,-0.0450655791489402
55-045,Calderón,Calderón,3,0.3407930202813737,1235.3746985199796,3625,0.1073446327683615,0.0992277992277992,0.2557583659278574,0.4908735332464146,0.1325510647544545,0.1232073011734028,0.0243372446762277,0.2314211212516297,0.8148631029986962,0.0645371577574967,0.029986962190352,0.3563667970447631,0.1382007822685788,0.1475445458496306,0.0297696653628857,0.0493263798348544,0.0099956540634506,0.8828770099956541,0.0271621034332898,0.0008691873098652,0.9585316111488784,0.9864038069340584,0.998640380693406,0.0870156356220258,0.528263795423957,0.8337819650067295,0.6843876177658142,0.3788694481830417,0.0275908479138627,67.93321994982269,0.0736074267803761,-0.0267711203608887
50-255,Chimbacalle,Quito,3,0.5522640413984111,1232.1010763598551,2231,0.0795413830168398,0.1069057104913678,0.2238538681948424,0.4799426934097421,0.112106017191977,0.1117478510028653,0.0171919770773638,0.2063037249283667,0.8073065902578797,0.0748567335243553,0.0877507163323782,0.3538681948424069,0.1543696275071633,0.1146131805157593,0.0186246418338108,0.0286532951289398,0.0096704871060171,0.9186962750716332,0.0236389684813753,0.0007163323782234,0.981169474727453,0.9930624380574826,0.9970267591674926,0.1357779980178394,0.4334975369458128,0.7339901477832512,0.6660098522167488,0.367487684729064,0.0275862068965517,93.95882855629436,0.0595405248875553,-0.027814289188726
50-247,La Libertad,Quito,0,0.508888187202352,1231.0005248424893,2419,0.1855134474327628,0.1328883495145631,0.254278728606357,0.4810513447432762,0.1225550122249388,0.131723716381418,0.0479828850855745,0.2062958435207824,0.7206601466992665,0.113080684596577,0.0333129584352078,0.2328850855745721,0.0867970660146699,0.1763447432762836,0.0119193154034229,0.0299511002444987,0.0051955990220048,0.9449877750611247,0.0079462102689486,0.0,0.8991008991008991,0.991008991008991,0.995004995004995,0.1578421578421578,0.4965104685942173,0.7018943170488534,0.5373878364905285,0.2911266201395812,0.0418743768693918,48.030343567984445,0.15374674587122,-0.0368400536055126
50-403,Quitumbe,Quito,0,0.4547381971983855,1228.2478706328393,2701,0.1003344481605351,0.1457446808510638,0.2867892976588628,0.4891304347826087,0.1474358974358974,0.1393534002229654,0.0259197324414715,0.2608695652173913,0.761984392419175,0.0908584169453734,0.0471014492753623,0.2483277591973244,0.0811036789297658,0.1619286510590858,0.0822185061315496,0.0250836120401337,0.0100334448160535,0.8704013377926422,0.0122630992196209,0.0,0.9761904761904762,0.9972527472527472,1.0,0.1346153846153846,0.5815861440291704,0.7219690063810392,0.5797629899726527,0.3126709206927985,0.0355515041020966,50.00657149094802,0.162493584303255,-0.0285019504355656
50-050,El Condado,Quito,1,0.3680290710647501,1221.8565159349705,3320,0.0567877163051425,0.0763135946622185,0.2053896576839038,0.4661325564457392,0.1002670551104637,0.1051226025734401,0.0114105365379946,0.1939791211459092,0.9011896091284292,0.0296188395241563,0.0276766205389657,0.562272396212673,0.2935178441369264,0.0682204418548191,0.0050983248361252,0.0165088613741199,0.0055838795824229,0.8951201747997086,0.0745326535566885,0.0031561058509346,0.9808259587020648,0.9941002949852508,1.0,0.0324483775811209,0.6828193832599119,0.9236417033773862,0.8737151248164464,0.7650513950073421,0.0124816446402349,41.09508854584086,0.1313206638901932,-0.0233050599506896
50-183,Belisario Quevedo,Quito,1,0.739962622914521,1219.458402563131,1648,0.0638297872340425,0.067750677506775,0.2018681888946549,0.4421380384016606,0.0954852101712506,0.1063829787234042,0.0155682407887908,0.186299948105864,0.8801245459263103,0.0409963674104826,0.054488842760768,0.6019719771665801,0.270887389724961,0.0705760249091852,0.018681888946549,0.0124545926310326,0.0077841203943954,0.8816813700051894,0.0793980280228334,0.0,0.9706632653061223,0.9961734693877552,0.9961734693877552,0.0676020408163265,0.6172370088719898,0.9112801013941698,0.8415716096324461,0.5994930291508238,0.0076045627376425,71.50052107297459,0.1189336055494205,-0.0114216972034215
50-379,Chillogallo,Quito,0,0.4561716622492717,1218.4345098678048,2671,0.1541199014508623,0.1259052924791086,0.2570490008212428,0.4812482890774706,0.122365179304681,0.1346838215165617,0.0407883931015603,0.2162606077196824,0.7560908842047632,0.089515466739666,0.0533807829181494,0.212428141253764,0.0621407062688201,0.1877908568300027,0.0585819874076101,0.0210785655625513,0.0043799616753353,0.906925814399124,0.0090336709553791,0.0,0.9250936329588016,0.9325842696629212,0.9953183520599252,0.1619850187265917,0.553072625698324,0.7299813780260708,0.537243947858473,0.2625698324022346,0.0484171322160148,34.06295892657065,0.1596832570396573,-0.0445187271184958
55-044,Calderón,Calderón,3,0.3407930202813737,1217.6534614653483,3573,0.0771945302161446,0.0804464973056197,0.254244762954796,0.491289966923925,0.1278941565600882,0.1263506063947078,0.0174200661521499,0.2368246968026461,0.8778390297684675,0.0372657111356119,0.0260198456449834,0.424696802646086,0.2160970231532525,0.1212789415656008,0.0174200661521499,0.0269018743109151,0.0081587651598676,0.9175303197353916,0.0299889746416758,0.0,0.9612403100775194,0.9830866807610994,0.9985905567300916,0.1254404510218463,0.6682995101469559,0.8656403079076277,0.787963610916725,0.636109167249825,0.0167949615115465,53.229913820833765,0.0838364669706855,-0.0320693985825698
50-370,Solanda,Quito,3,0.5562233385704759,1217.5728881307718,2189,0.0863257163583605,0.1454064771976206,0.2618788538266231,0.490025389916576,0.1367428364163946,0.1251360174102285,0.0232136380123322,0.2386652158142909,0.83424011606819,0.0402611534276387,0.0326441784548422,0.3333333333333333,0.1182444686253173,0.1149800507798331,0.0188610808850199,0.0174102285092491,0.0068915487849111,0.9383387740297424,0.0174102285092491,0.001088139281828,0.9752421959095802,0.992465016146394,0.992465016146394,0.038751345532831,0.5064516129032258,0.8494623655913979,0.7268817204301076,0.332258064516129,0.0129032258064516,67.4127223734953,0.0930090475114112,-0.0209130164196698
50-187,San Juan,Quito,3,0.6029606041892865,1217.3774598581697,2019,0.1029900332225913,0.136467020470053,0.2653735039207593,0.4733801073049938,0.130829550144449,0.1345439537763103,0.0206355757325629,0.2447379281881964,0.8728848534874123,0.0433347090383821,0.0321914981427981,0.5315724308708213,0.1956252579446966,0.0631448617416425,0.0165084605860503,0.0070160957490713,0.0028889806025588,0.9215848122162608,0.051176227816756,0.0008254230293025,0.9682179341657208,0.9829738933030648,0.9988649262202044,0.0783200908059023,0.5,0.8502202643171806,0.7863436123348018,0.5022026431718062,0.0253303964757709,37.10296345345768,0.1342318756482146,-0.0185623018816153
55-010,Calderón,Calderón,0,0.3407930202813737,1214.2455312625343,3563,0.1485737738559409,0.1728292480265891,0.2883234147342499,0.48861071208701,0.1436486763800533,0.1446747383541965,0.0385799302277857,0.2497434845064642,0.8081264108352144,0.0488405499692181,0.0270880361173814,0.1836650933716396,0.0482249127847322,0.1781243587112661,0.0648471167658526,0.1576031192284014,0.006361584239688,0.7572337369177098,0.013954442848348,0.0,0.959830866807611,0.9534883720930232,0.9943622269203664,0.157152924594785,0.5388927820602663,0.767344078486335,0.5508058864751226,0.232655921513665,0.0497547302032235,39.30705441471829,0.1015177507368427,-0.0207306725127376
55-002,Calderón,Calderón,0,0.3407930202813737,1214.2455312625343,3563,0.1558008748177463,0.145447378793851,0.2907727556759008,0.489897937929598,0.1455946677775463,0.1451780878983545,0.0416579879191835,0.2491147677567173,0.7987919183503437,0.0545719641741303,0.0295771714226202,0.214538637783795,0.0685273901270568,0.1955842532805665,0.0418662778587794,0.1049781295563424,0.007498437825453,0.8331597583836701,0.012497396375755,0.0,0.945260347129506,0.9352469959946595,0.9959946595460614,0.1535380507343124,0.6117724867724867,0.7162698412698413,0.5277777777777778,0.2665343915343915,0.0469576719576719,35.2946604862472,0.1226156121839391,-0.0272944369874286
80-010,San Antonio,San Antonio,1,0.3150857083405627,1207.723520069377,3833,0.0290721649484536,0.0741007194244604,0.2060270602706027,0.479909799097991,0.1092660926609266,0.096760967609676,0.0043050430504305,0.2017220172201722,0.90159901599016,0.0297252972529725,0.0350553505535055,0.511070110701107,0.2751127511275112,0.0666256662566625,0.00410004100041,0.0231652316523165,0.0079950799507995,0.9202542025420254,0.0440754407544075,0.000410004100041,0.987546699875467,0.9956413449564134,0.99813200498132,0.0410958904109589,0.7122436295835923,0.9198259788688626,0.8452454940957116,0.6743318831572406,0.002486016159105,29.39252453802693,0.1459972773398246,-0.0605135706619747
50-380,Chillogallo,Quito,0,0.4561716622492717,1205.661703324825,2643,0.0853067047075606,0.1593435680254102,0.2579172610556348,0.4853067047075606,0.1283880171184022,0.1295292439372325,0.0236804564907275,0.2342368045649072,0.7823109843081313,0.0796005706134094,0.0504992867332382,0.2576319543509272,0.0935805991440798,0.1831669044222539,0.0365192582025677,0.0413694721825962,0.0074179743223965,0.899286733238231,0.0154065620542082,0.0,0.9761467889908256,0.9954128440366972,0.998165137614679,0.0779816513761468,0.4725776965265082,0.726691042047532,0.5877513711151737,0.2861060329067642,0.0301645338208409,50.1083256549915,0.0948949119835476,-0.0203991476895609
55-033,Calderón,Calderón,0,0.3407930202813737,1203.3401546135306,3531,0.1016042780748663,0.1302503182011031,0.2444198895027624,0.4773480662983425,0.1197790055248618,0.1246408839779005,0.0229834254143646,0.2212154696132596,0.8360220994475138,0.0479558011049723,0.0483977900552486,0.2908287292817679,0.1038674033149171,0.1356906077348066,0.0393370165745856,0.0742541436464088,0.0134806629834254,0.849060773480663,0.023646408839779,0.0002209944751381,0.9759119064005506,0.9889883000688232,0.9944941500344116,0.0839642119752236,0.4544208361891707,0.8169979437971213,0.6374228923920493,0.3207676490747087,0.0205620287868403,45.78478182554245,0.1014582093039989,-0.0283852301572486
50-417,La Ecuatoriana,Quito,0,0.3706827883681122,1203.2363310428923,3246,0.105949656750572,0.1737400530503978,0.2837899543378995,0.4849315068493151,0.1438356164383561,0.1399543378995433,0.032648401826484,0.2506849315068493,0.8015981735159817,0.0573059360730593,0.0552511415525114,0.2319634703196347,0.0776255707762557,0.1607305936073059,0.0431506849315068,0.0351598173515981,0.0063926940639269,0.902054794520548,0.01324200913242,0.0,0.9755917159763312,0.992603550295858,0.996301775147929,0.0658284023668639,0.3763837638376384,0.7601476014760148,0.5726937269372694,0.2531365313653136,0.0376383763837638,68.57887030160556,0.0703396938861733,-0.0185521719742327
50-214,San Juan,Quito,3,0.6029606041892865,1202.3034447534374,1994,0.116382806163828,0.0825877494838265,0.2278429785511938,0.4941319303925536,0.1177660866046135,0.1100768919465803,0.0259004451639012,0.2019425333872926,0.8304330230675839,0.0570619182517199,0.074868474301902,0.3848644273573452,0.1566167543504654,0.1420477539457709,0.0408741400242816,0.0335896398219344,0.0056657223796034,0.8883043302306758,0.0307567786321327,0.0008093889113719,0.944078947368421,0.9967105263157896,0.9978070175438596,0.2225877192982456,0.3561346362649294,0.7209554831704669,0.6221498371335505,0.2899022801302932,0.0314875135722041,129.31383835894508,0.0587039877190781,-0.0433383954129854
65-002,Llano Chico,Llano Chico,2,0.3561682528675731,1200.6431804165888,3371,0.2179316466932978,0.0869006849315068,0.2447893569844789,0.4809312638580931,0.117960088691796,0.1268292682926829,0.0543237250554323,0.1904656319290465,0.7940133037694014,0.0864745011086474,0.0407982261640798,0.2840354767184035,0.120620842572062,0.2019955654101995,0.0924611973392461,0.0150776053215077,0.0082039911308203,0.8669623059866962,0.0172949002217294,0.0,0.9299698795180724,0.8704819277108434,0.996234939759036,0.1746987951807229,0.6268545994065282,0.7603857566765578,0.6305637982195845,0.4235905044510386,0.0311572700296735,21.997561053825684,0.1943101645165777,-0.0761158848495124
55-013,Calderón,Calderón,0,0.3407930202813737,1192.0939849442452,3498,0.1758425790244923,0.1531387445021991,0.2669039145907473,0.4919405484613774,0.1377433535691856,0.1291605610215616,0.0441699811597236,0.2227339334310236,0.7596818086665271,0.0694996859953946,0.0284697508896797,0.2509943479171028,0.086455934687042,0.1655850952480636,0.0623822482729746,0.0525434373037471,0.0087921289512246,0.8660247016956248,0.0100481473728281,0.0002093364036005,0.9390070921985816,0.8304964539007093,0.9936170212765958,0.1879432624113475,0.6122881355932204,0.7450564971751412,0.5677966101694916,0.2831920903954802,0.0536723163841807,36.12871664498599,0.1202782904555054,-0.0432609943568945
50-460,La Ecuatoriana,Quito,0,0.3706827883681122,1189.8917506616403,3210,0.1293276747822202,0.1399904443382704,0.2778768956289028,0.4886262265834076,0.1427297056199821,0.1351471900089206,0.0325602140945584,0.2442016057091882,0.7504460303300624,0.0900981266726137,0.0450490633363068,0.1971454058876003,0.0568688670829616,0.1746208742194469,0.0847457627118644,0.0095896520963425,0.0033452274754683,0.8991971454058876,0.0031222123104371,0.0,0.970404984423676,0.9922118380062306,1.0,0.1090342679127725,0.4938366718027735,0.7411402157164869,0.5323574730354391,0.2681047765793528,0.0462249614791987,21.31483398008225,0.1419486085181045,-0.0305959139984415
55-047,Calderón,Calderón,3,0.3407930202813737,1187.6636756805874,3485,0.0520974289580514,0.093311974369243,0.2562020748759585,0.494361750112765,0.1326116373477672,0.1235904375281912,0.0121786197564276,0.2440234551195308,0.87595850248083,0.0376635092467298,0.0336039693279206,0.3396481732070365,0.1220117275597654,0.164636896707262,0.0288678394226432,0.071041948579161,0.0151105096977898,0.8599458728010826,0.0250338294993234,0.0,0.9912536443148688,0.9956268221574344,0.998542274052478,0.0830903790087463,0.5322697606961566,0.8600435097897027,0.69108049311095,0.4220449601160261,0.0145032632342277,64.81928233846028,0.0548604823138154,-0.0358787410880321
50-318,San Bartolo,Quito,3,0.5424180635817769,1186.268305053346,2187,0.0520043336944745,0.1111842105263157,0.2419646081617912,0.4738172625496569,0.116648609606356,0.1253159985554351,0.0093896713615023,0.2325749368002889,0.8555435175153485,0.0400866738894907,0.0574214517876489,0.3477789815817985,0.1462621885157096,0.1159263271939328,0.0166124954857349,0.0328638497652582,0.0054171180931744,0.92018779342723,0.0249187432286023,0.0,0.985838779956427,0.9967320261437908,1.0,0.0294117647058823,0.4526659412404787,0.8520130576713819,0.7257889009793254,0.3895538628944505,0.015233949945593,68.0323664541463,0.0607920950140649,-0.0034791045598508
50-199,Itchimbia,Quito,3,0.6569341948950823,1183.1384850060433,1801,0.0906474820143884,0.0759930915371329,0.2681193747039317,0.4774988157271435,0.1364282330648981,0.1316911416390336,0.018948365703458,0.2458550450023685,0.8844149692089057,0.0402652771198484,0.04405495026054,0.4779725248697299,0.1937470393178588,0.0824253908100426,0.0170535291331122,0.0255802936996684,0.0047370914258645,0.909995262908574,0.0402652771198484,0.0023685457129322,0.9652466367713004,0.9910313901345292,0.9966367713004484,0.155829596412556,0.4956043956043956,0.8131868131868132,0.7285714285714285,0.3516483516483517,0.0164835164835164,130.30853632360623,0.1189983832804349,-0.0225595370436917
50-005,El Condado,Quito,0,0.3680290710647501,1181.7413471889126,3211,0.0704582086115588,0.0880530973451327,0.2691687773428505,0.4938982270320055,0.1340087497121805,0.13516002763067,0.0181901911121344,0.2509785862307161,0.8279990789776652,0.048123416992862,0.0396039603960396,0.2604190651623302,0.1036150126640571,0.1722311766060327,0.0057563895924476,0.0492746949113516,0.0052958784250518,0.927239235551462,0.0124338015196868,0.0,0.985894580549369,0.991833704528582,0.9977728285077953,0.0690423162583518,0.4714603409933284,0.7976278724981468,0.6634544106745738,0.3988139362490734,0.0237212750185322,20.446380978538876,0.1198076286686458,-0.0150554620511575
50-216,Centro Historico,Quito,3,0.5222684429404858,1180.326681045498,2260,0.1081179468511103,0.1077922077922077,0.2456458635703918,0.4836719883889695,0.1201015965166908,0.125544267053701,0.024310595065312,0.2206095791001451,0.8534107402031931,0.0410014513788098,0.0439042089985486,0.4223512336719884,0.1763425253991291,0.1208272859216255,0.0645863570391872,0.0177793904208998,0.0036284470246734,0.8759071117561683,0.0366473149492017,0.0014513788098693,0.9572338489535942,0.994540491355778,0.9954504094631484,0.2083712465878071,0.4085144927536231,0.7744565217391305,0.6693840579710145,0.2527173913043478,0.0271739130434782,120.37367099061304,0.0688842752848267,-0.0318980613249911
50-022,El Condado,Quito,3,0.3680290710647501,1180.2692309046538,3207,0.0611519317373785,0.1431476209841398,0.2552737615548708,0.4925337757762503,0.1294145532116615,0.1258592083432093,0.0130362645176582,0.2422374970372126,0.839535434937189,0.0535671960180137,0.0490637591846409,0.3263806589239156,0.1388954728608675,0.1720786916330884,0.0248874140791656,0.0282057359563877,0.011140080587817,0.9130125622185352,0.0225171841668641,0.0002370229912301,0.9803328290468988,0.9962178517397882,1.0,0.0726172465960665,0.4954887218045112,0.8157894736842105,0.6834586466165413,0.4218045112781955,0.0210526315789473,36.710071708321145,0.1494434736163035,-0.0323793155801681
50-223,Puengasi,Quito,3,0.5588902870852502,1178.6996154627927,2109,0.0380287155607295,0.0928270042194092,0.226232052774544,0.4714784633294528,0.1074893286767559,0.1187427240977881,0.0069848661233993,0.2192471866511447,0.8971672487388436,0.0294916569654637,0.0446255335661622,0.4540162980209546,0.2087698874660458,0.0888630190143577,0.0170741171905316,0.0182382615444315,0.0038804811796662,0.9336437718277066,0.0271633682576639,0.0,0.9907084785133564,0.991869918699187,0.9976771196283392,0.0371660859465737,0.5127020785219399,0.8752886836027713,0.7886836027713626,0.5173210161662818,0.0069284064665127,47.89843052064357,0.1389106070677935,-0.0304173456798479
50-405,Quitumbe,Quito,0,0.4547381971983855,1175.4982397578267,2585,0.0981838819523269,0.1548696114954763,0.264472190692395,0.4940408626560726,0.1225879682179341,0.1418842224744608,0.0190124858115777,0.2454597048808172,0.7951191827468785,0.0641316685584563,0.0437003405221339,0.2386492622020431,0.0715096481271282,0.1651532349602724,0.0368898978433598,0.0292281498297389,0.0156072644721906,0.9001135073779796,0.0173098751418842,0.0008513053348467,0.9832089552238806,0.996268656716418,0.9990671641791044,0.0587686567164179,0.4050279329608938,0.7476722532588455,0.5642458100558659,0.2439478584729981,0.0400372439478584,63.79094037439069,0.064086320677072,-0.0083613517107435
50-497,Turubamba,Quito,0,0.3279478062807397,1175.0369899038903,3583,0.1582849128431176,0.1333333333333333,0.2851132037667802,0.486475656181126,0.1384492085754357,0.1466639951913444,0.0442797034662392,0.240833500300541,0.7545582047685835,0.0847525545982769,0.0418753756762171,0.2185934682428371,0.0557002604688439,0.182328190743338,0.1380484872770987,0.0234421959527148,0.0118212783009416,0.817271087958325,0.0094169505109196,0.0,0.963347164591978,0.9930843706777316,0.9937759336099584,0.1210235131396957,0.4610123119015047,0.6627906976744186,0.4856361149110807,0.2763337893296854,0.0677154582763338,41.74554512416709,0.1636257366562739,-0.0380732108071735
50-404,Quitumbe,Quito,0,0.4547381971983855,1174.58876336343,2583,0.0971428571428571,0.1594202898550724,0.2722857142857143,0.4848571428571429,0.1348571428571428,0.1374285714285714,0.0254285714285714,0.2468571428571428,0.7728571428571429,0.0834285714285714,0.0531428571428571,0.2394285714285714,0.0794285714285714,0.1725714285714285,0.0662857142857142,0.0328571428571428,0.0114285714285714,0.8811428571428571,0.0082857142857142,0.0,0.9798657718120806,0.9942473633748802,0.9990412272291468,0.074784276126558,0.4708691499522445,0.7239732569245463,0.5740210124164279,0.2750716332378223,0.0429799426934097,56.15045162028137,0.1286075023663604,-0.0208899330944632
50-182,Belisario Quevedo,Quito,1,0.739962622914521,1167.661018959114,1578,0.0528052805280528,0.0752493200362647,0.2035203520352035,0.4361936193619362,0.0852585258525852,0.1182618261826182,0.0082508250825082,0.1952695269526952,0.9075907590759076,0.0346534653465346,0.0412541254125412,0.6215621562156216,0.2854785478547855,0.0643564356435643,0.0242024202420242,0.0027502750275027,0.0077007700770077,0.8762376237623762,0.0885588558855885,0.0005500550055005,0.9697841726618706,0.99568345323741,1.0,0.0647482014388489,0.6333808844507846,0.9158345221112696,0.8644793152639088,0.6119828815977175,0.0085592011412268,90.93907236238806,0.0703855438729846,-0.0042617324903604
50-286,Chilibulo,Quito,3,0.5650943898372349,1165.2246318443783,2062,0.0605947955390334,0.1113360323886639,0.2446096654275092,0.4788104089219331,0.1211895910780669,0.1234200743494423,0.0104089219330855,0.2342007434944238,0.7855018587360595,0.0802973977695167,0.0472118959107806,0.3026022304832714,0.1263940520446096,0.1828996282527881,0.012267657992565,0.0144981412639405,0.0074349442379182,0.9390334572490706,0.0260223048327137,0.0007434944237918,0.9697674418604652,0.9930232558139536,0.9953488372093025,0.0976744186046511,0.4792147806004619,0.7655889145496536,0.6293302540415704,0.3371824480369515,0.0161662817551963,44.619011084238686,0.1284174568493593,-0.0309610385746381
50-249,Chilibulo,Quito,0,0.5650943898372349,1162.3991598951925,2057,0.1636363636363636,0.1607022282241728,0.2723636363636363,0.4898181818181818,0.1418181818181818,0.1305454545454545,0.0425454545454545,0.2298181818181818,0.7716363636363637,0.088,0.0527272727272727,0.2112727272727272,0.0814545454545454,0.212,0.0065454545454545,0.025090909090909,0.005090909090909,0.954181818181818,0.0076363636363636,0.0014545454545454,0.9146039603960396,0.9913366336633664,0.9975247524752476,0.2042079207920792,0.4914215686274509,0.7267156862745098,0.6041666666666666,0.2438725490196078,0.0502450980392156,49.848049393782375,0.1477305792908371,-0.0370186354905304
50-424,La Ecuatoriana,Quito,0,0.3706827883681122,1161.7198587456635,3134,0.075387505871301,0.1371908539430704,0.2571562646644768,0.4870952604411074,0.1236508681370248,0.1335053965274519,0.0175973721257625,0.2390896292820272,0.7890661661191929,0.0694509619896762,0.0532613796339746,0.2390896292820272,0.0814171750351947,0.1501642421398404,0.02815579540122,0.031909901454716,0.0077428437353355,0.9230408259033318,0.0091506335053965,0.0,0.984174830444612,0.99698568198945,0.9992464204973625,0.0617935192162773,0.3780945236309077,0.7771942985746436,0.568642160540135,0.2828207051762941,0.0232558139534883,58.67188716421322,0.0678727324980867,-0.0168996991182913
50-296,La Ferroviaria,Quito,0,0.4555273984929733,1154.7619551796872,2535,0.1704685573366214,0.1414925373134328,0.2547692307692307,0.4843076923076923,0.1347692307692307,0.12,0.0495384615384615,0.2052307692307692,0.768,0.0873846153846153,0.0523076923076923,0.3015384615384615,0.108,0.1326153846153846,0.015076923076923,0.0181538461538461,0.007076923076923,0.9396923076923076,0.02,0.0,0.9382239382239382,0.9913127413127412,0.997104247104247,0.1505791505791505,0.4336538461538461,0.7490384615384615,0.6278846153846154,0.285576923076923,0.060576923076923,65.93812377306881,0.0987021853145938,-0.042593325265658
50-173,Iñaquito,Quito,1,0.9090664173086987,1154.5143499820474,1270,0.0510846745976207,0.0518672199170124,0.1882435269419174,0.4681595521343596,0.0951714485654303,0.093072078376487,0.0097970608817354,0.1784464660601819,0.9363191042687192,0.0125962211336599,0.039888033589923,0.70888733379986,0.4422673198040587,0.0496850944716585,0.0076976906927921,0.0097970608817354,0.0076976906927921,0.8327501749475158,0.1364590622813156,0.0055983205038488,0.972463768115942,0.9971014492753624,1.0,0.0159420289855072,0.5654676258992806,0.9366906474820144,0.8719424460431655,0.6201438848920864,0.0057553956834532,94.9091847088872,0.0799831084039512,0.0119850565103801
50-218,Centro Historico,Quito,0,0.5222684429404858,1154.2132588984737,2210,0.2078530259365994,0.0884146341463414,0.2416131334760885,0.4839400428265524,0.1206281227694504,0.1209850107066381,0.0542469664525339,0.1866523911491791,0.7740899357601713,0.0767309064953604,0.0703069236259814,0.3433261955745896,0.1374018558172733,0.1598857958600999,0.0606709493219129,0.0306923625981441,0.0067808708065667,0.8397573162027123,0.0610278372591006,0.0010706638115631,0.9176954732510288,0.998971193415638,0.998971193415638,0.279835390946502,0.3221544715447154,0.6646341463414634,0.5396341463414634,0.2113821138211382,0.0741869918699187,130.00336750348407,0.0683590857033107,-0.0376862504312005
50-001,El Condado,Quito,2,0.3680290710647501,1152.2990215037328,3131,0.2119565217391304,0.1297881928796755,0.2864583333333333,0.479393115942029,0.1360960144927536,0.1503623188405797,0.0613677536231884,0.2250905797101449,0.7336956521739131,0.0926177536231884,0.0407608695652173,0.1689311594202898,0.0507246376811594,0.1965579710144927,0.0548007246376811,0.0998641304347826,0.0058876811594202,0.829483695652174,0.009963768115942,0.0,0.932009167303285,0.9419404125286478,0.9977081741787625,0.2452253628724217,0.6229135053110774,0.7177541729893778,0.4658573596358118,0.2040971168437025,0.0690440060698027,25.51603453155565,0.1775725553356485,-0.05203619498479
50-416,La Ecuatoriana,Quito,0,0.3706827883681122,1150.9700578829886,3105,0.1199235547061634,0.1553308823529411,0.2718168812589413,0.491654744873629,0.1371006199332379,0.1347162613257033,0.0340963280877444,0.2370052455889365,0.804959465903672,0.0586552217453505,0.0510252742012398,0.2436814496900333,0.0832141154029566,0.1537911301859799,0.0207439198855507,0.0376728659990462,0.0066762041010968,0.9215546018121126,0.0133524082021936,0.0,0.985748218527316,0.9920823436262868,0.9984164687252574,0.0522565320665083,0.4099134539732494,0.7427222659323367,0.5806451612903226,0.2824547600314713,0.045633359559402,82.19334439958844,0.1278643744524722,-0.0303210232324157
50-429,La Ecuatoriana,Quito,0,0.3706827883681122,1148.0045955760436,3097,0.0774881516587677,0.0892523364485981,0.2439602084320227,0.4661297963050687,0.1125059213642823,0.1314542870677404,0.0201326385599242,0.2235907153008053,0.8135954523922312,0.0554239696826148,0.0319753671245855,0.2546186641402179,0.0852676456655613,0.1821411653244907,0.0206063477025106,0.048318332543818,0.0052108005684509,0.91189009947892,0.0139744197063003,0.0,0.9931662870159452,0.9893697798025816,0.9984813971146546,0.0668185269552012,0.4562594268476621,0.7579185520361991,0.6040723981900452,0.2888386123680241,0.028657616892911,44.18898655818058,0.0991176608494288,-0.0134806354393495
50-367,Solanda,Quito,3,0.5562233385704759,1146.376300793751,2061,0.0513108614232209,0.1157580283793876,0.245318352059925,0.4655430711610487,0.1101123595505618,0.1352059925093633,0.0101123595505617,0.2352059925093633,0.8677902621722846,0.049063670411985,0.0411985018726591,0.3419475655430711,0.1220973782771535,0.1303370786516854,0.0086142322097378,0.0179775280898876,0.0067415730337078,0.9606741573033708,0.0059925093632958,0.0,0.9954075774971296,0.9919632606199772,0.9965556831228471,0.0321469575200918,0.4114285714285714,0.8217142857142857,0.608,0.3382857142857143,0.0217142857142857,79.12141076112404,0.1013447997975443,-0.0238609529479235
50-224,Puengasi,Quito,3,0.5588902870852502,1146.2839788118483,2051,0.1610105580693816,0.1278901734104046,0.2220965309200603,0.4709653092006033,0.111236802413273,0.1108597285067873,0.0433634992458521,0.1787330316742081,0.75,0.0735294117647058,0.0546757164404223,0.3457767722473605,0.1519607843137254,0.141025641025641,0.0188536953242835,0.0177224736048265,0.0049019607843137,0.9524886877828054,0.0060331825037707,0.0,0.929245283018868,0.8525943396226415,0.9988207547169812,0.1037735849056603,0.5152582159624414,0.778169014084507,0.642018779342723,0.4154929577464789,0.0375586854460093,34.967039459630065,0.2219994389542244,-0.0529269752364258
50-299,La Ferroviaria,Quito,0,0.4555273984929733,1142.462715420377,2508,0.1723214285714285,0.1205156950672645,0.2550595238095238,0.49375,0.1309523809523809,0.1241071428571428,0.0419642857142857,0.2130952380952381,0.7413690476190476,0.1038690476190476,0.0446428571428571,0.2416666666666666,0.0824404761904761,0.1806547619047619,0.0220238095238095,0.056547619047619,0.006845238095238,0.8875,0.0267857142857142,0.000297619047619,0.9438822447102116,0.9926402943882244,0.999080036798528,0.2051517939282428,0.3680365296803653,0.6968036529680365,0.5415525114155251,0.2520547945205479,0.0721461187214611,66.48022085861122,0.0727638741303612,-0.0357317817508114
55-014,Calderón,Calderón,0,0.3407930202813737,1140.975031902039,3348,0.1550422034651266,0.1488833746898263,0.2732119058196357,0.4828964904486895,0.1323856063971568,0.1408262994224789,0.0386494891159484,0.2345624167036872,0.7712127943136384,0.076188360728565,0.0488671701466015,0.2387827632163482,0.0699689027099067,0.1794757885384273,0.0413149711239449,0.0746334962239004,0.005997334517992,0.8662816525988449,0.0106619280319857,0.0011106175033318,0.9544117647058824,0.9669117647058824,0.9941176470588236,0.1404411764705882,0.4650655021834061,0.6935953420669578,0.5516739446870451,0.2627365356622999,0.0531295487627365,37.22390365600587,0.0855313680526151,-0.0204730235462108
50-060,Cochapamba,Quito,0,0.595393783686324,1137.202126840879,1910,0.1550447993767043,0.1196581196581196,0.2758083365796649,0.4931827035449941,0.1511492014024152,0.1246591351772497,0.0459680560966108,0.2298402804830541,0.8196338137904168,0.0627191273860537,0.032723022984028,0.2239968835216205,0.0747954811063498,0.18504090377873,0.0440202571094663,0.0568757304246201,0.0058433969614335,0.8819633813790417,0.0112972341254382,0.0,0.9578686493184636,0.9776951672862454,0.9975216852540272,0.1363073110285006,0.5472392638036809,0.7190184049079754,0.5460122699386503,0.2748466257668712,0.0392638036809816,51.3486404881894,0.1216678066617577,-0.009749297815018
79-001,Puembo,Puembo,2,0.2541807777383696,1134.1546302686052,4462,0.1980942828485456,0.083613060726274,0.248411902373788,0.4933132731527917,0.1267134737545971,0.1216984286191909,0.0483116014710799,0.2001003009027081,0.788699431628218,0.0805750585088599,0.0484787696422601,0.2751588097626212,0.1263791374122367,0.2168171180207288,0.0257438983617519,0.0198930123704446,0.0080240722166499,0.9150785690404548,0.0312604480106987,0.0,0.9355016538037486,0.8809261300992283,0.9983461962513782,0.2039691289966924,0.5356756756756756,0.7194594594594594,0.5848648648648649,0.4032432432432432,0.0524324324324324,20.159856552317777,0.2365604033953858,-0.0839293976941123
55-046,Calderón,Calderón,0,0.3407930202813737,1133.1367924355677,3325,0.0976324689966178,0.1126990608411596,0.265976597659766,0.4855985598559856,0.1298379837983798,0.1361386138613861,0.0243024302430243,0.2414491449144914,0.7938793879387939,0.0801080108010801,0.0387038703870387,0.2866786678667867,0.1206120612061206,0.195094509450945,0.0254275427542754,0.0697569756975697,0.0069756975697569,0.8775877587758776,0.0202520252025202,0.0,0.9655172413793104,0.9820089955022488,0.9985007496251874,0.1191904047976012,0.5973353071798667,0.7668393782383419,0.6528497409326425,0.385640266469282,0.0310880829015544,56.54673253676868,0.1112463009815162,-0.0428023793483997
50-423,La Ecuatoriana,Quito,0,0.3706827883681122,1129.841138946006,3048,0.0735615440640932,0.1144208037825059,0.257101238164603,0.4811847535809662,0.12575867929109,0.1313425588735129,0.0169944161204175,0.2401068220441855,0.7795581451808692,0.0623937848992473,0.0383588249575139,0.2478756979849478,0.0920126244234037,0.1626608400097111,0.0228210730759893,0.0318038358824957,0.0060694343287205,0.9186695799951444,0.0206360767176499,0.0,0.9936958234830576,0.9992119779353822,0.9992119779353822,0.0677698975571316,0.41287284144427,0.7739403453689168,0.5745682888540031,0.2880690737833595,0.032182103610675,46.02008590698242,0.1008852837566503,-0.0209752782230165
55-041,Calderón,Calderón,0,0.3407930202813737,1129.7288622327535,3315,0.1272811272811272,0.1303003533568904,0.2513282513282513,0.486024486024486,0.1284361284361284,0.1228921228921229,0.0316470316470316,0.2196812196812196,0.7983367983367984,0.069069069069069,0.0415800415800415,0.2843612843612844,0.0831600831600831,0.148071148071148,0.0332640332640332,0.0346500346500346,0.0152460152460152,0.8978978978978979,0.0189420189420189,0.0,0.972183588317107,0.9888734353268428,0.9986091794158554,0.1307371349095966,0.5062240663900415,0.7551867219917012,0.5767634854771784,0.2966804979253112,0.0394190871369294,43.774183506868326,0.0747076651568093,-0.0226938894020746
50-120,San Isidro Del Inca,Quito,0,0.6525392962564884,1128.2404432274684,1729,0.1660486196950968,0.1502276176024279,0.2826534816646065,0.4861969509682736,0.1409147095179233,0.1417387721466831,0.0436753193242686,0.2389781623403378,0.8055212196126905,0.0667490729295426,0.0412031314379892,0.2142562834775443,0.0857025133910177,0.2175525339925834,0.0688092295014421,0.0696332921302018,0.0094767202307375,0.838483724763082,0.0135970333745364,0.0,0.9510869565217392,0.9877717391304348,0.998641304347826,0.1766304347826087,0.4864130434782608,0.71875,0.5421195652173914,0.2622282608695652,0.061141304347826,41.23621482633602,0.1302139605756309,-0.0506839185192731
50-184,Belisario Quevedo,Quito,3,0.739962622914521,1126.9630746988155,1523,0.0454545454545454,0.0787083753784056,0.28137310073157,0.4563871693866066,0.1266178953292065,0.1547552054023635,0.0101294316263365,0.2560495216657287,0.9015194147439504,0.0303882948790095,0.0377039954980303,0.6550365785030952,0.2881260551491277,0.052335396736072,0.0090039392234102,0.0213843556555993,0.0112549240292628,0.91221159257175,0.0427687113111986,0.0033764772087788,0.9697766097240472,0.9947437582128776,0.9986859395532196,0.0420499342969776,0.4307891332470893,0.9288486416558862,0.8926261319534282,0.4734799482535575,0.0077619663648124,116.42461571326623,0.0640444750937909,-0.0101174568665255
80-005,San Antonio,San Antonio,0,0.3150857083405627,1126.7464930258525,3576,0.1164867109634551,0.0956878850102669,0.2680647840531561,0.4833887043189369,0.134343853820598,0.1337209302325581,0.0255398671096345,0.2425249169435216,0.7778239202657807,0.0751661129568106,0.0454734219269103,0.2535299003322259,0.0820182724252491,0.1644518272425249,0.0130813953488372,0.0367524916943521,0.0060215946843853,0.9327242524916944,0.0114202657807308,0.0,0.9739478957915833,0.9832999331997327,0.9966599866399466,0.1623246492985972,0.5950797872340425,0.757313829787234,0.5644946808510638,0.3111702127659574,0.0398936170212766,28.60564944151017,0.0995333699077725,-0.0402745388583582
50-390,Quitumbe,Quito,3,0.4547381971983855,1123.6580852772106,2471,0.0369893856545513,0.1494376004284949,0.3017047282084271,0.4847217754905114,0.1521389514313284,0.1495657767770987,0.0093277581215825,0.2923769700868446,0.9137986490833064,0.0199421035702798,0.0437439691219041,0.4393695722097137,0.1749758764876166,0.1048568671598584,0.0041814088131231,0.0231585718880669,0.0144741074300418,0.9414602766162752,0.0167256352524927,0.0,0.9833147942157954,0.9944382647385984,1.0,0.0255839822024471,0.6629955947136564,0.9107929515418502,0.8392070484581498,0.538546255506608,0.0055066079295154,64.4929686046782,0.1916983157666515,-0.036571894422189
50-052,El Condado,Quito,0,0.3680290710647501,1122.856695818553,3051,0.1635883905013192,0.1007859454461396,0.266250899496282,0.4936435596066203,0.1376828975773567,0.1285680019189254,0.0419764931638282,0.2242744063324538,0.7798033101463181,0.0688414487886783,0.0331014631806188,0.2736867354281602,0.1120172703286159,0.1945310626049412,0.0417366274886063,0.0100743583593187,0.0081554329575437,0.9309186855360998,0.0091148956584312,0.0,0.9397967161845192,0.9358874120406568,1.0,0.0992963252541047,0.5814497272018706,0.7529228371005456,0.568978955572876,0.3671083398285268,0.0374123148869836,26.2087452298119,0.1356328606855722,-0.0232395424851897
50-287,Chilibulo,Quito,3,0.5650943898372349,1116.061419928539,1975,0.0630593978844589,0.1029301277235161,0.2449145646867372,0.4922701383238405,0.1277461350691619,0.1171684296175752,0.016680227827502,0.2282343368592351,0.8445890968266884,0.048413344182262,0.0288852725793327,0.4153783563873067,0.1741253051261188,0.1053702196908055,0.0219690805532953,0.0146460537021969,0.0117982099267697,0.922294548413344,0.0292921074043938,0.0,0.976218787158145,0.9976218787158144,1.0,0.0499405469678953,0.4519572953736654,0.833926453143535,0.708185053380783,0.4211150652431791,0.0142348754448398,48.93531359945025,0.1006186784560084,-0.0176178874765766
50-232,Puengasi,Quito,2,0.5588902870852502,1115.5450130221595,1996,0.2503799392097264,0.0907142857142857,0.2625379939209726,0.4916413373860182,0.121580547112462,0.1409574468085106,0.0645896656534954,0.1979483282674772,0.7401215805471124,0.1098024316109422,0.0588905775075987,0.2378419452887538,0.060790273556231,0.1994680851063829,0.0600303951367781,0.0186170212765957,0.0022796352583586,0.9141337386018236,0.0049392097264437,0.0,0.9159763313609468,0.9846153846153848,0.9822485207100592,0.1881656804733728,0.4830805134189031,0.6977829638273045,0.5180863477246208,0.2520420070011668,0.0770128354725787,47.27001363336659,0.2095639750298153,-0.0278693936801675
50-217,Centro Historico,Quito,0,0.5222684429404858,1114.5208572349966,2134,0.1684131736526946,0.1246753246753246,0.2406855439642325,0.4903129657228018,0.1236959761549925,0.1169895678092399,0.0421013412816691,0.1982116244411326,0.7567064083457526,0.0756333830104322,0.0663189269746646,0.3375558867362146,0.1222056631892697,0.1389716840536512,0.0853204172876304,0.0245901639344262,0.0078241430700447,0.8405365126676602,0.0406110283159463,0.0011177347242921,0.9406150583244964,0.9915164369034994,0.9989395546129376,0.2831389183457052,0.3820459290187891,0.6899791231732777,0.558455114822547,0.2359081419624217,0.0501043841336116,112.63999882817784,0.0609096362573053,-0.0356908188075705
50-307,La Ferroviaria,Quito,3,0.4555273984929733,1113.3089619168268,2444,0.0879365079365079,0.1039035591274397,0.2554605887939221,0.4716682494460272,0.1218740107628996,0.1335865780310224,0.0231085786641342,0.2323520101297879,0.8426717315606205,0.0455840455840455,0.0424184868629313,0.3994935106046217,0.1737891737891738,0.1158594491927825,0.0136119025007913,0.0202595758151313,0.0075973409306742,0.9427033871478316,0.0155112377334599,0.0003165558721114,0.9676153091265948,0.9921491658488716,0.998037291462218,0.0912659470068694,0.5292397660818714,0.8011695906432749,0.7017543859649122,0.4122807017543859,0.0185185185185185,56.17076945873577,0.168115572075358,-0.0278532572741804
55-021,Calderón,Calderón,3,0.3407930202813737,1109.962867056434,3257,0.0702240702240702,0.1536502546689304,0.2557172557172557,0.4781704781704782,0.1245091245091245,0.1312081312081312,0.0182490182490182,0.2374682374682374,0.8583968583968584,0.0434280434280434,0.0295680295680295,0.3291753291753291,0.1284361284361284,0.1409101409101409,0.015015015015015,0.0859320859320859,0.0097020097020097,0.8667128667128667,0.0226380226380226,0.0,0.9800918836140888,0.9892802450229708,0.9992343032159264,0.1630934150076569,0.5949656750572082,0.8573607932875668,0.7505720823798627,0.4660564454614798,0.0129672006102212,55.99271069566053,0.0846363932067247,-0.0283622905971262
50-222,Puengasi,Quito,2,0.5588902870852502,1107.1616587158808,1981,0.1961523953225198,0.1465753424657534,0.2802715956242927,0.4930215013202565,0.1388155413051678,0.1414560543191248,0.0497925311203319,0.2304790645039607,0.7744247453791022,0.0724254998113919,0.0588457185967559,0.2644285175405507,0.1014711429649189,0.1878536401357978,0.1418332704639758,0.0237646171256129,0.0049038098830629,0.8200678989060732,0.0094304036212749,0.0,0.9481668773704172,0.9329962073324906,0.9949431099873578,0.1264222503160556,0.5149625935162094,0.7306733167082294,0.6034912718204489,0.3017456359102244,0.054862842892768,42.082604744855104,0.21553296472125,-0.039814199913181
50-002,El Condado,Quito,0,0.3680290710647501,1102.9831259810562,2997,0.1425085407515861,0.1177038109020742,0.287701317715959,0.486090775988287,0.1400683260126891,0.1476329917032698,0.0424597364568082,0.2452415812591508,0.7945339189848707,0.0702781844802342,0.0395314787701317,0.1739873108833577,0.054904831625183,0.2225475841874085,0.0275744265495363,0.1193265007320644,0.0065885797950219,0.8372376769155686,0.0092728160078086,0.0,0.9671862182116489,0.9917965545529124,0.9983593109105824,0.2362592288761279,0.5877551020408164,0.7183673469387755,0.4710204081632653,0.2048979591836734,0.0579591836734693,24.39526871199249,0.1350561319128914,-0.0335532878360248
50-185,Belisario Quevedo,Quito,3,0.739962622914521,1101.8043455197217,1489,0.0677867902665121,0.1469979296066252,0.2910879629629629,0.4774305555555556,0.1452546296296296,0.1458333333333333,0.021412037037037,0.2696759259259259,0.8888888888888888,0.0295138888888888,0.0497685185185185,0.5648148148148148,0.2251157407407407,0.0972222222222222,0.0202546296296296,0.0133101851851851,0.0069444444444444,0.9074074074074074,0.0503472222222222,0.0017361111111111,0.977110157367668,0.9971387696709584,1.0,0.117310443490701,0.4307909604519774,0.8728813559322034,0.7782485875706214,0.4251412429378531,0.0169491525423728,80.73262927406715,0.0641625061798282,-0.0033088254217014
50-377,Chillogallo,Quito,0,0.4561716622492717,1096.180504385,2403,0.1137705937208579,0.1172332942555685,0.2738576313335406,0.4762200808206403,0.1339757538078955,0.139881877525645,0.0295306185887472,0.2443270127447933,0.7817842710599938,0.0873484612993472,0.0422754118744171,0.2123096052222567,0.063102269194902,0.1995648119365868,0.0432079577245881,0.0313957102890892,0.0062169723344731,0.9039477774323904,0.0152315822194591,0.0,0.9733475479744136,0.9925373134328358,0.9957356076759062,0.0980810234541577,0.5545073375262054,0.7306079664570231,0.5524109014675053,0.2641509433962264,0.0429769392033543,36.28462395649183,0.1205326993199485,-0.0285413179802385
50-015,El Condado,Quito,0,0.3680290710647501,1095.622544559761,2977,0.1562887620937732,0.1623407267579046,0.2855370875713222,0.4768047630860829,0.1347060282808236,0.1508310592904986,0.0434135450260481,0.2421235425452741,0.7846688166708012,0.0702059042421235,0.0374596874224758,0.2071446291242867,0.0506077896303646,0.1768791863061275,0.0253038948151823,0.0595385760357231,0.0042173158025303,0.9022575043413544,0.0084346316050607,0.0002480774001488,0.9722650231124808,0.9745762711864406,0.99768875192604,0.1402157164869029,0.5053680981595092,0.7377300613496932,0.5,0.2285276073619632,0.0521472392638036,30.19269127886288,0.1508490142849289,-0.0235183355370494
50-489,Guamani,Quito,0,0.3204367184674198,1089.16440607076,3399,0.1499465240641711,0.1692375495813133,0.2793582887700535,0.480427807486631,0.1383957219251337,0.1409625668449197,0.0374331550802139,0.2419251336898395,0.7392513368983957,0.0842780748663101,0.0459893048128342,0.2098395721925133,0.0708021390374331,0.1730481283422459,0.1013903743315508,0.0154010695187165,0.0032085561497326,0.8688770053475936,0.0111229946524064,0.0,0.9699570815450644,0.9899856938483548,0.9971387696709584,0.1258941344778254,0.463623395149786,0.6997146932952925,0.4957203994293866,0.2831669044222539,0.0499286733238231,40.35848974224258,0.1330498125834161,-0.0337124436144148
50-322,La Mena,Quito,0,0.5097212626751959,1088.2548958115433,2135,0.0945165945165945,0.1082036775106082,0.2567805565339908,0.4973582247270166,0.1405424445227192,0.1162381120112715,0.0309968298696724,0.2257837266643184,0.7833744276153575,0.0961606199365974,0.0422684043677351,0.2342374075378654,0.0767876012680521,0.1814019020781965,0.0260655160267699,0.0317013032758013,0.0066924973582247,0.9144064811553364,0.0211342021838675,0.0,0.9833926453143536,1.0,0.9988137603795968,0.0652431791221826,0.6690307328605201,0.793144208037825,0.5933806146572104,0.2399527186761229,0.0319148936170212,58.908672749996185,0.1386888914878006,-0.0259239447017727
50-061,Cochapamba,Quito,0,0.595393783686324,1087.1890490112276,1826,0.1302503182011031,0.1151750972762645,0.2613491726771319,0.4904539669070852,0.1357658039881205,0.1255833686890114,0.0381841323716588,0.223165040305473,0.828171404327535,0.0492151039456936,0.0347899872719558,0.2774713619007212,0.1018243529910903,0.1756470089096309,0.0207891387356809,0.0543063215952481,0.0063640220619431,0.8803563852354688,0.0381841323716588,0.0,0.96640826873385,0.9870801033591732,1.0,0.1253229974160206,0.520618556701031,0.7693298969072165,0.6314432989690721,0.345360824742268,0.0373711340206185,36.55843225427576,0.0810475173753398,-0.0058564611955707
50-395,Quitumbe,Quito,0,0.4547381971983855,1085.0053385153478,2386,0.1285807291666666,0.1101321585903083,0.2698309492847854,0.479518855656697,0.1297139141742522,0.1401170351105331,0.0266579973992197,0.2431729518855656,0.8371261378413524,0.053966189856957,0.0429128738621586,0.2948634590377113,0.0991547464239271,0.1433680104031209,0.0295838751625487,0.0263328998699609,0.0182054616384915,0.9089726918075424,0.0169050715214564,0.0,0.9764102564102564,0.9969230769230768,1.0,0.0748717948717948,0.4484167517875383,0.7385086823289071,0.6087844739530133,0.3033707865168539,0.0429009193054136,57.24663391611935,0.1004537523846612,-0.0122282974294596
50-476,Turubamba,Quito,3,0.3279478062807397,1079.2762304699145,3291,0.0627912136676281,0.1140495867768595,0.2438429110272909,0.4730419347681384,0.1142666962502773,0.1295762147770135,0.0153095185267361,0.2285333925005546,0.8207233192811183,0.0479254493010872,0.053916130463723,0.2411803860661193,0.090747725759929,0.1606390059906811,0.021300199689372,0.0512536055025515,0.0133126248058575,0.8950521411138229,0.0190814288883958,0.0,0.9884169884169884,0.996138996138996,0.9987129987129988,0.063063063063063,0.8084832904884319,0.8194087403598972,0.6124678663239075,0.2024421593830334,0.0102827763496143,47.09000015258789,0.125513215890246,-0.0314977973969849
50-098,Cochapamba,Quito,1,0.595393783686324,1078.853536039619,1812,0.1430562006502554,0.0817460317460317,0.222480260102183,0.4528564793311658,0.1017185322805387,0.1207617278216442,0.0315838365071992,0.1908964235949837,0.9047840222944727,0.0213655364607524,0.0366929865304226,0.5624709707385044,0.2745006967022759,0.0678123548536925,0.0009289363678588,0.011611704598235,0.004644681839294,0.9298653042266604,0.0529493729679516,0.0,0.9695121951219512,0.9378048780487804,0.997560975609756,0.0317073170731707,0.610231425091352,0.9269183922046283,0.8599269183922046,0.5468940316686967,0.0048721071863581,70.01980615273501,0.09288648634239,0.0058596330326613
50-486,Guamani,Quito,0,0.3204367184674198,1077.6286842059328,3363,0.1404905335628227,0.1026905829596412,0.2671394799054373,0.4831291639802278,0.1323877068557919,0.1347517730496454,0.0343864173651407,0.2321083172147001,0.7442510208467655,0.0937029873200085,0.0451321727917472,0.2340425531914893,0.0788738448312916,0.1837524177949709,0.0507199656135826,0.0184826993337631,0.0049430474962389,0.9114549752847624,0.0143993122716526,0.0,0.960231381055676,0.9978308026030368,0.9963846710050616,0.1106290672451193,0.5792857142857143,0.705,0.5314285714285715,0.29,0.0542857142857142,45.6477713741043,0.1247495723997297,-0.0317545712796046
50-412,Quitumbe,Quito,3,0.4547381971983855,1074.546359979785,2363,0.0629820051413881,0.0797144556811421,0.2474293059125964,0.4685089974293059,0.1266066838046272,0.1208226221079691,0.012210796915167,0.2352185089974293,0.8692159383033419,0.0356683804627249,0.0305269922879177,0.365038560411311,0.1725578406169665,0.1256426735218509,0.0102827763496143,0.0131748071979434,0.0151028277634961,0.9328406169665808,0.0276349614395886,0.0009640102827763,0.9813664596273292,0.9917184265010353,0.9989648033126294,0.0434782608695652,0.5827338129496403,0.8746145940390545,0.7677286742034943,0.4676258992805755,0.013360739979445,68.52534131305974,0.0985946029010319,-0.0053590048052705
50-051,El Condado,Quito,3,0.3680290710647501,1073.540800295876,2917,0.1315998938710533,0.088491517652453,0.2489406779661017,0.4729872881355932,0.1212923728813559,0.1276483050847457,0.0315148305084745,0.2171610169491525,0.8596398305084746,0.0444915254237288,0.1321504237288135,0.3824152542372881,0.1663135593220339,0.159957627118644,0.0148305084745762,0.0365466101694915,0.0111228813559322,0.901218220338983,0.0357521186440678,0.0005296610169491,0.9326765188834154,0.9926108374384236,0.9983579638752051,0.0927750410509031,0.5278688524590164,0.8213114754098361,0.7032786885245902,0.4950819672131147,0.0278688524590163,48.08825589711792,0.1012339607222601,-0.0107949775636284
50-003,El Condado,Quito,2,0.3680290710647501,1073.1727712248114,2916,0.1912055335968379,0.1707438841737394,0.2888122227698373,0.4874322326269098,0.1424346968950221,0.1463775258748151,0.0522424839822572,0.2360768851651059,0.6988664366683095,0.1062099556431739,0.0539674716609167,0.1503203548546081,0.0480532281912272,0.2035485460818137,0.0613602759980285,0.0778708723509117,0.0101034992607195,0.8452439625431247,0.0054213898472153,0.0,0.936026936026936,0.9730639730639732,0.9890572390572392,0.2895622895622896,0.6090225563909775,0.6875522138680034,0.4160401002506265,0.2247284878863826,0.0726817042606516,25.304129713552967,0.1545826813204684,-0.0403906758333053
55-028,Calderón,Calderón,3,0.3407930202813737,1068.3861185821063,3135,0.0673100717644147,0.1091148115687993,0.2625587725810443,0.4788418708240534,0.1267013115565454,0.1358574610244989,0.0195496164315763,0.2430091561494679,0.8713189804503836,0.0339024993813412,0.0358822073744122,0.3617916357337293,0.145756000989854,0.1348676070279633,0.0339024993813412,0.0660727542687453,0.0113833209601583,0.8666171739668399,0.0205394704281118,0.0014847809948032,0.9847389558232932,0.9959839357429718,0.9991967871485944,0.0867469879518072,0.5465393794749404,0.8663484486873508,0.750994431185362,0.5019888623707239,0.0198886237072394,56.21736555553618,0.0741545480588297,-0.0064027144804818
50-269,Puengasi,Quito,0,0.5588902870852502,1056.302642591123,1890,0.1016243231986672,0.1306306306306306,0.2669720949604331,0.4885464389837567,0.1407746772178259,0.1261974177426072,0.0254060807996668,0.2415660141607663,0.7921699291961682,0.0874635568513119,0.0674718867138692,0.2798833819241982,0.1245314452311536,0.1645147855060391,0.0195751770095793,0.0237401082882132,0.005414410662224,0.9325281132861308,0.0183256976259891,0.0004164931278633,0.9907407407407408,0.966931216931217,0.9986772486772488,0.1547619047619047,0.5641361256544503,0.7604712041884817,0.5955497382198953,0.3180628272251309,0.0353403141361256,50.980047037903695,0.1376136102957003,-0.0463976981223656
50-268,Puengasi,Quito,3,0.5588902870852502,1053.5081911556967,1885,0.0637945318972659,0.0844841592201462,0.2348798674399337,0.4958574979287489,0.1176470588235294,0.1172328086164043,0.0124275062137531,0.2224523612261806,0.8181441590720795,0.0729080364540182,0.0459817729908864,0.3612261806130903,0.1420878210439105,0.1255178127589064,0.0153272576636288,0.0236122618061309,0.0053852526926263,0.9461474730737366,0.0095277547638773,0.0,0.986284289276808,0.9937655860349128,1.0,0.112219451371571,0.5740971357409713,0.7907845579078456,0.6699875466998755,0.3661270236612702,0.024906600249066,53.72034930274601,0.138324771342822,-0.0520861877807526
50-407,Quitumbe,Quito,0,0.4547381971983855,1051.354711922667,2312,0.0724126882409484,0.1489485981308411,0.2826017302146748,0.474847805190644,0.1384171739826978,0.1441845562319769,0.0147388657481576,0.2678628644665171,0.825056071771868,0.0461390579942326,0.0330022428708747,0.2845241909644345,0.0845882729894264,0.1454661967318167,0.0355655238705543,0.0410124959948734,0.0153796859980775,0.887215636014098,0.0201858378724767,0.0006408202499198,0.993006993006993,0.997002997002997,1.0,0.0199800199800199,0.3455809334657398,0.7805362462760675,0.6067527308838133,0.253227408142999,0.0208540218470705,65.06657933686908,0.0622273009807887,-0.0005522702917868
50-245,La Libertad,Quito,3,0.508888187202352,1050.8541065728568,2065,0.105923891722244,0.0915279878971255,0.2569635151039623,0.4778344448803452,0.1388779913691643,0.1180855237347979,0.0294233032561788,0.2275402118477834,0.8120831698705374,0.0666928207140055,0.0584542958022754,0.2985484503726952,0.1098469988230678,0.1431934091800706,0.0321694782267555,0.0207924676343664,0.0035307963907414,0.9203609258532758,0.0227540211847783,0.0003923107100823,0.9704545454545456,0.9965909090909092,0.9988636363636364,0.1375,0.5153234960272418,0.757094211123723,0.6288308740068105,0.3053348467650397,0.0227014755959137,87.17135258724815,0.0710987170648995,-0.0308824374999333
55-001,Calderón,Calderón,3,0.3407930202813737,1050.3240885071937,3082,0.0535759413697245,0.1260393873085339,0.25802375537023,0.4778872883497599,0.1324235531968663,0.1256002021733636,0.010361384887541,0.2476623704826889,0.8789486985089714,0.0305787212534748,0.0389183725044225,0.3290371493555724,0.127621935809957,0.1559262067222643,0.0146575688653019,0.1185241344452868,0.0136467020470053,0.8273944907758403,0.0257771038665655,0.0,0.996177370030581,0.996177370030581,0.9992354740061162,0.0344036697247706,0.7179878048780488,0.864329268292683,0.6966463414634146,0.3948170731707317,0.0236280487804878,40.69090813173688,0.1153538627776554,-0.0270545751550818
50-235,Centro Historico,Quito,2,0.5222684429404858,1049.7595703103764,2010,0.2706059465562664,0.1600587371512481,0.2547986450884456,0.4734663153933007,0.1219420398946179,0.1328566051938276,0.0715092209258562,0.1832894241625894,0.7079412871659767,0.1057583741061347,0.0568310124200225,0.2325931501693639,0.0688746706812194,0.1768912307113285,0.1305984192698532,0.0237109522017312,0.0026345502446368,0.8291305984192698,0.0139254798645088,0.0,0.875,0.9954545454545456,0.9977272727272728,0.4079545454545454,0.3862612612612612,0.5833333333333334,0.4459459459459459,0.1779279279279279,0.1081081081081081,95.2010104542687,0.1587399186807564,-0.0508019744320768
50-392,Quitumbe,Quito,3,0.4547381971983855,1045.4431153590883,2299,0.0371237458193979,0.0952662721893491,0.2605351170568561,0.4719063545150501,0.1250836120401337,0.1354515050167224,0.0076923076923076,0.2528428093645485,0.8996655518394648,0.031438127090301,0.0337792642140468,0.4053511705685618,0.1795986622073578,0.1123745819397993,0.0070234113712374,0.0334448160535117,0.0080267558528428,0.931103678929766,0.0204013377926421,0.0,0.9737945492662474,0.9905660377358492,0.9968553459119496,0.0167714884696016,0.5916666666666667,0.8802083333333334,0.81875,0.5,0.00625,75.52718186885753,0.1807268185479825,-0.0151189514416798
50-006,El Condado,Quito,0,0.3680290710647501,1044.098474610696,2837,0.1437324483022721,0.1082995951417004,0.2711258616287975,0.4911922389583865,0.1355629308143987,0.1355629308143987,0.0342098544804697,0.2369160071483278,0.7740617819760021,0.0748021444983405,0.0265509318355884,0.2004084758743936,0.0615266785805463,0.1850906305846311,0.0329333673729895,0.0645902476384988,0.0099565994383456,0.8794996170538678,0.0130201684962981,0.0,0.9873203719357564,0.9873203719357564,1.0,0.1479289940828402,0.4877843302443134,0.7540016849199663,0.556866048862679,0.2704296545914069,0.0429654591406908,26.13572161474893,0.0740117745725879,-0.0022486916788584
55-004,Calderón,Calderón,2,0.3407930202813737,1036.3515746756575,3041,0.2393831553973902,0.1543349977303676,0.2948991696322657,0.4979833926453143,0.1463819691577698,0.1485172004744958,0.0640569395017793,0.2308422301304863,0.7447212336892052,0.0934756820877817,0.0455516014234875,0.1786476868327402,0.0524317912218268,0.2116251482799525,0.1209964412811387,0.1205219454329774,0.0078291814946619,0.7432977461447212,0.0061684460260972,0.0011862396204033,0.8721991701244813,0.8871369294605809,0.991701244813278,0.2282157676348547,0.5649671052631579,0.6726973684210527,0.4695723684210526,0.2722039473684211,0.0616776315789473,25.278308959940016,0.1064052075067855,-0.0420135123511826
50-466,Guamani,Quito,2,0.3204367184674198,1034.0492904943635,3227,0.1932210708117444,0.2198237885462555,0.2953367875647668,0.4876943005181347,0.142055267702936,0.1532815198618307,0.0535405872193437,0.2417962003454231,0.7186960276338514,0.1094559585492228,0.0399395509499136,0.1422711571675302,0.0362694300518134,0.206174438687392,0.2253886010362694,0.0146804835924006,0.0045336787564766,0.7523747841105354,0.0030224525043177,0.0,0.9497041420118344,0.9874260355029586,0.9933431952662722,0.1900887573964497,0.5371596762325239,0.6100073583517293,0.4039735099337748,0.1714495952906549,0.0581309786607799,42.93017759179217,0.2036244232565523,-0.0489040109894137
50-371,Solanda,Quito,3,0.5562233385704759,1031.2380697096623,1854,0.0744544287548138,0.1357142857142857,0.2456140350877192,0.4813863928112965,0.1232349165596919,0.1223791185280273,0.0158322635857937,0.2297817715019255,0.87334189131365,0.0265297389816003,0.0346598202824133,0.35729567821994,0.1369276850663243,0.1181001283697047,0.0149764655541292,0.0175438596491228,0.0047068891741548,0.944801026957638,0.0175438596491228,0.0004278990158322,0.9626506024096384,0.9915662650602408,1.0,0.0277108433734939,0.5125748502994012,0.8323353293413174,0.7125748502994012,0.3017964071856287,0.0095808383233532,66.31824295609086,0.0912761908865288,-0.0168581543016791
50-234,Centro Historico,Quito,2,0.5222684429404858,1028.868832592757,1970,0.2347931873479318,0.1244167962674961,0.2534456355283307,0.4820061255742726,0.1282542113323124,0.1251914241960183,0.0551301684532924,0.1921898928024502,0.7312404287901991,0.1010719754977029,0.0627871362940275,0.2622511485451761,0.0819295558958652,0.1581163859111791,0.1803215926493108,0.0313935681470137,0.0099540581929555,0.7354517611026034,0.0424961715160796,0.0003828483920367,0.918854415274463,0.9976133651551312,0.9964200477326968,0.3949880668257756,0.2786304604486422,0.6103896103896104,0.448642266824085,0.1452184179456906,0.0991735537190082,88.55283643328956,0.1346481638690621,-0.0315225669972079
50-493,Guamani,Quito,2,0.3204367184674198,1028.2814295619503,3209,0.3174224343675417,0.1546830652790917,0.2920373182903016,0.4922976784551963,0.1431980906921241,0.1488392275981774,0.0902581904968539,0.2017791277934476,0.6864829681058798,0.1054458667823823,0.0681275764807984,0.1334345845085701,0.0271208505098719,0.2041657626383163,0.3677587329138642,0.0073768713386851,0.0060750705142113,0.6137990887394229,0.0049902364938164,0.0,0.8905630452022204,0.8969072164948454,0.9904837430610628,0.2870737509912767,0.6149068322981367,0.6234472049689441,0.3835403726708074,0.1809006211180124,0.0861801242236024,21.337360360729164,0.2323616848289409,-0.0577053091279496
50-363,La Argelia,Quito,2,0.3088435395716225,1026.5959255360733,3324,0.1872476089266737,0.1619834710743801,0.2875955819881053,0.4855564995751911,0.143160577740017,0.1444350042480883,0.0505522514868309,0.2366185216652506,0.7211129991503823,0.1055649957519116,0.058411214953271,0.1790569243840271,0.0567119796091758,0.2087935429056924,0.1214953271028037,0.0091333899745114,0.0046728971962616,0.8553525913338997,0.0093457943925233,0.0,0.9275683665927568,0.9297856614929786,0.9963045084996304,0.2187730968218773,0.4875,0.6625,0.4566176470588235,0.2051470588235294,0.0617647058823529,32.9874954841625,0.1772807822742541,-0.043279026069215
50-324,La Mena,Quito,0,0.5097212626751959,1026.5786230278443,2014,0.0765714285714285,0.1282820705176294,0.2605714285714285,0.4819047619047619,0.12,0.1405714285714285,0.0232380952380952,0.2373333333333333,0.8476190476190476,0.0613333333333333,0.0537142857142857,0.2567619047619047,0.0838095238095238,0.1634285714285714,0.0175238095238095,0.0186666666666666,0.006095238095238,0.9504761904761904,0.0072380952380952,0.0,0.9770408163265306,0.9948979591836736,0.9974489795918368,0.0752551020408163,0.5095298602287166,0.8170266836086404,0.6289707750952986,0.301143583227446,0.0216010165184243,30.64386141741717,0.1840565699771557,-0.0397636495284687
65-004,Llano Chico,Llano Chico,2,0.3561682528675731,1017.5726984426564,2857,0.2377749029754204,0.205089058524173,0.2659767141009055,0.4791720569210866,0.1314359637774903,0.1345407503234152,0.0636481241914618,0.2023285899094437,0.7423027166882277,0.0913324708926261,0.0540750323415265,0.1909443725743855,0.0652005174644243,0.1974126778783958,0.1353169469598965,0.0106080206985769,0.0147477360931435,0.8357050452781372,0.0036222509702457,0.0,0.8777777777777778,0.8629629629629629,0.9898148148148148,0.2037037037037037,0.6593406593406593,0.7087912087912088,0.5173992673992674,0.2628205128205128,0.0485347985347985,17.11174422237543,0.1913776443335126,-0.0844589891561983
75-999,Pifo,Pifo,2,0.1544984259653768,1017.526633407972,6586,0.2900239599215857,0.1191389599317988,0.2671440972222222,0.4898003472222222,0.1321614583333333,0.1349826388888889,0.0694444444444444,0.1968315972222222,0.6880425347222222,0.13671875,0.0704210069444444,0.1376953125,0.0469835069444444,0.2866753472222222,0.0376519097222222,0.0141059027777777,0.0049913194444444,0.9305555555555556,0.0126953125,0.0,0.8306671868903629,0.5813499804916114,0.9898556379243074,0.2824814670308233,0.6274065685164213,0.6308040770101925,0.4009060022650056,0.3004907512268781,0.0539826349565873,2.804895897009524,0.175261016401748,0.0420213532474874
50-236,Centro Historico,Quito,2,0.5222684429404858,1008.500363318078,1931,0.3056633048875097,0.1138153185397279,0.2748851454823889,0.5072741194486983,0.1439509954058193,0.1309341500765696,0.0819295558958652,0.1910413476263399,0.6519908116385911,0.1140888208269525,0.0417304747320061,0.1875957120980091,0.0578101071975497,0.2117151607963246,0.341500765696784,0.0176110260336906,0.003062787136294,0.6240428790199081,0.0137825421133231,0.0,0.8665919282511211,0.9932735426008968,0.9966367713004484,0.4405829596412556,0.2011173184357542,0.5307262569832403,0.3988826815642458,0.1195530726256983,0.1117318435754189,120.7677871097218,0.0598258922444656,-0.032735976956519
50-008,El Condado,Quito,0,0.3680290710647501,1007.2955675042213,2737,0.1973684210526315,0.1508021390374331,0.2750257997936016,0.4858101135190918,0.1367389060887512,0.1382868937048503,0.0546955624355005,0.2203302373581011,0.7422600619195047,0.1065531475748194,0.0469556243550051,0.1473168214654282,0.0570175438596491,0.1829205366357069,0.0307017543859649,0.1847265221878224,0.0051599587203302,0.7662538699690402,0.0131578947368421,0.0,0.9538855678906916,0.9649871904355252,0.9965841161400512,0.2613151152860802,0.5240506329113924,0.7012658227848101,0.4784810126582278,0.2008438818565401,0.0624472573839662,29.01186297921573,0.1222458762784861,-0.0218574125817462
50-414,Quitumbe,Quito,3,0.4547381971983855,1006.3356304000272,2213,0.0488387978142076,0.1348242811501597,0.275357385976855,0.4748127978216473,0.1392103471749489,0.136147038801906,0.0125936010891763,0.2627637848876787,0.8519400953029271,0.0439074200136147,0.0377808032675289,0.3243703199455411,0.1228727025187202,0.1385296119809394,0.012933968686181,0.0204220558202859,0.0108917631041524,0.937712729748128,0.0180394826412525,0.0,0.989977728285078,0.9933184855233852,0.9988864142538976,0.066815144766147,0.4818081587651598,0.8291069459757442,0.7056229327453142,0.3759647188533627,0.01212789415656,81.28594407317189,0.1085670581182296,0.0029596413030063
50-439,Turubamba,Quito,3,0.3279478062807397,1005.487974056748,3066,0.0370834377349035,0.1180492251595259,0.2738661989476322,0.4805813079428714,0.1403157103482836,0.1335504885993485,0.0085191681282886,0.2653470308193435,0.8887496867952894,0.0340766725131546,0.0353294913555499,0.3515409671761463,0.1325482335254322,0.1297920320721623,0.022550739163117,0.0210473565522425,0.0117764971185166,0.9293410172889,0.0140315710348283,0.0012528188423953,0.9893790849673204,0.9975490196078431,1.0,0.0277777777777777,0.5498366013071896,0.8504901960784313,0.7622549019607843,0.4191176470588235,0.0098039215686274,53.61131182920585,0.1296309471615069,-0.024027330726759
50-302,La Ferroviaria,Quito,2,0.4555273984929733,1004.8934410754993,2206,0.1966347740019795,0.158953722334004,0.2619597492576707,0.4856483008907951,0.1299901022764764,0.1319696469811943,0.0471791487957769,0.2147806004618937,0.6839326954800395,0.1355988122731771,0.0636753546684262,0.1933355328274497,0.0514681623226657,0.1976245463543385,0.0207852193995381,0.0247443088089739,0.0032992411745298,0.9478719894424282,0.0029693170570768,0.0003299241174529,0.9406593406593406,0.9945054945054944,0.9967032967032968,0.2241758241758241,0.5453551912568306,0.6797814207650273,0.4721311475409836,0.2415300546448087,0.0601092896174863,32.86179023674404,0.177006204380058,-0.0486953024199083
50-415,La Ecuatoriana,Quito,0,0.3706827883681122,996.0246523451176,2687,0.0714689265536723,0.1096774193548387,0.2782485875706215,0.4864406779661017,0.1415254237288135,0.1367231638418079,0.0161016949152542,0.2621468926553672,0.8197740112994351,0.0505649717514124,0.0460451977401129,0.2703389830508474,0.0963276836158192,0.1612994350282486,0.0426553672316384,0.0322033898305084,0.0045197740112994,0.9070621468926554,0.0135593220338983,0.0,0.9945701357466064,0.995475113122172,0.9990950226244344,0.0461538461538461,0.4281842818428184,0.7931345980126467,0.6251129177958447,0.3233965672990063,0.024390243902439,79.522752803486,0.1017055007327747,-0.018189026015745
55-025,Calderón,Calderón,2,0.3407930202813737,994.0932401607672,2917,0.2708481824661439,0.1271593090211132,0.2783309625414888,0.4796111901375059,0.1289710763394974,0.1493598862019914,0.0749170222854433,0.2031768610715979,0.7124229492650546,0.0962541488857278,0.0369843527738264,0.1477003319108582,0.0426742532005689,0.2392128971076339,0.347321005215742,0.0232337600758653,0.0049786628733997,0.620199146514936,0.0040303461356092,0.0002370791844476,0.8413910093299406,0.7099236641221374,0.9991518235793044,0.2018659881255301,0.6245819397993311,0.681438127090301,0.4523411371237458,0.2374581939799331,0.0451505016722408,20.12822968104784,0.1536822967955985,-0.0698173371336903
50-382,Chillogallo,Quito,0,0.4561716622492717,992.173365392166,2175,0.1065545040308447,0.1316872427983539,0.272695408342096,0.4819488257974062,0.1335436382754994,0.1391517700665965,0.0276901507185418,0.2450052576235541,0.7648089730108657,0.0949877322117069,0.054328776726253,0.2544689800210305,0.0869260427620049,0.1850683491062039,0.0182264283210655,0.0301437083771468,0.0059586400280406,0.9337539432176656,0.0119172800560813,0.0,0.9758897818599312,0.9724454649827784,0.9988518943742823,0.1205510907003444,0.463302752293578,0.7614678899082569,0.6169724770642202,0.3119266055045872,0.0252293577981651,47.42775438955702,0.1179599702750347,-0.0365086878535794
50-004,El Condado,Quito,0,0.3680290710647501,991.8383465195016,2695,0.1559358869872317,0.1473899692937564,0.2762836185819071,0.4892692203205651,0.1339309970116816,0.1423526215702255,0.0421081227927193,0.2341754957891877,0.7538712306438468,0.0855745721271393,0.0402064656343384,0.1915240423797881,0.0624830209182287,0.2042923118717739,0.0258082042923118,0.0939961966856832,0.0124966041836457,0.856560717196414,0.0111382776419451,0.0,0.9750445632798574,0.9581105169340464,0.9955436720142602,0.1934046345811051,0.5102040816326531,0.6805678793256433,0.487133984028394,0.2165039929015084,0.059449866903283,22.13466211909501,0.1355544765021706,-0.0238475059444772
50-418,La Ecuatoriana,Quito,0,0.3706827883681122,984.162803117338,2655,0.1313103448275862,0.1509129967776584,0.2813793103448276,0.48,0.1428965517241379,0.1384827586206896,0.0355862068965517,0.2457931034482758,0.7688275862068965,0.081103448275862,0.0408275862068965,0.2173793103448275,0.0764137931034482,0.1809655172413793,0.0471724137931034,0.0231724137931034,0.0057931034482758,0.9191724137931034,0.0046896551724137,0.0,0.9591078066914498,0.9925650557620818,0.9981412639405204,0.0929368029739776,0.4276497695852534,0.7391705069124423,0.576036866359447,0.2755760368663594,0.0442396313364055,48.89656899445249,0.1320709682828177,-0.0297281621934547
50-456,Guamani,Quito,0,0.3204367184674198,982.7794155395766,3067,0.15,0.1521035598705501,0.2638248847926267,0.4887096774193548,0.1299539170506912,0.1338709677419355,0.0354838709677419,0.2283410138248847,0.7064516129032258,0.126036866359447,0.0283410138248847,0.1834101382488479,0.0569124423963133,0.2096774193548387,0.147926267281106,0.028110599078341,0.0052995391705069,0.812442396313364,0.006221198156682,0.0,0.9686520376175548,0.9905956112852664,1.0,0.1120689655172413,0.4641744548286604,0.6666666666666666,0.5062305295950156,0.2235202492211838,0.0537383177570093,43.127530141001365,0.1288116009873764,-0.0263794339513591
55-043,Calderón,Calderón,3,0.3407930202813737,981.4838984103562,2880,0.0778947368421052,0.1062874251497006,0.241578947368421,0.4952631578947368,0.1228947368421052,0.1186842105263158,0.0160526315789473,0.2255263157894736,0.7610526315789473,0.0607894736842105,0.0342105263157894,0.3423684210526316,0.1321052631578947,0.1363157894736842,0.03,0.0328947368421052,0.0039473684210526,0.9178947368421052,0.0152631578947368,0.0,0.9737058340180772,0.9860312243221035,0.9991783073130648,0.1191454396055875,0.6117936117936118,0.7927927927927928,0.6945126945126945,0.5184275184275184,0.0221130221130221,41.9144136587205,0.101528291669136,-0.0361406700679301
50-492,Guamani,Quito,2,0.3204367184674198,980.856795228772,3061,0.2391840394530374,0.1641448876662081,0.2757229320780094,0.5032503922887245,0.1387581259807218,0.1369648060972876,0.0623178659493387,0.2134050661286707,0.6863931853844429,0.1188074422775162,0.0515579466487334,0.1582604797130688,0.0423671822461331,0.205559291638646,0.1692445639991033,0.0147948890383322,0.0022416498542927,0.8096839273705447,0.0040349697377269,0.0,0.9042298483639266,0.9521149241819632,0.980047885075818,0.2027134876296887,0.528196981731533,0.6505162827640985,0.4495631453534551,0.1739475774424146,0.0746624305003971,37.2347546586203,0.1842260890456247,-0.0363177496203309
80-009,San Antonio,San Antonio,3,0.3150857083405627,976.1355244390631,3098,0.0589285714285714,0.128735632183908,0.2313775510204081,0.472704081632653,0.1137755102040816,0.1176020408163265,0.011734693877551,0.2196428571428571,0.8339285714285715,0.0576530612244897,0.0433673469387755,0.3706632653061224,0.1612244897959183,0.1418367346938775,0.0239795918367346,0.0303571428571428,0.0056122448979591,0.9,0.0397959183673469,0.0002551020408163,0.9896331738437002,0.9968102073365231,1.0,0.1092503987240829,0.5796178343949044,0.7937898089171974,0.6743630573248408,0.4482484076433121,0.0143312101910828,40.80111218729326,0.1040956168975681,-0.0356789128674544
50-017,El Condado,Quito,0,0.3680290710647501,970.8606894688108,2638,0.1248615725359911,0.1904512067156348,0.2754706533776301,0.4808970099667774,0.1337209302325581,0.1417497231450719,0.0326688815060908,0.2428017718715393,0.7890365448504983,0.0683831672203765,0.0365448504983388,0.200719822812846,0.067829457364341,0.187984496124031,0.0326688815060908,0.1356589147286821,0.0063676633444075,0.8111849390919158,0.0141196013289036,0.0,0.977294228949858,0.9905392620624408,0.9981078524124882,0.1333964049195837,0.4819277108433735,0.736793327154773,0.5783132530120482,0.2687673772011121,0.0481927710843373,28.12564215307569,0.1033405907228252,-0.018891648300613
50-469,Guamani,Quito,0,0.3204367184674198,968.68019992701,3023,0.134535705581282,0.1192842942345924,0.2732147209359005,0.4906166219839142,0.1386790153546185,0.134535705581282,0.0331464781866926,0.2400682427492079,0.7506702412868632,0.1067511576894954,0.0368023397514014,0.213258591274677,0.0626370948086765,0.1813307336095539,0.0550816475749451,0.0182793078235437,0.011698757007068,0.9049475993175724,0.0099926882768705,0.0,0.9626459143968872,0.9852140077821012,0.9875486381322958,0.0856031128404669,0.5120435120435121,0.6728826728826729,0.4895104895104895,0.275058275058275,0.0357420357420357,44.66423621454735,0.1399085415024367,-0.0356868574804846
50-491,Guamani,Quito,0,0.3204367184674198,967.0780163346732,3018,0.1578199052132701,0.1455847255369928,0.2850710900473933,0.481042654028436,0.1308056872037914,0.1542654028436019,0.0440758293838862,0.2409952606635071,0.7222748815165877,0.0966824644549763,0.0436018957345971,0.1829383886255924,0.0492890995260663,0.1947867298578199,0.0992890995260663,0.0163507109004739,0.0071090047393364,0.8727488151658768,0.0045023696682464,0.0,0.9535433070866142,0.9952755905511812,0.9976377952755906,0.158267716535433,0.4646226415094339,0.6572327044025157,0.4685534591194968,0.2429245283018868,0.0597484276729559,39.95671697912629,0.1349457523652868,-0.0320098982746653
50-054,El Condado,Quito,0,0.3680290710647501,965.7082824739044,2624,0.153360768175583,0.1131270010672358,0.2943758573388203,0.4858710562414266,0.1421124828532236,0.1522633744855967,0.0417009602194787,0.2526748971193415,0.7706447187928669,0.0620027434842249,0.0224965706447187,0.1744855967078189,0.0595336076817558,0.2381344307270233,0.0378600823045267,0.0433470507544581,0.0049382716049382,0.908641975308642,0.0052126200274348,0.0,0.9694072657743786,0.9894837476099426,0.994263862332696,0.1462715105162524,0.6020892687559354,0.7065527065527065,0.5422602089268755,0.2307692307692307,0.0541310541310541,30.594424867410265,0.147543668736631,-0.0161692095483192
52-911,Amaguaña,Amaguaña,2,0.2142532737996558,963.9254788246516,4499,0.2574325485478604,0.0990680013807387,0.2634473277195394,0.4966489087472074,0.1312940367760783,0.132153290943461,0.0635848083863206,0.1998625193332187,0.7219453514349544,0.1252792576043993,0.0513833992094861,0.263962880219969,0.0802543392335452,0.1947069943289225,0.0092799450077332,0.024402818353669,0.0051555250042962,0.951538064959615,0.0096236466746863,0.0,0.8279761904761904,0.9583333333333334,0.9952380952380953,0.1089285714285714,0.6868686868686869,0.7284610814022578,0.6054664289958408,0.308972073677956,0.0487225193107546,24.34105338569009,0.2217109393629777,-0.0605170658464668
50-321,La Mena,Quito,0,0.5097212626751959,963.3731864561204,1890,0.0881355932203389,0.096694214876033,0.2549767047861075,0.4866581956797967,0.1266412537060567,0.1283354510800508,0.0220245658619229,0.2329521389241846,0.8034731046166879,0.0766624311732316,0.0385429902583651,0.3240152477763659,0.1135112240576027,0.1376535366370182,0.0046590427784836,0.0360016941973739,0.0055061414654807,0.9207962727657772,0.0330368487928843,0.0,0.9808917197452228,0.9961783439490446,0.9987261146496816,0.1222929936305732,0.4955640050697085,0.7972116603295311,0.6032953105196451,0.2610899873257287,0.0253485424588086,64.21585947275162,0.0692590210506776,-0.012277725027866
50-384,Chillogallo,Quito,2,0.4561716622492717,962.066035683714,2109,0.2278694042409963,0.1917460317460317,0.276001346348031,0.4823291820935712,0.1302591719959609,0.14574217435207,0.0545270952541231,0.2214742510939077,0.6687983843823628,0.1356445641198249,0.0447660720296196,0.1258835408953214,0.0407270279367216,0.2305621003029283,0.2810501514641534,0.0151464153483675,0.002692696061932,0.6913497139010434,0.0097610232245035,0.0,0.9074285714285716,0.9771428571428572,0.9965714285714286,0.2297142857142857,0.5221843003412969,0.5756541524459613,0.3492605233219568,0.1478953356086461,0.0750853242320819,16.50349081559615,0.1612935282133641,-0.0364237639351169
55-034,Calderón,Calderón,3,0.3407930202813737,960.6955241731924,2819,0.0694789081885856,0.1148851148851148,0.2486218302094818,0.4818081587651598,0.1190738699007717,0.12954796030871,0.0124035281146637,0.2359426681367144,0.8489525909592062,0.0383131201764057,0.0556780595369349,0.3078831312017641,0.099779492833517,0.13561190738699,0.0297684674751929,0.0595369349503858,0.0057883131201764,0.8718302094818081,0.0330760749724366,0.0,0.9908256880733946,0.9924937447873228,1.0,0.0758965804837364,0.4788029925187032,0.8379052369077307,0.6658354114713217,0.3341645885286783,0.0174563591022443,52.14293231265083,0.0655629583539687,-0.0208391608698432
50-474,Turubamba,Quito,0,0.3279478062807397,960.231176790006,2928,0.1104794859120118,0.1823472356935014,0.2881858625803262,0.486406327236777,0.1453287197231834,0.1428571428571428,0.0264458724666337,0.2617399901136925,0.69451309935739,0.1191300049431537,0.0410281759762728,0.1841324765200197,0.0494315373208106,0.2009391992090954,0.0766188828472565,0.0148294611962432,0.0029658922392486,0.9033613445378152,0.0022244191794364,0.0,0.985977212971078,0.9877300613496932,0.9991235758106924,0.1367221735319894,0.4629310344827586,0.7043103448275863,0.4982758620689655,0.2344827586206896,0.0491379310344827,50.49756033945891,0.1217655963095454,-0.0268911132820222
50-284,Chilibulo,Quito,2,0.5650943898372349,959.5302739436248,1698,0.2156448202959831,0.165837479270315,0.2756871035940803,0.4892177589852008,0.1348837209302325,0.1408033826638478,0.0638477801268499,0.2118393234672304,0.7141649048625793,0.0985200845665962,0.0427061310782241,0.1632135306553911,0.0431289640591966,0.2202959830866807,0.0283298097251585,0.0080338266384778,0.0012684989429175,0.957293868921776,0.0050739957716701,0.0,0.9197183098591548,0.8901408450704226,0.9901408450704224,0.2619718309859155,0.5293296089385475,0.6717877094972067,0.467877094972067,0.2304469273743016,0.047486033519553,23.80374717482601,0.226325472004548,-0.0614664307736707
50-482,Turubamba,Quito,0,0.3279478062807397,959.2473333711636,2925,0.1259314456035767,0.1300383877159309,0.2821659215101838,0.4883258817685047,0.1403378042722305,0.1418281172379533,0.0293094883258817,0.252856433184302,0.8002980625931445,0.0586189766517635,0.0350223546944858,0.2228017883755588,0.0516641828117237,0.1882762046696472,0.0660705414803775,0.0255837059115747,0.0089418777943368,0.8874813710879285,0.0119225037257824,0.0,0.9682675814751286,0.9982847341337908,0.9982847341337908,0.0728987993138936,0.4982935153583617,0.7534129692832765,0.5784982935153583,0.2542662116040955,0.0520477815699658,48.94486540578791,0.1005482931155375,-0.0287337226432641
50-364,La Argelia,Quito,2,0.3088435395716225,958.3415032907448,3103,0.181107791312342,0.1730937773882559,0.2895886003217651,0.4856354860951505,0.1418064812686738,0.1477821190530912,0.0482647667202941,0.2413238336014709,0.7111008963456676,0.1077913123419903,0.0655021834061135,0.1794989657549988,0.0574580556193978,0.2142036313491151,0.0632038611813376,0.0098827855665364,0.0064353022293725,0.9105952654562168,0.0098827855665364,0.0,0.9282178217821784,0.976072607260726,0.9942244224422442,0.1848184818481848,0.5195439739413681,0.6799674267100977,0.4600977198697068,0.2084690553745928,0.0610749185667752,35.250062046810775,0.1627116550314628,-0.0412146782786059
50-472,Turubamba,Quito,0,0.3279478062807397,957.9355421460408,2921,0.1512338138284876,0.2083764219234746,0.2819447837771806,0.4683606156853164,0.1402394331785976,0.1417053505985829,0.0420229660395797,0.2399218177376008,0.6965550940630344,0.0889323234791106,0.034693378939653,0.1844612753481553,0.060591253359394,0.1553872465184461,0.1502565355484974,0.0097727827999022,0.0048863913999511,0.8311751771316882,0.0039091131199609,0.0,0.9814665592264304,0.9951651893634166,0.9959709911361804,0.088638195004029,0.414320193081255,0.6757843925985519,0.4907481898632341,0.246983105390185,0.0410297666934835,50.39930339192236,0.1150565032280456,-0.0305625003541785
50-306,La Ferroviaria,Quito,0,0.4555273984929733,956.152009436751,2099,0.1533807829181494,0.1360866621530128,0.2526690391459075,0.4768683274021352,0.1298932384341637,0.1227758007117437,0.0355871886120996,0.2170818505338078,0.7715302491103203,0.0779359430604982,0.0558718861209964,0.2583629893238434,0.0886120996441281,0.1697508896797153,0.0224199288256227,0.0131672597864768,0.0035587188612099,0.9459074733096086,0.0149466192170818,0.0,0.9603729603729604,0.9906759906759908,0.9976689976689976,0.1386946386946387,0.5476744186046512,0.7534883720930232,0.5813953488372093,0.3081395348837209,0.055813953488372,55.08239320818887,0.1396593063741879,-0.04294509322987
50-449,Turubamba,Quito,2,0.3279478062807397,951.376586020426,2901,0.2005936186000494,0.1567622950819672,0.2832055404402671,0.4964135542913678,0.1449418748454118,0.1382636655948553,0.0610932475884244,0.2221122928518427,0.5886717783823893,0.1446945337620578,0.0497155577541429,0.1728914172644076,0.0445213950037101,0.1867425179322285,0.0665347514222112,0.0173138758347761,0.0069255503339104,0.8936433341578036,0.0148404650012367,0.0007420232500618,0.9206611570247932,0.9942148760330578,0.9991735537190084,0.1380165289256198,0.4392220421393841,0.6166936790923825,0.4359805510534846,0.2479740680713128,0.0607779578606158,48.644619264910304,0.1543355699968142,-0.0299648594739002
55-052,Calderón,Calderón,2,0.3407930202813737,947.0638033619376,2779,0.1643243243243243,0.1274878967186659,0.2597297297297297,0.482972972972973,0.1256756756756756,0.134054054054054,0.0394594594594594,0.2202702702702702,0.7524324324324324,0.0883783783783783,0.0378378378378378,0.2245945945945946,0.0635135135135135,0.1845945945945946,0.1351351351351351,0.017027027027027,0.0035135135135135,0.8321621621621622,0.0116216216216216,0.0005405405405405,0.9406934306569344,0.9443430656934306,0.9954379562043796,0.1998175182481751,0.6681776971894833,0.7180417044424298,0.5294650951949229,0.2928377153218495,0.0290117860380779,19.12089348749192,0.1477195897234364,-0.0663269513964491
50-041,Comite Del Pueblo,Quito,3,0.3517495449289433,945.1510272240708,2687,0.0676024061873388,0.0746341463414634,0.2287990893568582,0.4800796812749004,0.1209447922595332,0.1078542970973249,0.0162208309618668,0.2125782583949914,0.8924302788844621,0.0281730221969265,0.0193511667615253,0.4997154240182128,0.2504268639726807,0.0663062037564029,0.004268639726807,0.0432555492316448,0.0076835515082527,0.904382470119522,0.0401252134319863,0.0002845759817871,0.9778172138420586,0.9875776397515528,0.9982253771073648,0.0550133096716947,0.7402826855123675,0.8957597173144877,0.8507067137809188,0.6625441696113075,0.0106007067137809,58.42708724975586,0.1640829280428207,-0.0478310930841232
50-338,La Argelia,Quito,0,0.3088435395716225,941.9727956934488,3050,0.1125667151868025,0.1113801452784503,0.2615533510766997,0.4725381079119284,0.1226711831599322,0.1388821679167674,0.0266150496007742,0.2346963464795548,0.7270747640938785,0.1067021533994677,0.0665376240019356,0.2407452213888216,0.0858940237115896,0.1812242922816356,0.0270989595935156,0.019356399709654,0.011129929833051,0.9281393660779096,0.0142753447858698,0.0,0.9763593380614656,0.9905437352245864,0.9881796690307328,0.0992907801418439,0.4984326018808777,0.7210031347962382,0.5862068965517241,0.2539184952978056,0.0415360501567398,38.04878789343015,0.1537419686628832,-0.0383472891929389
50-084,Comite Del Pueblo,Quito,0,0.3517495449289433,940.9300326849234,2675,0.1541321132399199,0.1040176114474408,0.2587932513583071,0.4969974263654561,0.1266800114383757,0.1321132399199313,0.040320274521018,0.2184729768372891,0.8115527595081499,0.0500428939090649,0.0248784672576494,0.2782384901344009,0.0794967114669717,0.1155275950814984,0.0386045181584215,0.0320274521018015,0.003431512725193,0.8944809837003146,0.0288818987703746,0.0025736345438947,0.986910994764398,0.9965095986038396,0.9982547993019196,0.0462478184991274,0.4360313315926893,0.8128807658833769,0.6623150565709313,0.2419495213228894,0.0539599651871192,68.85674984483833,0.0429727174658927,-0.0154033383292116
50-401,Quitumbe,Quito,0,0.4547381971983855,940.8533300034596,2069,0.1384083044982699,0.1472602739726027,0.2930795847750865,0.4937716262975778,0.1449826989619377,0.1480968858131487,0.0401384083044982,0.2529411764705882,0.77439446366782,0.0920415224913494,0.0491349480968858,0.2017301038062283,0.0539792387543252,0.2,0.1328719723183391,0.0328719723183391,0.0038062283737024,0.8224913494809688,0.0072664359861591,0.0006920415224913,0.955952380952381,0.9857142857142858,0.9964285714285714,0.1928571428571428,0.5541022592152199,0.751486325802616,0.539833531510107,0.248513674197384,0.0428061831153388,40.00324201758528,0.1936410304654301,-0.0416550666265609
55-036,Calderón,Calderón,3,0.3407930202813737,935.8176336926522,2746,0.1024182076813655,0.0838414634146341,0.2409672830725462,0.465149359886202,0.1206258890469416,0.1203413940256045,0.0298719772403982,0.2110953058321479,0.8668563300142248,0.0392603129445234,0.0560455192034139,0.3854907539118065,0.1815078236130867,0.1234708392603129,0.0142247510668563,0.0677098150782361,0.0082503556187766,0.8782361308677098,0.031578947368421,0.0,0.9406113537117904,0.9930131004366812,0.9991266375545852,0.0576419213973799,0.5052173913043478,0.8721739130434782,0.7269565217391304,0.4243478260869565,0.0156521739130434,57.59095892187667,0.0646162884140722,-0.0137226725080742
50-420,La Ecuatoriana,Quito,2,0.3706827883681122,931.525847169066,2513,0.1321418107237034,0.1439482961222091,0.2786404922355698,0.4831526516261353,0.1394667447992968,0.139173747436273,0.033987694110753,0.2446527981248168,0.7600351596835628,0.0952241429827131,0.0477585701728684,0.1845883387049516,0.0454145912686785,0.2045121593905655,0.1377087606211544,0.0199238206856138,0.0038089657193085,0.8306475241722825,0.0079109288016407,0.0,0.9572564612326044,0.9880715705765408,0.978131212723658,0.1739562624254473,0.5504950495049505,0.7396039603960396,0.5465346534653466,0.2613861386138614,0.0405940594059405,29.244869228324504,0.1784325054929009,-0.0440942686491892
50-373,Chillogallo,Quito,0,0.4561716622492717,931.5025343130128,2042,0.1205186880244088,0.0910384068278805,0.2654226961157654,0.4946686976389947,0.1386138613861386,0.1268088347296268,0.0255140898705255,0.2399086062452399,0.8038842345773038,0.0746382330540746,0.046077684691546,0.3145468392993145,0.1047220106626047,0.1367098248286367,0.0159939070830159,0.0171363290175171,0.0137090632140137,0.9386900228484388,0.0144706778370144,0.0,0.9744483159117304,0.9907084785133564,1.0,0.1231126596980255,0.4658959537572254,0.7641618497109827,0.6173410404624278,0.3063583815028902,0.0416184971098265,55.1036313944195,0.090334731631389,-0.013288553064988
50-426,Quitumbe,Quito,3,0.4547381971983855,930.3943514678969,2046,0.0576642335766423,0.1106500691562932,0.2736880466472303,0.4927113702623906,0.1421282798833819,0.1315597667638484,0.0153061224489795,0.2580174927113702,0.8760932944606414,0.0379008746355685,0.0455539358600583,0.3301749271137026,0.1144314868804664,0.135932944606414,0.0065597667638483,0.0178571428571428,0.0072886297376093,0.9526239067055392,0.01567055393586,0.0,0.9891696750902528,0.9963898916967509,0.9975932611311672,0.0288808664259927,0.5455635491606715,0.8717026378896883,0.7242206235011991,0.4064748201438849,0.0107913669064748,66.43107173556372,0.0973440985484877,0.0022436554474094
50-496,Guamani,Quito,2,0.3204367184674198,928.6256101185828,2898,0.369205298013245,0.1634419551934827,0.28240302743614,0.4817880794701987,0.1326868495742668,0.1497161778618732,0.1000473036896878,0.1823557237464522,0.6255912961210974,0.1487701040681173,0.0345316934720908,0.173368022705771,0.053453169347209,0.1979659413434248,0.3621097445600756,0.0092242194891201,0.0052034058656575,0.6166035950804163,0.0068590350047303,0.0,0.8080631025416302,0.6538124452234881,0.9447852760736196,0.2979842243645925,0.4791666666666667,0.6223958333333334,0.4192708333333333,0.2265625,0.0876736111111111,21.70326052750566,0.233662589248197,-0.0673499731202059
50-074,Comite Del Pueblo,Quito,0,0.3517495449289433,928.6187986124104,2640,0.2111234089651356,0.1304588170259812,0.2650802434975097,0.487825124515772,0.1317100166021029,0.1333702268954067,0.0561704482567791,0.2089097952407305,0.7177642501383509,0.0857775318206972,0.0318206972883231,0.2183176535694521,0.048699501936912,0.1419479800774764,0.0619811842833425,0.094355285002767,0.0118981737686773,0.820420586607637,0.011344770337576,0.0,0.9757575757575756,0.986147186147186,0.9974025974025974,0.1307359307359307,0.4826989619377163,0.7569204152249135,0.5302768166089965,0.2301038062283737,0.0813148788927335,55.66060678582442,0.1565825586745162,-0.0494621437119657
77-999,Pomasqui,Pomasqui,3,0.596056600668248,925.0798442371208,1552,0.1877979027645376,0.1100352112676056,0.2349857006673022,0.4833174451858913,0.1148713060057197,0.1201143946615824,0.050047664442326,0.1849380362249761,0.8083889418493804,0.0486177311725452,0.0409914204003813,0.3431839847473784,0.1696854146806482,0.1587225929456625,0.0238322211630123,0.042421353670162,0.0128693994280266,0.8798856053384175,0.0395614871306005,0.0014299332697807,0.8849840255591054,0.8274760383386581,0.9936102236421726,0.1597444089456869,0.6993769470404985,0.8006230529595015,0.6682242990654206,0.5046728971962616,0.0358255451713395,10.152175653223532,0.1898887659721928,-0.0543750788571561
50-394,Quitumbe,Quito,3,0.4547381971983855,924.9374931015162,2034,0.0360766629086809,0.0808283233132932,0.2750845546786922,0.465238632093198,0.1311537016159338,0.1439308530627583,0.0082675685832393,0.2668169860954528,0.8744832769635476,0.0300638857572341,0.0439684329199549,0.3720405862457722,0.1484404359263434,0.133032694475761,0.0187899285982713,0.0217963171739947,0.0165351371664787,0.9146937241638482,0.0263059000375798,0.0018789928598271,0.9965277777777778,0.9942129629629628,1.0,0.037037037037037,0.420389461626575,0.8396334478808706,0.715922107674685,0.3860252004581901,0.0103092783505154,70.87734818382386,0.1052662443251539,-0.0190088129210297
50-019,El Condado,Quito,0,0.3680290710647501,917.8645032354868,2494,0.1331386861313868,0.1341531581889323,0.251970802919708,0.4899270072992701,0.1322627737226277,0.1197080291970802,0.0324087591240875,0.2195620437956204,0.7894890510948905,0.0788321167883211,0.0417518248175182,0.2087591240875912,0.0636496350364963,0.1848175182481752,0.0318248175182481,0.0642335766423357,0.0108029197080291,0.8858394160583941,0.0072992700729927,0.0,0.9764243614931236,1.0,1.0,0.130648330058939,0.559580552907531,0.7216396568160153,0.5262154432793136,0.2383222116301239,0.0505243088655862,28.223274501024093,0.1023529643289912,-0.0179814892117728
50-078,Comite Del Pueblo,Quito,0,0.3517495449289433,917.7145627196132,2609,0.1540907776814108,0.137451307735114,0.250361376120266,0.4906042208730847,0.1269152934374096,0.1234460826828563,0.0303555941023417,0.2200057820179242,0.7586007516623302,0.0797918473547268,0.0462561433940445,0.2119109569239664,0.0659150043365134,0.1795316565481353,0.0303555941023417,0.1723041341428158,0.0072275224053194,0.7716102919919052,0.0185024573576178,0.0,0.9733333333333334,0.9448888888888888,0.9937777777777778,0.136,0.5548672566371682,0.7053097345132744,0.5460176991150443,0.268141592920354,0.0309734513274336,34.41104899512397,0.1500411252888412,-0.0441238692657699
55-020,Calderón,Calderón,0,0.3407930202813737,912.6437083135188,2678,0.1052487698195735,0.1295647823911956,0.2460360852925095,0.5030071077091307,0.1238381629305631,0.1221979223619464,0.0243302351011481,0.2217058501913614,0.8067249863313286,0.0585019136139967,0.0311645708037178,0.3053581191908146,0.1372334609075997,0.1615636960087479,0.0820120284308365,0.059322033898305,0.0068343357025697,0.8340623291416074,0.0177692728266812,0.0,0.966728280961183,0.9648798521256932,0.99815157116451,0.0813308687615526,0.6393744250229991,0.8160073597056118,0.7175712971481141,0.468261269549218,0.0340386384544618,55.51755018348238,0.0930201802394342,-0.0086594922850857
50-349,La Mena,Quito,0,0.5097212626751959,911.8913389259254,1789,0.1208881578947368,0.1523730224812656,0.2676809210526316,0.4925986842105263,0.1389802631578947,0.1287006578947368,0.0370065789473684,0.2306743421052631,0.7861842105263158,0.0756578947368421,0.0740131578947368,0.1936677631578947,0.0699013157894736,0.1895559210526315,0.0464638157894736,0.0711348684210526,0.0032894736842105,0.8708881578947368,0.0082236842105263,0.0,0.96218487394958,0.9929971988795518,0.9915966386554622,0.1218487394957983,0.5258019525801952,0.6903765690376569,0.5062761506276151,0.209205020920502,0.0264993026499302,45.77879772927651,0.1607792451578711,-0.0410100231210864
50-083,Comite Del Pueblo,Quito,0,0.3517495449289433,905.4033286471,2574,0.1322073383808969,0.1224147568474007,0.2667443214909726,0.4868957483983692,0.1357018054746651,0.1310425160163075,0.0331974373907979,0.2335468841001747,0.7871287128712872,0.0637740244612696,0.0326150262085032,0.2574257425742574,0.0693069306930693,0.1423995340710541,0.0078625509609784,0.053290623179965,0.0171811298776936,0.8913803145020385,0.0302853814793244,0.0,0.983410138248848,0.992626728110599,0.9981566820276496,0.0783410138248847,0.4271310724106325,0.7882676443629697,0.5701191567369386,0.2401466544454628,0.0485792850595783,66.8618351618449,0.0719425911126576,-0.0211113094848797
55-039,Calderón,Calderón,3,0.3407930202813737,904.4646758267658,2654,0.1041119860017497,0.1114616193480546,0.268299795858851,0.4849810440361621,0.1271507728200641,0.1411490230387868,0.0282881306503353,0.2400116652085156,0.8165645960921551,0.0548264800233304,0.0446194225721784,0.3592884222805482,0.142315543890347,0.1388159813356664,0.0408282298046077,0.0247885680956547,0.0046660834062408,0.9078448527267424,0.021289005540974,0.0005832604257801,0.9757009345794392,0.9766355140186916,0.9990654205607477,0.1383177570093458,0.5617455896007428,0.8059424326833797,0.6722376973073352,0.4382544103992572,0.0269266480965645,46.641537772617305,0.0959398533579207,-0.0258418764891795
55-018,Calderón,Calderón,2,0.3407930202813737,900.3751595833893,2642,0.2482191780821918,0.2065101387406616,0.2952120383036936,0.5012311901504788,0.1545827633378933,0.1406292749658002,0.0722298221614227,0.2224350205198358,0.7507523939808481,0.0694938440492476,0.0311901504787961,0.1786593707250342,0.0352941176470588,0.1688098495212038,0.1154582763337893,0.241860465116279,0.0060191518467852,0.6300957592339261,0.0065663474692202,0.0,0.907992565055762,0.8438661710037175,0.991635687732342,0.2407063197026022,0.6086956521739131,0.7261794634597595,0.4791859389454209,0.2201665124884366,0.0527289546716003,37.26265388929925,0.1203427003596786,-0.0236979463365775
50-238,Centro Historico,Quito,2,0.5222684429404858,897.7794534146951,1719,0.3195831524099001,0.1384850803366488,0.2641996557659208,0.4875215146299483,0.1273666092943201,0.1368330464716007,0.0869191049913941,0.1712564543889845,0.6454388984509466,0.1269363166953528,0.0451807228915662,0.2160068846815834,0.056368330464716,0.1962134251290878,0.4173838209982788,0.01592082616179,0.0034423407917383,0.5292598967297762,0.0335628227194492,0.0004302925989672,0.832258064516129,0.9922580645161292,0.9987096774193548,0.32,0.3106546854942233,0.5288831835686778,0.386392811296534,0.1527599486521181,0.128369704749679,107.2620934746482,0.0638947625422797,-0.0257881015435562
50-215,Centro Historico,Quito,0,0.5222684429404858,897.2571849717546,1718,0.1185515873015873,0.1005372217958557,0.2339405560882071,0.4817833173537871,0.1097794822627037,0.1241610738255033,0.022051773729626,0.2066155321188878,0.7914669223394055,0.0738255033557047,0.0862895493767977,0.3307766059443912,0.1265580057526366,0.1255992329817833,0.0642377756471716,0.0153403643336529,0.0129434324065196,0.8537871524448706,0.0474592521572387,0.0062320230105465,0.9691516709511568,0.9961439588688946,0.9987146529562982,0.2519280205655527,0.3516896120150187,0.623279098873592,0.5657071339173968,0.2015018773466833,0.0375469336670838,135.90579110033377,0.0495932362301037,-0.0374316244323633
50-372,Chillogallo,Quito,0,0.4561716622492717,895.4649729953203,1963,0.0967495219885277,0.106705118961788,0.2592592592592592,0.4700267277586865,0.1252386407025582,0.134020618556701,0.0225276823214967,0.2363497518136693,0.796869033982436,0.0656739213440244,0.0610920198549064,0.2581137838869797,0.0851470026727758,0.1561664757541046,0.0775105001909125,0.0168003054600992,0.0053455517373043,0.8865979381443299,0.0137457044673539,0.0,0.9887218045112782,0.9974937343358397,1.0,0.1228070175438596,0.4582814445828144,0.797011207970112,0.5828144458281445,0.2677459526774595,0.0336239103362391,64.42940822400547,0.0573721132645974,-0.0092308169951199
50-007,El Condado,Quito,0,0.3680290710647501,894.6786717584076,2431,0.1637223974763406,0.1145038167938931,0.2558869701726844,0.4976452119309262,0.1290423861852433,0.1268445839874411,0.0395604395604395,0.2141287284144427,0.7777080062794348,0.0806907378335949,0.0282574568288854,0.2329670329670329,0.0574568288854003,0.1384615384615384,0.0175824175824175,0.049607535321821,0.0075353218210361,0.9161695447409732,0.0091051805337519,0.0,0.9702495201535508,0.9923224568138196,0.991362763915547,0.1525911708253358,0.5148042024832856,0.7602674307545367,0.5310410697230181,0.2922636103151863,0.046800382043935,28.131310943077352,0.0676222768732576,-0.0003634283050118
50-240,La Libertad,Quito,2,0.508888187202352,890.5543276041159,1750,0.2441077441077441,0.1455592105263158,0.2436868686868686,0.4776936026936026,0.1153198653198653,0.1283670033670033,0.058080808080808,0.1856060606060606,0.6519360269360269,0.1397306397306397,0.0652356902356902,0.1999158249158249,0.0429292929292929,0.2041245791245791,0.0399831649831649,0.0126262626262626,0.0016835016835016,0.9267676767676768,0.0189393939393939,0.0,0.8857901726427623,0.9747675962815404,0.9880478087649402,0.2788844621513944,0.4907651715039577,0.5897097625329816,0.41688654353562,0.2058047493403693,0.0738786279683377,29.96289658149084,0.1911976769129612,-0.0431661346397296
55-006,Calderón,Calderón,2,0.3407930202813737,890.4921619952295,2613,0.2909745293466224,0.1557075223566544,0.2882059800664451,0.501937984496124,0.1442414174972314,0.1439645625692137,0.0827796234772978,0.2054263565891473,0.79125138427464,0.0683831672203765,0.0642303433001107,0.154485049833887,0.0423588039867109,0.241140642303433,0.1644518272425249,0.0780730897009966,0.0130121816168327,0.7367109634551495,0.0077519379844961,0.0,0.8288201160541586,0.655705996131528,0.9825918762088974,0.2717601547388781,0.6044273339749759,0.7035611164581328,0.5187680461982676,0.2309913378248315,0.0433108758421559,14.032507209484178,0.1106027217883587,-0.0645682059905083
50-180,Mariscal Sucre,Quito,1,0.7243722905338109,885.9073113228508,1223,0.0590352771778257,0.0680127523910733,0.1812320916905444,0.4598853868194842,0.083810888252149,0.0974212034383954,0.0114613180515759,0.1697707736389684,0.916189111747851,0.0193409742120343,0.0637535816618911,0.6239255014326648,0.328080229226361,0.0565902578796561,0.0179083094555873,0.0164756446991404,0.0085959885386819,0.8488538681948424,0.1002865329512893,0.0078796561604584,0.958966565349544,0.9924012158054712,0.9984802431610942,0.0516717325227963,0.5301204819277109,0.8930722891566265,0.858433734939759,0.552710843373494,0.0045180722891566,140.2534654405382,0.0550142677481545,-0.011782239937689
80-003,San Antonio,San Antonio,2,0.3150857083405627,873.4175835200398,2772,0.2807241203467618,0.1291512915129151,0.2833248859604663,0.4944247339077547,0.1441966548403446,0.1391282311201216,0.0795742524075012,0.1994424733907754,0.7326406487582362,0.1036492650785605,0.0547389761784085,0.1626964014191586,0.0501773948302078,0.227318803852002,0.0167257982767359,0.0529650278763304,0.0121642169285352,0.9064875823618854,0.0116573745565129,0.0,0.8950276243093923,0.7191528545119705,0.996316758747698,0.2863720073664825,0.5226449275362319,0.7164855072463768,0.4682971014492754,0.269927536231884,0.0615942028985507,22.99008450396673,0.0905643690656384,-0.0434965145383714
50-477,Turubamba,Quito,3,0.3279478062807397,872.3411647067677,2660,0.0602474448628294,0.1198179979777553,0.2616998386229155,0.4620763851533082,0.1210328133405056,0.1406670252824099,0.0169445938676707,0.2447552447552447,0.8485745024206562,0.0336202259279182,0.0338891877353415,0.2270037654653039,0.0833781603012372,0.1463152232383001,0.0279720279720279,0.0642818719741796,0.0131791285637439,0.8827326519634212,0.0115653577192038,0.0002689618074233,0.9936305732484076,1.0,0.998407643312102,0.0636942675159235,0.8252581413820492,0.8173153296266878,0.5988880063542494,0.1572676727561557,0.0182684670373312,43.20058822631836,0.1239007314991545,-0.0165660275617731
50-433,La Ecuatoriana,Quito,0,0.3706827883681122,869.2511387232232,2345,0.0936143831370117,0.1408629441624365,0.2752634841909485,0.4885306881587105,0.1382517048977061,0.1370117792932424,0.0257284562926224,0.2495350278983261,0.8344699318040918,0.0424674519528828,0.0319280843149411,0.1921884686918785,0.0557966522008679,0.1980781153130812,0.0192188468691878,0.0055796652200867,0.0058896466212027,0.9621822690638562,0.0071295722256664,0.0,0.9785177228786252,0.9903329752953812,1.0,0.1256713211600429,0.4737967914438503,0.7668449197860963,0.5422459893048128,0.2470588235294117,0.0395721925133689,33.552844729916806,0.112412003293805,-0.0235316974532708
50-427,Quitumbe,Quito,3,0.4547381971983855,868.5499566489163,1910,0.0579243765084473,0.1133603238866396,0.242558326629123,0.4887369267900241,0.1218825422365245,0.1206757843925985,0.0156878519710378,0.2268704746580852,0.8559935639581657,0.0474658085277554,0.0402252614641995,0.3089300080450523,0.1013676588897827,0.1355591311343523,0.0156878519710378,0.0189058728881737,0.0028157683024939,0.9408688656476268,0.0217216411906677,0.0,0.992,0.9973333333333332,1.0,0.0466666666666666,0.4714475431606906,0.8472775564409031,0.6799468791500664,0.3864541832669322,0.0132802124833997,56.86884371914082,0.1393656579758632,-0.013011859710335
50-413,Quitumbe,Quito,3,0.4547381971983855,867.1857420573212,1907,0.0550351288056206,0.1331953071083506,0.2517564402810304,0.4960967993754879,0.1295862607338017,0.1221701795472287,0.0128805620608899,0.2388758782201405,0.8809523809523809,0.0288836846213895,0.0304449648711943,0.4000780640124902,0.1814988290398126,0.0967993754879,0.011319281811085,0.0281030444964871,0.0136612021857923,0.9195940671350508,0.0273224043715847,0.0,0.9792746113989638,0.9909326424870466,0.9987046632124352,0.0284974093264248,0.5179948586118251,0.9138817480719794,0.8020565552699229,0.4820051413881748,0.0089974293059125,73.29042680424416,0.1118671815716464,0.0030294191603905
50-471,Turubamba,Quito,0,0.3279478062807397,864.7983651623107,2637,0.1316518847006652,0.1569282136894824,0.2774390243902439,0.4825388026607539,0.1385809312638581,0.1388580931263858,0.0332594235033259,0.2441796008869179,0.7718957871396895,0.0781596452328159,0.0457317073170731,0.2283813747228381,0.0715077605321507,0.1682372505543237,0.0601441241685144,0.0099778270509977,0.0036031042128603,0.921840354767184,0.0044345898004434,0.0,0.9732472324723248,0.9880073800738008,0.9990774907749076,0.0996309963099631,0.4647112740604949,0.7277726856095326,0.5508707607699358,0.2648945921173236,0.0439963336388634,42.17363457326535,0.1315049115948958,-0.0387695703557967
65-003,Llano Chico,Llano Chico,2,0.3561682528675731,861.2148354337917,2418,0.1660617059891107,0.1366313309776207,0.2549909255898366,0.4888082274652147,0.1228070175438596,0.132183908045977,0.0405323653962492,0.2144585601935874,0.7782819116757411,0.0798548094373865,0.0372050816696914,0.2244404113732607,0.0789473684210526,0.1984271022383545,0.1209921355111917,0.0090744101633393,0.0027223230490018,0.8596491228070176,0.0075620084694494,0.0,0.9174406604747162,0.954592363261094,0.997936016511868,0.2074303405572755,0.5695159629248198,0.7476828012358393,0.5602471678681772,0.3233779608650875,0.0411946446961895,20.783228871708378,0.1797118092502849,-0.0750349021504873
50-081,Comite Del Pueblo,Quito,0,0.3517495449289433,855.8066428121191,2433,0.2008985879332477,0.1058514135437212,0.2615532734274711,0.4913350449293966,0.1126444159178433,0.1489088575096277,0.0481386392811296,0.2134146341463414,0.8315147625160462,0.0500641848523748,0.0240693196405648,0.2095635430038511,0.0670731707317073,0.1123234916559692,0.019576379974326,0.0481386392811296,0.0064184852374839,0.9069319640564828,0.0182926829268292,0.0006418485237483,0.9912739965095986,0.9895287958115184,0.9973821989528796,0.0453752181500872,0.4581151832460733,0.8350785340314136,0.6719022687609075,0.1832460732984293,0.0453752181500872,65.7432737974363,0.1238004757146296,-0.0320760273552775
80-999,San Antonio,San Antonio,2,0.3150857083405627,845.6900411860703,2684,0.3392808867261422,0.1194190424959655,0.2676889965025558,0.484530535377993,0.1350551520043045,0.1326338444982512,0.0825934893731503,0.1802528921172989,0.688458434221146,0.1202582728006456,0.0807102502017756,0.1958568738229755,0.0538068334678504,0.2897497982243745,0.0392789884315308,0.0287866559052999,0.0266343825665859,0.8913101963949421,0.0139897767016411,0.0,0.7685269899359561,0.6038426349496798,0.9826166514181152,0.3110704483074108,0.6608391608391608,0.6416083916083916,0.3994755244755245,0.2657342657342657,0.0533216783216783,3.739347457905015,0.1836331607763598,-0.0769000540204984
50-459,Guamani,Quito,0,0.3204367184674198,842.7485695693142,2630,0.1197183098591549,0.2085129310344827,0.3001083423618635,0.4894366197183099,0.1454496208017335,0.15465872156013,0.0392741061755146,0.2608342361863489,0.7835861321776815,0.0769230769230769,0.0343986998916576,0.1898699891657638,0.0473997833152762,0.192578548212351,0.1170097508125677,0.0249187432286023,0.0013542795232936,0.8510292524377031,0.0056879739978331,0.0,0.9766187050359711,0.9901079136690648,0.9991007194244604,0.1214028776978417,0.4716981132075472,0.7142857142857143,0.4474393530997305,0.220125786163522,0.0449236298292902,37.351489249335394,0.1558002054916168,-0.0444843723437879
55-037,Calderón,Calderón,2,0.3407930202813737,841.758760094993,2470,0.2496350364963503,0.1110491071428571,0.2697810218978102,0.4913868613138686,0.1343065693430657,0.1354744525547445,0.0735766423357664,0.1962043795620437,0.7670072992700729,0.0858394160583941,0.0543065693430656,0.2134306569343065,0.0808759124087591,0.2218978102189781,0.1442335766423357,0.044963503649635,0.0058394160583941,0.785985401459854,0.0181021897810218,0.0008759124087591,0.8774703557312253,0.9792490118577076,0.9980237154150198,0.2322134387351778,0.4420642648490749,0.6601752677702045,0.5150925024342746,0.3008763388510224,0.0856864654333008,57.40461586485517,0.078350929525903,-0.0152474449448612
50-494,Guamani,Quito,0,0.3204367184674198,840.5055125400422,2623,0.1378732905386547,0.1625480505216913,0.2723974323192855,0.493720346078705,0.13815238626849,0.1342450460507954,0.036840636338264,0.2355567959810215,0.7454646943901758,0.099637175551214,0.0432598381244766,0.1909014792073681,0.0563773374267373,0.2090427016466648,0.1749930226067541,0.0131174993022606,0.0072564889757186,0.7943064471113592,0.0103265420039073,0.0,0.9825581395348836,0.997093023255814,0.999031007751938,0.1753875968992248,0.5486641221374046,0.7080152671755725,0.5286259541984732,0.2853053435114503,0.0515267175572519,36.46059676172933,0.1221880327780309,-0.0248638345377814
80-002,San Antonio,San Antonio,2,0.3150857083405627,840.0184984359402,2666,0.2415699281370923,0.1224932249322493,0.2642186637217007,0.5008282716731087,0.1369409166206515,0.1272777471010491,0.0665378244064053,0.1976808393152954,0.7501380452788514,0.0831032578685809,0.0665378244064053,0.2697404748757592,0.0955273329652125,0.1938155715074544,0.0127001656543346,0.0281612368856985,0.0091109884041965,0.936223081170624,0.0138045278851463,0.0,0.8745247148288974,0.69106463878327,0.994296577946768,0.2281368821292775,0.6284658040665434,0.7384473197781886,0.5609981515711645,0.3438077634011091,0.0536044362292051,13.690022182591417,0.1112744406378304,-0.0439713611308559
50-451,Guamani,Quito,0,0.3204367184674198,833.1354680152916,2600,0.1574074074074074,0.1005494505494505,0.2769360269360269,0.4868125701459034,0.1360830527497194,0.1408529741863075,0.0448933782267115,0.2320426487093153,0.7707631874298541,0.0707070707070707,0.0552749719416386,0.2435465768799102,0.0822109988776655,0.1588103254769921,0.0617283950617283,0.0202020202020202,0.0109427609427609,0.8827160493827161,0.0230078563411896,0.0014029180695847,0.9433453237410072,0.9964028776978416,0.9991007194244604,0.079136690647482,0.3767857142857143,0.7133928571428572,0.5116071428571428,0.2580357142857143,0.0392857142857142,50.26034269060408,0.0676902575222132,-0.0130646682499672
50-428,La Ecuatoriana,Quito,0,0.3706827883681122,825.1398869074179,2226,0.0834788683199441,0.1202365308804205,0.2546215556330659,0.4897104987792117,0.1311475409836065,0.1234740146494593,0.0191838158353679,0.2354377397976979,0.7788629229159401,0.0735960934775026,0.0432507847924659,0.2849668643181025,0.1084757586327171,0.1517265434251831,0.0230205790024415,0.0136030694105336,0.0143006627136379,0.9347750261597488,0.0143006627136379,0.0,0.9849624060150376,0.9946294307196564,0.9967776584317938,0.1160042964554242,0.5005359056806002,0.7684887459807074,0.6066452304394426,0.3290460878885316,0.030010718113612,45.793476786590425,0.0778589563709677,-0.0025820940684066
50-445,Turubamba,Quito,2,0.3279478062807397,823.4769415709375,2511,0.2025522671734998,0.077490774907749,0.3046429541134944,0.4906326364376867,0.1615530817268531,0.1430898723866413,0.0570187347271246,0.2476242193863698,0.6676622318761879,0.1134944338854195,0.035840347542764,0.1344013032853652,0.0257941895194135,0.2264458322020092,0.3274504480043443,0.0092316046701058,0.0073309801792017,0.6532717893021993,0.0027151778441487,0.0,0.9613861386138614,0.9772277227722772,0.9930693069306932,0.2287128712871287,0.5311890838206628,0.6432748538011696,0.3635477582846004,0.1695906432748538,0.0935672514619883,33.35877159902625,0.2070193296976488,-0.0575178615690368
50-075,Comite Del Pueblo,Quito,0,0.3517495449289433,823.0939351337274,2340,0.1273864384463462,0.1427707199032062,0.2468729427254773,0.4914417379855167,0.1280447662936142,0.118828176431863,0.0250164581961816,0.2218564845292956,0.7922975641869651,0.076036866359447,0.031928900592495,0.2577353522053983,0.0931533903884134,0.1392363396971692,0.0065832784726793,0.0490454246214614,0.0111915734035549,0.9058591178406846,0.0266622778143515,0.0006583278472679,0.9899598393574296,0.9959839357429718,0.9969879518072288,0.1024096385542168,0.4804804804804805,0.7767767767767768,0.5885885885885885,0.2772772772772773,0.039039039039039,56.98581411672192,0.0508038001820783,-0.0245524714941506
50-085,Comite Del Pueblo,Quito,0,0.3517495449289433,821.6869369540117,2336,0.1262675825973176,0.0915619389587073,0.2440300948642459,0.4991822047759241,0.1171082760876676,0.1269218187765783,0.0291135099771017,0.2149165848871442,0.7841020608439647,0.0536473666993784,0.0264965652600588,0.2567877003598299,0.0722930978083088,0.1426234870788354,0.0379456983971213,0.0287863918874713,0.0068694798822374,0.9097154072620216,0.0166830225711481,0.0,0.98635477582846,0.9990253411306044,1.0,0.0779727095516569,0.4298245614035088,0.7504873294346979,0.5428849902534113,0.2446393762183235,0.0389863547758284,75.82786662926834,0.0433259052605197,-0.0134508743653389
50-237,Centro Historico,Quito,2,0.5222684429404858,819.4391869736222,1569,0.3482658959537572,0.1197654941373534,0.273071462375769,0.4798864174159962,0.1367723615712257,0.1362991008045433,0.097491717936583,0.1751064836725035,0.6105063890203503,0.1258873639375295,0.0440132513014671,0.2295314718409843,0.0662565073355418,0.1793658305726455,0.4831992427827733,0.0137245622337908,0.0004732607666824,0.4690014197823,0.027922385234264,0.0056791292001893,0.8223880597014925,0.9955223880597016,1.0,0.3104477611940298,0.219440353460972,0.5552282768777614,0.4094256259204712,0.1472754050073637,0.1516936671575846,99.13677651541572,0.0634104368346308,-0.0445921925947472
50-425,La Ecuatoriana,Quito,0,0.3706827883681122,810.3125753726933,2186,0.0743085638120626,0.1550131926121372,0.2722425858047317,0.4831722759080306,0.1372875708097301,0.1349550149950016,0.0183272242585804,0.2539153615461513,0.7614128623792069,0.0776407864045318,0.0393202265911362,0.2575808063978674,0.0933022325891369,0.1526157947350883,0.0269910029990003,0.028323892035988,0.007997334221926,0.9256914361879374,0.0106631122959013,0.0003332222592469,0.9869989165763814,0.991332611050921,0.9978331527627302,0.0617551462621885,0.4233261339092872,0.7926565874730022,0.5561555075593952,0.2796976241900648,0.0356371490280777,78.73079597890674,0.1022452408356425,-0.0080967765072195
50-446,Turubamba,Quito,2,0.3279478062807397,810.0310815134271,2470,0.2102830733679953,0.1524317912218268,0.2958152958152958,0.494949494949495,0.1515151515151515,0.1443001443001443,0.0608946608946609,0.2349206349206349,0.6663780663780664,0.1186147186147186,0.0481962481962481,0.1829725829725829,0.0366522366522366,0.1875901875901875,0.1847041847041847,0.0184704184704184,0.0046176046176046,0.7867243867243867,0.0054834054834054,0.0,0.942495126705653,0.953216374269006,0.9970760233918128,0.2095516569200779,0.4583333333333333,0.6172480620155039,0.4331395348837209,0.2180232558139535,0.0620155038759689,32.603771184653084,0.2134753563242717,-0.0492832849199949
52-939,Amaguaña,Amaguaña,2,0.2142532737996558,807.5205889509028,3769,0.2239306130494776,0.1021347844286312,0.2820816085156712,0.4780208949339641,0.1366055588409225,0.1454760496747486,0.0587423615217819,0.2233392469938892,0.7405874236152178,0.1192588212103292,0.0494776266508969,0.2073723634930021,0.0603193376700177,0.214863000197122,0.0114330770747092,0.0078848807411787,0.0068992706485314,0.9684604770352848,0.0053222945002956,0.0,0.8658101356174162,0.9000713775874375,0.99214846538187,0.185581727337616,0.6741803278688525,0.6823770491803278,0.5484972677595629,0.2629781420765027,0.0300546448087431,11.374470983371364,0.2544650064041932,-0.0625797770503995
50-455,Guamani,Quito,0,0.3204367184674198,799.8100492946799,2496,0.0712242562929061,0.1550028918449971,0.2780320366132723,0.4834096109839817,0.1450228832951945,0.1330091533180778,0.0205949656750572,0.2574370709382151,0.7897597254004577,0.0640732265446224,0.0529176201372997,0.2322654462242563,0.0818077803203661,0.1679061784897025,0.131578947368421,0.0100114416475972,0.0045766590389016,0.8483981693363845,0.0054347826086956,0.0,0.9897645854657112,0.9897645854657112,0.9989764585465712,0.0726714431934493,0.573170731707317,0.7520325203252033,0.6189024390243902,0.383130081300813,0.0294715447154471,43.82028926947177,0.1220598764007616,-0.0201396018207832
50-437,Guamani,Quito,0,0.3204367184674198,799.169175857745,2494,0.100177304964539,0.1310572687224669,0.2881205673758865,0.4896572104018912,0.1385933806146572,0.1495271867612293,0.0277777777777777,0.2603427895981087,0.8076241134751773,0.0549645390070922,0.052304964539007,0.2650709219858156,0.0904255319148936,0.1604609929078014,0.0579196217494089,0.0227541371158392,0.0073877068557919,0.8977541371158393,0.0141843971631205,0.0,0.9786407766990292,0.9932038834951455,0.9990291262135922,0.062135922330097,0.3718446601941748,0.7310679611650486,0.596116504854369,0.3135922330097087,0.0339805825242718,56.99729417774775,0.0995209236165832,-0.0068856615202781
50-079,Comite Del Pueblo,Quito,0,0.3517495449289433,798.1197174437724,2269,0.1595356550580431,0.1396083385975995,0.2723051409618574,0.4779436152570481,0.1366500829187396,0.1356550580431177,0.0344941956882255,0.2378109452736318,0.7386401326699834,0.0988391376451078,0.0371475953565505,0.2228855721393035,0.0669983416252072,0.1661691542288557,0.0126036484245439,0.0948590381426202,0.00530679933665,0.8796019900497513,0.0076285240464344,0.0,0.9907024793388428,0.993801652892562,0.9958677685950412,0.137396694214876,0.5273477812177503,0.762641898864809,0.5541795665634675,0.2383900928792569,0.0588235294117647,42.946363275701344,0.1315785699944882,-0.0403944769659802
50-362,La Argelia,Quito,0,0.3088435395716225,798.0517062530727,2584,0.1376728110599078,0.1440185830429733,0.2641129032258064,0.4893433179723502,0.1281682027649769,0.1359447004608295,0.0354262672811059,0.2286866359447004,0.7321428571428571,0.0985023041474654,0.0463709677419354,0.2304147465437788,0.078052995391705,0.1892281105990783,0.0440668202764976,0.0146889400921659,0.0040322580645161,0.9297235023041476,0.0074884792626728,0.0,0.9572649572649572,0.9848053181386516,0.99335232668566,0.1709401709401709,0.5342723004694836,0.6779342723004694,0.523943661971831,0.2704225352112676,0.0478873239436619,41.73781161838107,0.1817692251304955,-0.0474845582384966
65-001,Llano Chico,Llano Chico,2,0.3561682528675731,797.1045499176286,2238,0.2130718954248366,0.1923300406740267,0.2816993464052287,0.492483660130719,0.1418300653594771,0.1398692810457516,0.0571895424836601,0.2245098039215686,0.7705882352941177,0.0647058823529411,0.0470588235294117,0.2124183006535947,0.0774509803921568,0.2238562091503268,0.1996732026143791,0.0578431372549019,0.0127450980392156,0.7160130718954248,0.0137254901960784,0.0,0.9424538545059716,0.9109663409337676,0.995656894679696,0.2214983713355048,0.5977130977130977,0.738045738045738,0.5509355509355509,0.2671517671517671,0.0654885654885654,30.575207135210007,0.1766373739068551,-0.0675580209467405
50-341,La Argelia,Quito,0,0.3088435395716225,796.8163320947862,2580,0.1844463717837525,0.1120354963948973,0.2596126047990749,0.4833766984677652,0.1280716970222607,0.1315409077768141,0.0462561433940445,0.2133564614050303,0.7721884937843307,0.0711188204683434,0.0575310783463428,0.2497831743278404,0.0904885805145996,0.1665221162185602,0.0901994796183868,0.013009540329575,0.0109858340560855,0.8727956056663776,0.0115640358485111,0.0014455044810638,0.895852534562212,0.9870967741935484,0.9990783410138248,0.1382488479262673,0.4230414746543778,0.6866359447004609,0.543778801843318,0.3225806451612903,0.0423963133640553,68.50426987602971,0.1285022228024164,-0.0312702389234083
50-300,La Ferroviaria,Quito,2,0.4555273984929733,796.7174199642103,1749,0.2487157534246575,0.1671974522292993,0.2752568493150685,0.4978595890410959,0.1434075342465753,0.1318493150684931,0.0680650684931506,0.2071917808219178,0.7007705479452054,0.1155821917808219,0.0543664383561643,0.1857876712328767,0.0595034246575342,0.1999143835616438,0.0269691780821917,0.0363869863013698,0.0034246575342465,0.925513698630137,0.0072773972602739,0.0004280821917808,0.9280958721704394,0.9906790945406124,1.0,0.2383488681757656,0.4268617021276595,0.6343085106382979,0.4614361702127659,0.2406914893617021,0.0877659574468085,61.22233047485352,0.0831440573125775,-0.0325551178493238
55-005,Calderón,Calderón,2,0.3407930202813737,796.092495377289,2336,0.2744733581164807,0.1959334565619223,0.2738537794299876,0.4894671623296158,0.1372366790582403,0.1366171003717472,0.0734200743494423,0.2004337050805452,0.7893432465923172,0.063816604708798,0.037174721189591,0.1741016109045848,0.0390334572490706,0.1945477075588599,0.120817843866171,0.1013011152416356,0.0058859975216852,0.7645600991325898,0.0074349442379182,0.0,0.8235294117647058,0.696078431372549,0.994553376906318,0.1601307189542483,0.6602768903088392,0.7454739084132055,0.4440894568690096,0.2460063897763578,0.0457933972310969,19.894487564781848,0.1038845430482408,-0.0454220279500046
50-461,La Ecuatoriana,Quito,2,0.3706827883681122,791.7784359542877,2136,0.3030401034928848,0.1088825214899713,0.296844816484224,0.5048293625241468,0.1506761107533805,0.1461687057308435,0.0952994204764971,0.199935608499678,0.628783000643915,0.163554410817772,0.0830650354153251,0.1107533805537669,0.0251126851255634,0.2607855763039279,0.3702511268512556,0.013522215067611,0.0064391500321957,0.6052801030264006,0.004507405022537,0.0,0.8237327188940092,0.8732718894009217,0.9827188940092166,0.3237327188940092,0.5754824063564131,0.6538024971623155,0.4097616345062429,0.2054483541430193,0.0817253121452894,13.262939396764777,0.201015654107516,-0.0528106862082039
50-246,La Libertad,Quito,3,0.508888187202352,788.7766901636455,1550,0.0660031430068098,0.109,0.2247778358599059,0.4882383690538421,0.1170935703084161,0.1076842655514898,0.010977522216414,0.2138003136434919,0.8269733403031887,0.0674333507579717,0.0831155253528489,0.3141662310507057,0.1238891792995295,0.1228437009932044,0.0104547830632514,0.0162049137480397,0.0010454783063251,0.9566126502875064,0.0156821745948771,0.0,0.9868035190615836,0.9926686217008798,0.997067448680352,0.1070381231671554,0.6286549707602339,0.7865497076023392,0.6432748538011696,0.3201754385964912,0.0131578947368421,63.47503605784986,0.1009213968774186,-0.0324289768421953
50-080,Comite Del Pueblo,Quito,0,0.3517495449289433,786.8637320060462,2237,0.2320499479708636,0.1297043010752688,0.2688172043010752,0.5081512313562262,0.1446409989594172,0.1241762053416579,0.0596600763093999,0.2091571279916753,0.8185917447103711,0.0516822754075615,0.0291363163371488,0.2389871661463753,0.0534165799514394,0.1248699271592091,0.010752688172043,0.0221990981616371,0.0055497745404092,0.9441553936871314,0.017343045438779,0.0,0.9754901960784312,0.9647058823529412,0.9813725490196078,0.1127450980392156,0.4292682926829268,0.7414634146341463,0.5580487804878049,0.2253658536585366,0.0692682926829268,51.743945760464456,0.1549323014462664,-0.0490683663895318
50-490,Guamani,Quito,0,0.3204367184674198,785.390396963646,2451,0.1258102533883323,0.1854502087060226,0.2725397760754272,0.4817324690630524,0.1299351797289334,0.1426045963464938,0.0300530347672362,0.2424867413081909,0.7239245727754862,0.0854449027695934,0.0468473777253977,0.2136122569239835,0.0718915733647613,0.1676487919858574,0.0880966411314083,0.0129640542133176,0.0055981143193871,0.8818503241013553,0.0111962286387743,0.0002946375957572,0.9718719689621726,0.9951503394762368,0.9980601357904948,0.1037827352085354,0.4358727097396335,0.6412729026036644,0.4956605593056895,0.2372227579556412,0.0453230472516875,40.88719766520341,0.1000848808381,-0.01900173879784
50-012,El Condado,Quito,0,0.3680290710647501,772.1249910938458,2098,0.1323277339732602,0.1391917896087235,0.284931506849315,0.4787671232876712,0.1438356164383561,0.1410958904109589,0.0315068493150684,0.2527397260273972,0.7934931506849315,0.0763698630136986,0.0424657534246575,0.1969178082191781,0.0640410958904109,0.2188356164383561,0.0650684931506849,0.0671232876712328,0.0075342465753424,0.8445205479452055,0.0157534246575342,0.0,0.9633136094674556,0.9928994082840236,0.9988165680473372,0.1644970414201183,0.5199530516431925,0.7370892018779343,0.5293427230046949,0.2629107981220657,0.0492957746478873,37.54759049415589,0.1086689599621482,-0.0165563789836318
50-485,Turubamba,Quito,0,0.3279478062807397,771.6611881785806,2353,0.0849289684990735,0.1195372750642673,0.2618900555898703,0.4913526868437307,0.1306361951822112,0.131253860407659,0.0210006176652254,0.2408894379246448,0.7421247683755404,0.0802964793082149,0.0457072266831377,0.2365657813465101,0.073502161828289,0.1683137739345274,0.0673255095738109,0.0123533045089561,0.0120444718962322,0.9008647313156268,0.0074119827053736,0.0,0.9813725490196078,0.9941176470588236,0.9941176470588236,0.0656862745098039,0.4230019493177387,0.7368421052631579,0.5779727095516569,0.2992202729044834,0.0263157894736842,45.59429565532096,0.1046553699006261,-0.02366283925642
50-010,El Condado,Quito,2,0.3680290710647501,770.284845738522,2093,0.3426455738808482,0.2201591511936339,0.2877818916189835,0.5021878155503198,0.1474251093907775,0.140356782228206,0.0881857960282733,0.1995960955907102,0.7229888926287446,0.1124200605856614,0.0572197913160552,0.1201615617637159,0.023561090541905,0.1985863345674857,0.1191518007404914,0.1561763715920565,0.0164927633793335,0.7014473241332885,0.00673174015483,0.0,0.7840909090909091,0.7295454545454545,0.9795454545454544,0.3647727272727272,0.636978579481398,0.644870349492672,0.3190529875986471,0.1837655016910935,0.0721533258173618,20.13359064235178,0.1973941277246667,-0.0390772659577902
55-003,Calderón,Calderón,2,0.3407930202813737,766.4435026128094,2249,0.2959742351046699,0.119201030927835,0.2811594202898551,0.4750402576489533,0.1265700483091787,0.1545893719806763,0.0782608695652174,0.2028985507246377,0.7339774557165861,0.1037037037037037,0.0608695652173913,0.1523349436392914,0.0499194847020934,0.2051529790660225,0.0792270531400966,0.1249597423510467,0.0070853462157809,0.7742351046698873,0.0144927536231884,0.0,0.9068522483940042,0.7955032119914347,0.9914346895074948,0.2237687366167023,0.5711252653927813,0.6518046709129511,0.4341825902335456,0.2346072186836518,0.0615711252653927,28.366722561939653,0.1304959819355924,-0.0427984151247336
50-014,El Condado,Quito,0,0.3680290710647501,761.452148032968,2069,0.2060283687943262,0.1750865051903114,0.2617021276595744,0.4975177304964539,0.1312056737588652,0.1304964539007092,0.0429078014184397,0.2187943262411347,0.7730496453900709,0.0744680851063829,0.0556737588652482,0.2209219858156028,0.052127659574468,0.1659574468085106,0.0234042553191489,0.0670212765957446,0.0095744680851063,0.8875886524822695,0.0124113475177304,0.0,0.9672686230248309,0.9920993227990972,0.9977426636568848,0.1139954853273137,0.5083798882681564,0.6972067039106146,0.5273743016759777,0.2,0.0547486033519553,28.362775656595183,0.1196060845679352,-0.0197253133179894
50-410,Quitumbe,Quito,0,0.4547381971983855,760.3222657157006,1672,0.0772884283246977,0.1686241610738255,0.2443868739205526,0.4909326424870466,0.1265112262521588,0.1178756476683937,0.0146804835924006,0.229706390328152,0.7487046632124352,0.0742659758203799,0.0315198618307426,0.2396373056994818,0.0708117443868739,0.1424870466321243,0.0228842832469775,0.0142487046632124,0.0082037996545768,0.9434369602763384,0.0107944732297063,0.0004317789291882,0.9959893048128342,1.0,0.997326203208556,0.0548128342245989,0.3435419440745672,0.7443408788282291,0.5552596537949401,0.3075898801597869,0.033288948069241,60.66724680782704,0.1027333407773641,-0.0085831124072363
50-335,La Argelia,Quito,0,0.3088435395716225,759.7551073461914,2460,0.1248488512696493,0.1506524317912218,0.2669286577992745,0.4770253929866989,0.1272672309552599,0.1396614268440145,0.0362756952841596,0.2306529625151148,0.7841596130592503,0.0846432889963724,0.0637847642079806,0.2227932285368803,0.0792019347037484,0.1907496977025393,0.025695284159613,0.0190447400241838,0.0045344619105199,0.939540507859734,0.0111850060459492,0.0,0.964,0.982,0.997,0.15,0.5966303270564915,0.6897918731417245,0.5807730426164519,0.2893954410307235,0.041625371655104,33.15239739962365,0.1632081342507884,-0.0427811333395297
50-467,Guamani,Quito,0,0.3204367184674198,759.435022767785,2370,0.1007018614586512,0.1389937106918239,0.2908147696063473,0.4848947207812023,0.1391516631064998,0.1516631064998474,0.0222764723832773,0.2685382972230699,0.7833384192859323,0.0692706743973146,0.0476045163259078,0.2026243515410436,0.052792187976808,0.1809581934696368,0.0833079035703387,0.0210558437595361,0.0039670430271589,0.8873970094598719,0.0042722001830942,0.0,0.9852941176470588,0.9957983193277312,0.9957983193277312,0.1260504201680672,0.590146750524109,0.6855345911949685,0.5136268343815513,0.2484276729559748,0.0377358490566037,45.27549020727197,0.1509168203831061,-0.0338799002327322
50-400,Quitumbe,Quito,2,0.4547381971983855,753.9559309549232,1658,0.2968954962833406,0.0870786516853932,0.2865880297072957,0.4801223241590214,0.1363040629095675,0.1502839667977282,0.0856269113149847,0.200961118392311,0.6994320664045435,0.1166448230668414,0.0283966797728265,0.1760594145915247,0.0458715596330275,0.1992136304062909,0.055919615552643,0.0135430318916557,0.0026212319790301,0.9134993446920052,0.0139799038881607,0.000436871996505,0.800314465408805,0.800314465408805,0.9937106918238994,0.1682389937106918,0.5681818181818182,0.6893939393939394,0.5227272727272727,0.2515151515151515,0.056060606060606,34.83995096724308,0.1820977637372124,-0.046487105682687
80-001,San Antonio,San Antonio,2,0.3150857083405627,751.479414392242,2385,0.2773851590106007,0.2522648083623693,0.2841578327444052,0.482037691401649,0.1366313309776207,0.1475265017667844,0.0768551236749116,0.2073027090694935,0.6731448763250883,0.0862779740871613,0.0474087161366313,0.1778563015312131,0.0394581861012956,0.164605418138987,0.0061837455830388,0.0106007067137809,0.002944640753828,0.977326266195524,0.0026501766784452,0.0002944640753828,0.8889990089197225,0.7314172447968286,0.9940535183349852,0.2081268582755203,0.6594059405940594,0.6782178217821783,0.4217821782178217,0.2029702970297029,0.0663366336633663,11.738402522870194,0.134770439026405,-0.0537152435424523
72-999,Pacto,Pacto,4,0.3424550764700753,749.9766174694649,2190,0.7075848303393214,0.0334323922734026,0.2202262142381902,0.5056553559547572,0.1027944111776447,0.1174318030605455,0.1553559547571523,0.0648702594810379,0.489354624085163,0.2395209580838323,0.0971390552228875,0.0612109115103127,0.0212907518296739,0.3050565535595476,0.0023286759813705,0.0186294078509647,0.0069860279441117,0.9580838323353292,0.0139720558882235,0.0,0.6625129802699896,0.2585669781931464,0.9823468328141224,0.7570093457943925,0.6050761421319797,0.3878172588832487,0.098477157360406,0.1116751269035533,0.0456852791878172,0.7438885906319422,0.1628938535700929,0.0388083779184855
55-016,Calderón,Calderón,0,0.3407930202813737,749.7446446190221,2200,0.1128600133958472,0.1554341226472374,0.2742799732083054,0.4768921634293369,0.131279303415941,0.1430006697923643,0.0304755525787006,0.2438044206296048,0.7726054922973878,0.0837240455458807,0.0264567983924983,0.2062960482250502,0.0669792364367046,0.2056262558606832,0.0716677829872739,0.0860683188211654,0.0050234427327528,0.8345612860013396,0.0026791694574681,0.0,0.973741794310722,0.9846827133479212,0.9956236323851204,0.1301969365426696,0.5464362850971922,0.7516198704103672,0.5701943844492441,0.2818574514038877,0.038876889848812,41.59672562677241,0.0866252882280334,-0.0144984827158707
50-333,La Argelia,Quito,3,0.3088435395716225,749.2544270007562,2426,0.0557480314960629,0.0870835768556399,0.2390551181102362,0.4752755905511811,0.1143307086614173,0.1247244094488189,0.0141732283464566,0.2248818897637795,0.8651968503937008,0.0377952755905511,0.0475590551181102,0.385511811023622,0.1669291338582677,0.1108661417322834,0.0138582677165354,0.0220472440944881,0.0116535433070866,0.933228346456693,0.0122834645669291,0.0069291338582677,0.993117010816126,0.9950835791543756,0.9960668633235004,0.0304818092428711,0.5053868756121449,0.8364348677766895,0.7414299706170421,0.4515181194906954,0.019588638589618,70.3255864760455,0.0881316578557078,-0.0189960081933147
50-462,La Ecuatoriana,Quito,2,0.3706827883681122,749.1499152919548,2021,0.2195814118481731,0.2068718682891911,0.2880454061724015,0.4781837531039375,0.1479247960269599,0.1401206101454416,0.0603050727208229,0.2277403334515785,0.669031571479248,0.1557289819084781,0.0617240156083717,0.1326711599858105,0.0315714792479602,0.2153245831855267,0.2252571833983682,0.0269599148634267,0.0063852429939694,0.740333451578574,0.0010642071656615,0.0,0.9679802955665024,0.9729064039408868,0.9864532019704434,0.2955665024630542,0.5157384987893463,0.6283292978208233,0.4188861985472155,0.1634382566585956,0.085956416464891,16.669769385356464,0.2070306376094864,-0.0497077904930053
50-430,La Ecuatoriana,Quito,0,0.3706827883681122,747.2965013501143,2016,0.0857552924291352,0.1843163538873994,0.2640832436311446,0.4743451740222461,0.1245066379619662,0.1395766056691783,0.022604951560818,0.2414782920703265,0.7800502332256907,0.0638679583781844,0.0326515966989594,0.2364549695012558,0.071761750986724,0.1743810548977395,0.0541801219949766,0.0193756727664155,0.0053821313240043,0.898815931108719,0.0222461428058844,0.0,0.9903030303030304,0.9987878787878788,0.9987878787878788,0.0606060606060606,0.5120481927710844,0.7506024096385542,0.5614457831325301,0.3012048192771084,0.0373493975903614,28.994606258362293,0.1349751977897041,-0.0278414435047645
50-272,La Ferroviaria,Quito,0,0.4555273984929733,746.6094061299832,1639,0.1939890710382513,0.1101321585903083,0.25591985428051,0.4949908925318761,0.1288706739526411,0.1270491803278688,0.0500910746812386,0.2058287795992714,0.7395264116575592,0.1033697632058287,0.0610200364298725,0.2281420765027322,0.0796903460837887,0.2008196721311475,0.0095628415300546,0.0314207650273224,0.0077413479052823,0.9408014571948998,0.0104735883424408,0.0,0.9413489736070382,0.997067448680352,0.995601173020528,0.1744868035190616,0.5311143270622286,0.7004341534008683,0.5397973950795948,0.3183791606367583,0.0767004341534008,53.18864555645706,0.077712923281028,-0.0248184840313545
50-479,Turubamba,Quito,0,0.3279478062807397,745.0974158698407,2272,0.0919071518193224,0.1537112799532437,0.2719573400250941,0.4871392722710163,0.1223337515683814,0.1496235884567126,0.0219573400250941,0.25,0.7744667503136763,0.0683814303638644,0.0301129234629861,0.2713299874529485,0.1091593475533249,0.1627979924717691,0.0674404015056461,0.0357590966122961,0.0047051442910915,0.8861355081555834,0.0059598494353826,0.0,0.9849462365591398,0.9913978494623656,0.9967741935483873,0.0967741935483871,0.6365591397849463,0.8,0.6440860215053763,0.3548387096774194,0.0247311827956989,47.483095607996994,0.1696498033804038,-0.0326603606632992
55-051,Calderón,Calderón,2,0.3407930202813737,744.2919562945202,2184,0.2691785471826205,0.0764832022873481,0.2622116689280868,0.4810040705563093,0.1248303934871099,0.1373812754409769,0.0729308005427408,0.1889416553595658,0.6774084124830394,0.0905698778833107,0.0478290366350067,0.1746947082767978,0.0400271370420624,0.2103120759837177,0.0993894165535956,0.0193351424694708,0.0128900949796472,0.8558344640434192,0.012550881953867,0.0,0.9048723897911832,0.7819025522041764,0.988399071925754,0.2888631090487239,0.6237172177879133,0.6681870011402509,0.4743443557582668,0.2417331812998859,0.0524515393386545,12.830413855848642,0.1844387724496894,-0.0754522220470939
50-009,El Condado,Quito,0,0.3680290710647501,742.6826654086658,2018,0.1584797418429544,0.1352265043948614,0.2886339189673718,0.4937253495876658,0.1394765148798852,0.1491574040874865,0.0484044460380064,0.2402294729293653,0.7518823951237003,0.0989602007888132,0.0487629974901398,0.1670849766941556,0.0426676228038723,0.2025815704553603,0.0315525277877375,0.0899964144854786,0.0093223377554679,0.8572965220509143,0.0118321979204015,0.0,0.9620563035495716,0.9571603427172584,0.9975520195838432,0.244798041615667,0.5875912408759124,0.6922141119221411,0.5097323600973236,0.2019464720194647,0.048661800486618,35.00859401743607,0.1997873056590103,-0.0487954298643452
50-360,La Argelia,Quito,0,0.3088435395716225,742.4598691301806,2404,0.1123328380386329,0.1638702460850112,0.2698365527488855,0.4823179791976226,0.1364041604754829,0.1334323922734026,0.0276374442793462,0.2421991084695393,0.7390787518573552,0.0983655274888558,0.0621099554234769,0.1833580980683506,0.0621099554234769,0.2112927191679049,0.0273402674591381,0.0139673105497771,0.0059435364041604,0.9405646359583952,0.0121842496285289,0.0,0.9733464955577492,0.9960513326752222,1.0,0.1184600197433366,0.4530332681017612,0.6976516634050881,0.5,0.2221135029354207,0.0440313111545988,40.83434130071284,0.0989587195688654,-0.0168590994364792
50-481,Turubamba,Quito,0,0.3279478062807397,738.2105119379451,2251,0.080421885299934,0.1350993377483443,0.2778510217534607,0.4878048780487805,0.1476598549769281,0.1301911667765326,0.01977587343441,0.2580751483190507,0.7999340804218853,0.073829927488464,0.033618984838497,0.2386288727752142,0.0767963085036255,0.1717205009887936,0.054054054054054,0.0181278839815425,0.005932762030323,0.9106789716545814,0.011206328279499,0.0,0.994186046511628,0.994186046511628,0.9976744186046512,0.0883720930232558,0.615916955017301,0.7877739331026529,0.6412918108419838,0.2975778546712803,0.035755478662053,50.54696494306444,0.1992562714752097,-0.0522675192154962
54-001,Calacalí,Calacalí,2,0.2946313356741293,736.8729705209976,2501,0.1576053756872327,0.1098507462686567,0.2674809160305343,0.4891603053435114,0.1282442748091603,0.139236641221374,0.036030534351145,0.2314503816793893,0.7071755725190839,0.1374045801526717,0.0702290076335877,0.216793893129771,0.0751145038167939,0.2213740458015267,0.0033587786259541,0.0140458015267175,0.0076335877862595,0.9529770992366412,0.0219847328244274,0.0,0.9338654503990876,0.9441277080957812,0.9942987457240592,0.2519954389965792,0.5612565445026177,0.6827225130890052,0.4942408376963351,0.2973821989528796,0.0418848167539267,8.125737535995388,0.1801339058102108,-0.0396644545845303
50-498,Turubamba,Quito,2,0.3279478062807397,732.6353992311725,2234,0.2688,0.1784722222222222,0.29536,0.4704,0.13696,0.1584,0.07264,0.22272,0.67552,0.14784,0.03904,0.17696,0.03584,0.18368,0.13376,0.0064,0.0032,0.84896,0.00768,0.0,0.8982300884955752,0.8993362831858407,0.9623893805309734,0.2699115044247787,0.5614035087719298,0.5975877192982456,0.3903508771929824,0.2105263157894736,0.0657894736842105,28.64954707089593,0.2319834316477553,-0.0620609852962696
52-003,Amaguaña,Amaguaña,0,0.2142532737996558,723.9618121690371,3379,0.1512206148282097,0.1172866520787746,0.2430011198208286,0.4781634938409854,0.1207166853303471,0.1222844344904815,0.0347144456886898,0.205599104143337,0.7090705487122061,0.0799552071668533,0.0497200447928331,0.3211646136618141,0.1110862262038073,0.1603583426651735,0.0239641657334826,0.0257558790593505,0.012541993281075,0.9254199328107504,0.0123180291153415,0.0,0.925461254612546,0.9616236162361624,0.996309963099631,0.1734317343173431,0.5300146412884333,0.7291361639824304,0.6310395314787701,0.3748169838945827,0.0263543191800878,20.723934536954783,0.2438443494439509,-0.0585980307985892
50-463,Guamani,Quito,2,0.3204367184674198,719.7008696778249,2246,0.188789651986449,0.2397991211550533,0.300277178934401,0.4859870649830612,0.1465968586387434,0.1536803202956575,0.0495842315983985,0.2506929473360024,0.6812442254388666,0.1259624268555589,0.0425007699414844,0.1487526947951955,0.0249461040960886,0.2038805050816138,0.2716353557129658,0.0113951339698182,0.0024638127502309,0.7089621188789652,0.0055435786880197,0.0,0.9543429844097996,0.9922048997772828,0.9910913140311804,0.2071269487750557,0.5055555555555555,0.6277777777777778,0.3911111111111111,0.1777777777777777,0.0866666666666666,34.941426396133885,0.1842956702393712,-0.0432143384906338
50-053,El Condado,Quito,2,0.3680290710647501,715.816543220939,1945,0.2688172043010752,0.0950540958268933,0.2784575454208379,0.4938820912124583,0.139414163885799,0.1390433815350389,0.0741564701520207,0.2043010752688172,0.6915090841675936,0.1193919169447534,0.0474601408972932,0.1657397107897664,0.0363366703744901,0.2550982573229514,0.1386725991842788,0.0159436410826844,0.0081572117167222,0.8301816833518725,0.0070448646644419,0.0,0.8611793611793612,0.8685503685503686,0.9815724815724816,0.1584766584766584,0.6288156288156288,0.6434676434676435,0.4542124542124542,0.2539682539682539,0.0622710622710622,17.893423876036767,0.1818296022477215,-0.0414143862722327
50-421,La Ecuatoriana,Quito,2,0.3706827883681122,714.3057331853523,1927,0.1629256965944272,0.146613545816733,0.2921826625386997,0.4856811145510836,0.1567337461300309,0.1354489164086687,0.0491486068111455,0.2430340557275541,0.7550309597523219,0.0886222910216718,0.044891640866873,0.1838235294117647,0.0506965944272445,0.2043343653250774,0.1010061919504644,0.0193498452012383,0.0058049535603715,0.8645510835913313,0.0092879256965944,0.0,0.924066924066924,0.9716859716859716,0.9871299871299872,0.1698841698841698,0.5224071702944942,0.7131882202304738,0.5224071702944942,0.2061459667093469,0.0460947503201024,15.400510067062516,0.2017902023897937,-0.0510120123903402
80-004,San Antonio,San Antonio,0,0.3150857083405627,706.7372438078821,2243,0.1548183254344391,0.1451717433570965,0.2701421800947867,0.492259083728278,0.130173775671406,0.1399684044233807,0.0436018957345971,0.2265402843601895,0.7282780410742496,0.1127962085308056,0.0492890995260663,0.2657187993680884,0.0521327014218009,0.2492890995260663,0.0072669826224328,0.0303317535545023,0.0075829383886255,0.9447077409162716,0.0097946287519747,0.0003159557661927,0.9297848244620612,0.9093997734994338,0.986409966024915,0.1494903737259343,0.5526315789473685,0.7532894736842105,0.4550438596491228,0.2719298245614035,0.0449561403508771,18.753470803739077,0.1162930515064972,-0.0626862024091449
50-385,Chillogallo,Quito,2,0.4561716622492717,703.4167031883769,1542,0.4011866727521679,0.1778584392014519,0.298037425832953,0.4924691921497033,0.1506161570059333,0.1474212688270196,0.121405750798722,0.1766316750342309,0.5696029210406207,0.1921497033318119,0.0821542674577818,0.0944774075764491,0.0104974897307165,0.2875399361022364,0.5915107256960292,0.0191693290734824,0.0045641259698767,0.3811045184847101,0.0036513007759014,0.0,0.7616666666666667,0.9466666666666668,0.9933333333333332,0.4283333333333333,0.5848434925864909,0.5304777594728172,0.2685337726523888,0.1400329489291598,0.1136738056013179,17.457011064480152,0.1929693141513659,-0.0494046355251178
50-435,Guamani,Quito,0,0.3204367184674198,703.3585970359866,2195,0.148034188034188,0.1140684410646387,0.2694017094017094,0.4977777777777777,0.1329914529914529,0.1364102564102564,0.0379487179487179,0.2314529914529914,0.8092307692307692,0.0581196581196581,0.0553846153846153,0.2454700854700854,0.0765811965811965,0.2068376068376068,0.0444444444444444,0.0119658119658119,0.0078632478632478,0.9247863247863248,0.0109401709401709,0.0,0.9211663066954644,0.9913606911447084,0.9978401727861772,0.1198704103671706,0.5016077170418006,0.7245444801714899,0.5605573419078242,0.3097534833869239,0.0321543408360128,47.22093562942616,0.1291576847163509,-0.0181960797843214
50-273,La Ferroviaria,Quito,0,0.4555273984929733,696.5013922957562,1529,0.1237373737373737,0.1175925925925926,0.255050505050505,0.4934343434343434,0.1292929292929293,0.1257575757575757,0.0308080808080808,0.2242424242424242,0.73989898989899,0.0979797979797979,0.0651515151515151,0.2808080808080808,0.1186868686868686,0.1883838383838383,0.0131313131313131,0.0378787878787878,0.005050505050505,0.9212121212121211,0.0227272727272727,0.0,0.9559055118110236,0.9968503937007874,0.9984251968503935,0.1889763779527559,0.4710485133020344,0.651017214397496,0.543035993740219,0.245696400625978,0.0406885758998435,62.325212124415806,0.0828540672028144,-0.0316569725205224
50-361,La Argelia,Quito,0,0.3088435395716225,695.8244946548656,2253,0.1409179056237879,0.1331592689295039,0.2702003878474466,0.4899806076276664,0.1380090497737556,0.132191338073691,0.0387847446670976,0.231415643180349,0.7074983839689722,0.1157078215901745,0.0588235294117647,0.1761473820297349,0.0601163542340012,0.2184873949579832,0.0284421460892049,0.0119586296056884,0.0051712992889463,0.9414996767937944,0.0129282482223658,0.0,0.9701810436634718,0.9968051118210862,0.9978700745473909,0.1991480298189563,0.4335443037974683,0.6687763713080169,0.4810126582278481,0.2120253164556962,0.0527426160337552,39.35041715701421,0.1661499561661706,-0.0371239940964098
50-011,El Condado,Quito,2,0.3680290710647501,692.9987408149245,1883,0.1955140186915888,0.1678370786516854,0.2683109118086696,0.4872944693572496,0.1330343796711509,0.1352765321375187,0.0515695067264574,0.2167414050822122,0.7406576980568012,0.1038863976083707,0.0414798206278026,0.1363976083707025,0.0414798206278026,0.2623318385650224,0.093796711509716,0.0351270553064275,0.0145739910313901,0.8501494768310912,0.0063527653213751,0.0,0.9099462365591398,0.946236559139785,0.9932795698924732,0.2459677419354838,0.6790450928381963,0.6976127320954907,0.4814323607427055,0.2241379310344827,0.0702917771883289,32.85938588261394,0.178065159529992,-0.0328330161148967
50-339,La Argelia,Quito,3,0.3088435395716225,691.8095286404345,2240,0.0725584594222833,0.1005188067444876,0.2503438789546079,0.4693947730398899,0.1155433287482806,0.1348005502063273,0.015130674002751,0.2352132049518569,0.828060522696011,0.0526134800550206,0.0398899587345254,0.2826685006877579,0.0993810178817056,0.1657496561210454,0.0096286107290233,0.015474552957359,0.0103163686382393,0.9546079779917468,0.0099724896836313,0.0,0.9935344827586208,0.9989224137931034,0.9989224137931034,0.1012931034482758,0.4704618689581095,0.7099892588614393,0.602577873254565,0.3619763694951665,0.029001074113856,66.12090355023001,0.1249222103410251,-0.029488227579581
50-475,Turubamba,Quito,0,0.3279478062807397,688.6903931895534,2100,0.1117546848381601,0.1392405063291139,0.2824531516183986,0.4831345826235094,0.1376490630323679,0.1448040885860306,0.0258943781942078,0.2565587734241908,0.7022146507666098,0.0919931856899489,0.0453151618398637,0.1931856899488926,0.059625212947189,0.1959114139693356,0.0572402044293015,0.031686541737649,0.0061328790459965,0.9005110732538331,0.0044293015332197,0.0,0.9869358669833728,0.994061757719715,0.995249406175772,0.1104513064133016,0.575326215895611,0.7319098457888493,0.5160142348754448,0.2514827995255042,0.0379596678529062,41.50936535501612,0.1640485885680211,-0.0314468014928613
50-381,Chillogallo,Quito,0,0.4561716622492717,687.9068666719018,1508,0.1008487269096355,0.114018691588785,0.2506240639041437,0.4947578632051922,0.1198202695956065,0.1308037943085372,0.0249625561657513,0.2256615077383924,0.81827259111333,0.055916125811283,0.0454318522216675,0.2656015976035946,0.1008487269096355,0.1832251622566151,0.0129805292061907,0.0294558162755866,0.0109835247129306,0.929106340489266,0.0174737893160259,0.0,0.9782270606531882,0.9984447900466564,0.9984447900466564,0.0855365474339035,0.462015503875969,0.7736434108527132,0.5984496124031008,0.3023255813953488,0.0356589147286821,47.31947361795525,0.0846480308889553,-0.0278701964189408
50-340,La Argelia,Quito,0,0.3088435395716225,684.0884401511439,2215,0.1244067796610169,0.1138743455497382,0.260074500507958,0.4812055536742296,0.1266508635286149,0.133423636979343,0.0284456484930579,0.2316288520149001,0.7846258042668472,0.0870301388418557,0.0535049102607517,0.2610904165255672,0.096512021672875,0.1754148323738571,0.0220115137148662,0.0179478496444293,0.0088046054859464,0.9336268201828648,0.0176092109718929,0.0,0.9836779107725788,0.9967355821545156,1.0,0.1316648531011969,0.4390507011866235,0.6957928802588996,0.5825242718446602,0.284789644012945,0.0560949298813376,63.051555435612514,0.1151249155576226,-0.0266461710228831
50-465,Guamani,Quito,2,0.3204367184674198,683.8119572094739,2134,0.3402956298200514,0.1860465116279069,0.3065552699228792,0.480719794344473,0.1449228791773779,0.1616323907455013,0.1053984575835475,0.2011568123393316,0.6368894601542416,0.150706940874036,0.0437017994858611,0.1172879177377892,0.0215295629820051,0.2278277634961439,0.2917737789203085,0.012210796915167,0.0089974293059125,0.6850899742930592,0.0019280205655526,0.0,0.844671201814059,0.9421768707482994,0.9671201814058956,0.3265306122448979,0.5645879732739421,0.5712694877505567,0.3162583518930957,0.0835189309576837,0.0968819599109131,30.236867671579176,0.1909751313244787,-0.0473081782061064
50-470,Turubamba,Quito,0,0.3279478062807397,679.8358024199734,2073,0.1142752829499817,0.1397006414825374,0.2756480467323841,0.4797371303395399,0.1347207009857612,0.1409273457466228,0.0288426433004746,0.2468054034319094,0.7177802117561154,0.0905439941584519,0.0441767068273092,0.2248995983935743,0.0660825118656444,0.1825483753194596,0.0748448338809784,0.0124132895217232,0.0109529025191675,0.891566265060241,0.0102227090178897,0.0,0.979381443298969,0.997709049255441,0.997709049255441,0.1282932416953035,0.4034285714285714,0.664,0.5177142857142857,0.2662857142857143,0.0491428571428571,41.001803413766325,0.1396360317231695,-0.0329287395868001
50-301,La Ferroviaria,Quito,0,0.4555273984929733,679.1913511530232,1491,0.2032640949554896,0.1141463414634146,0.2734915924826904,0.4792284866468843,0.1266073194856577,0.1468842729970326,0.0509396636993076,0.2225519287833827,0.6780415430267063,0.1132542037586548,0.0454995054401582,0.2002967359050445,0.0573689416419386,0.1998021760633036,0.0247279920870425,0.0178041543026706,0.0019782393669634,0.9465875370919882,0.006429277942631,0.0024727992087042,0.9374021909233176,0.9921752738654148,0.9937402190923318,0.1752738654147105,0.5388198757763976,0.6211180124223602,0.4968944099378882,0.2453416149068323,0.0574534161490683,46.87724469632519,0.124676091907215,-0.0376897886487703
50-359,La Argelia,Quito,0,0.3088435395716225,679.1469435179979,2199,0.1074407741074407,0.1665551839464883,0.2682682682682683,0.4941608274941608,0.1321321321321321,0.1361361361361361,0.025025025025025,0.2432432432432432,0.7580914247580914,0.08008008008008,0.043043043043043,0.2385719052385719,0.0567233900567233,0.1598264931598265,0.0246913580246913,0.0136803470136803,0.0053386720053386,0.944944944944945,0.0113446780113446,0.0,0.9800629590766002,0.9958027282266528,0.9989506820566632,0.1133263378803777,0.4436325678496868,0.6878914405010439,0.5260960334029228,0.2682672233820459,0.0427974947807933,52.34302757155727,0.0918831173051345,-0.0148604200323661
50-432,La Ecuatoriana,Quito,0,0.3706827883681122,676.1254059834367,1824,0.1428003182179793,0.14251968503937,0.2816229116945107,0.4944311853619729,0.137629276054097,0.1439936356404136,0.0377883850437549,0.2438345266507557,0.8050914876690533,0.066030230708035,0.0302307080350039,0.2024661893396977,0.0719968178202068,0.2032617342879872,0.0652346857597454,0.0242641209228321,0.0095465393794749,0.8735083532219571,0.0274463007159904,0.0,0.9372384937238494,0.9790794979079498,1.0,0.1311018131101813,0.457182320441989,0.68646408839779,0.5207182320441989,0.3162983425414364,0.0441988950276243,18.526379961266738,0.1730200414578021,-0.045307409979211
55-017,Calderón,Calderón,0,0.3407930202813737,673.0662150557131,1975,0.1382857142857143,0.1663003663003663,0.2769523809523809,0.4895238095238095,0.1299047619047619,0.147047619047619,0.0361904761904761,0.2407619047619047,0.8217142857142857,0.0518095238095238,0.035047619047619,0.2499047619047619,0.0807619047619047,0.1489523809523809,0.0213333333333333,0.107047619047619,0.0045714285714285,0.864,0.003047619047619,0.0,0.9634591961023142,0.9805115712545676,0.9963459196102314,0.0937880633373934,0.5432692307692307,0.78125,0.6177884615384616,0.3052884615384615,0.0408653846153846,40.22075773007942,0.0906707230223448,-0.0092020824562502
50-020,El Condado,Quito,0,0.3680290710647501,671.653054693169,1825,0.1362559241706161,0.1385911179173047,0.2608353033884948,0.483451536643026,0.1252955082742316,0.1355397951142632,0.0311268715524034,0.2289204097714736,0.7773837667454688,0.0870764381402679,0.0736800630417651,0.2029156816390858,0.0732860520094562,0.1706067769897557,0.0464933018124507,0.0677698975571316,0.0090622537431048,0.8644602048857368,0.012214342001576,0.0,0.964889466840052,0.9947984395318596,1.0,0.1261378413524057,0.4537275064267352,0.6915167095115681,0.5077120822622108,0.2275064267352185,0.0385604113110539,27.107790393723967,0.0963535475224719,-0.0124176405366132
50-448,Turubamba,Quito,0,0.3279478062807397,670.325316037832,2044,0.1553730321697467,0.1255506607929515,0.2765229295003422,0.4678302532511978,0.1341546885694729,0.1423682409308692,0.0390143737166324,0.2375085557837098,0.5900068446269678,0.0879534565366187,0.0359342915811088,0.1639288158795345,0.0479123887748117,0.2008898015058179,0.1006160164271047,0.014715947980835,0.0068446269678302,0.8720054757015743,0.0058179329226557,0.0,0.9695550351288056,0.9859484777517564,0.9964871194379392,0.1206088992974238,0.4923976608187134,0.6853801169590643,0.4269005847953216,0.2736842105263158,0.0549707602339181,42.848954483191726,0.153557864037605,-0.0275967079551852
70-908,Nayón,Nayón,3,0.7411572755534023,669.2650198247222,903,0.1546134663341646,0.0356612184249628,0.2427265170407315,0.485453034081463,0.1172069825436409,0.1255195344970906,0.0440565253532834,0.198669991687448,0.8146300914380715,0.0581878636741479,0.0349127182044887,0.3765586034912718,0.1579384871155444,0.2028262676641729,0.0340814630091438,0.0207813798836242,0.0099750623441396,0.8944305901911886,0.0407315045719035,0.0,0.9302949061662198,0.8498659517426274,1.0,0.1662198391420911,0.7306666666666667,0.7946666666666666,0.6853333333333333,0.5733333333333334,0.0293333333333333,13.87401664904145,0.2274546553519024,-0.073423971576914
50-457,Guamani,Quito,0,0.3204367184674198,669.0718681599726,2088,0.0733212341197822,0.1595441595441595,0.2627949183303085,0.479491833030853,0.1313974591651542,0.1313974591651542,0.0152450090744101,0.2475499092558983,0.8152450090744101,0.0686025408348457,0.0457350272232304,0.2660617059891107,0.0664246823956442,0.125589836660617,0.0239564428312159,0.0370235934664246,0.00508166969147,0.9277676950998184,0.0061705989110707,0.0,0.9833729216152018,0.994061757719715,0.9916864608076008,0.0510688836104513,0.5768321513002365,0.8002364066193853,0.6359338061465721,0.2955082742316784,0.0189125295508274,48.91973977274709,0.1419590521511408,-0.0270755777977614
50-431,La Ecuatoriana,Quito,0,0.3706827883681122,666.4876534858658,1798,0.1411522633744856,0.1537302185380557,0.2699588477366255,0.4794238683127572,0.1288065843621399,0.1411522633744856,0.0337448559670781,0.2362139917695473,0.7790123456790123,0.0786008230452674,0.0337448559670781,0.2251028806584362,0.074074074074074,0.202880658436214,0.0995884773662551,0.0189300411522633,0.0057613168724279,0.8646090534979424,0.0098765432098765,0.0012345679012345,0.9513888888888888,0.9777777777777776,0.9972222222222222,0.1152777777777777,0.4680555555555555,0.7305555555555555,0.5555555555555556,0.2819444444444444,0.0486111111111111,17.200950527809095,0.1922048476996557,-0.0471787615836002
55-050,Calderón,Calderón,0,0.3407930202813737,662.1608384067091,1943,0.1403712296983758,0.1224806201550387,0.2378190255220417,0.4903325599381284,0.1191028615622583,0.1187161639597834,0.0336426914153132,0.2041763341067285,0.7768754833720031,0.0796597061098221,0.0510440835266821,0.2563805104408352,0.0839133797370456,0.1600928074245939,0.0696055684454756,0.0467904098994586,0.0069605568445475,0.87122969837587,0.0054137664346481,0.0,0.9571984435797666,0.9221789883268484,0.9909208819714656,0.1634241245136186,0.6477419354838709,0.7806451612903226,0.5961290322580645,0.3638709677419355,0.0361290322580645,29.175940559544696,0.1467725550218306,-0.052853045660759
50-473,Turubamba,Quito,0,0.3279478062807397,654.5838213363564,1996,0.1270289343683839,0.2043176561295296,0.2836979534227241,0.4668313338038108,0.1280875088214537,0.1556104446012703,0.0352858151023288,0.2484121383203952,0.6520818630910374,0.1319689484827099,0.0289343683839096,0.189484827099506,0.0451658433309809,0.1623147494707127,0.0935074100211715,0.0130557515878616,0.0084685956245589,0.8832039520112914,0.0017642907551164,0.0,0.9850230414746544,0.9930875576036866,0.9976958525345622,0.108294930875576,0.4288990825688073,0.6892201834862385,0.4357798165137614,0.235091743119266,0.0470183486238532,44.50035646377509,0.1443232344027087,-0.0251910488833133
50-077,Comite Del Pueblo,Quito,0,0.3517495449289433,652.4954058431899,1855,0.1381657989587505,0.1204437400950871,0.2636,0.482,0.1256,0.138,0.0376,0.226,0.7588,0.0924,0.0316,0.216,0.072,0.162,0.0244,0.1144,0.0064,0.8388,0.0156,0.0004,0.9853300733496332,0.982885085574572,0.9975550122249388,0.1100244498777506,0.5351941747572816,0.7657766990291263,0.5315533980582524,0.2342233009708738,0.0521844660194174,47.08337691023543,0.1020311986179621,-0.0245527620467911
50-076,Comite Del Pueblo,Quito,0,0.3517495449289433,651.0884076634741,1851,0.1136363636363636,0.1229571984435797,0.2743801652892562,0.4892561983471074,0.1376033057851239,0.1367768595041322,0.0297520661157024,0.2446280991735537,0.6834710743801653,0.1243801652892562,0.0384297520661157,0.2268595041322314,0.0677685950413223,0.1880165289256198,0.0268595041322314,0.1272727272727272,0.0070247933884297,0.8235537190082645,0.0152892561983471,0.0,0.9833795013850416,0.9958448753462604,0.997229916897507,0.1828254847645429,0.5606860158311345,0.6926121372031663,0.4934036939313984,0.2638522427440633,0.0488126649076517,44.74025520911584,0.1366821143624368,-0.0345504669460757
50-365,La Argelia,Quito,0,0.3088435395716225,635.9088479779708,2059,0.1552083333333333,0.1204819277108433,0.2857638888888889,0.4902777777777777,0.1430555555555555,0.1427083333333333,0.0392361111111111,0.2465277777777778,0.7815972222222223,0.0760416666666666,0.0368055555555555,0.1944444444444444,0.0538194444444444,0.2048611111111111,0.0576388888888888,0.0149305555555555,0.003125,0.9159722222222222,0.0076388888888888,0.0006944444444444,0.9638989169675092,0.9663056558363418,0.9951865222623344,0.1961492178098676,0.4839857651245551,0.6880189798339265,0.5041518386714117,0.2348754448398576,0.0652431791221826,48.2231874090791,0.1708919135792828,-0.0275093911937773
50-422,La Ecuatoriana,Quito,0,0.3706827883681122,633.1262025327358,1708,0.0786856895806312,0.0943722943722943,0.2602680501513186,0.4669260700389105,0.1266753134457414,0.1335927367055771,0.0168612191958495,0.243406830955469,0.779074794638997,0.0851707738867272,0.0410722006052745,0.2369217466493731,0.0856031128404669,0.1625594466061392,0.0423692174664937,0.0397751837440553,0.0025940337224383,0.9061824470384782,0.0090791180285343,0.0,0.9666666666666668,0.9944444444444444,0.9986111111111112,0.0583333333333333,0.475,0.7694444444444445,0.5722222222222222,0.2625,0.0180555555555555,35.54887363272653,0.1071158244310704,-0.0279088201701284
50-453,Guamani,Quito,0,0.3204367184674198,632.8625189731541,1975,0.1365113759479956,0.1308623298033283,0.2704947634525099,0.4897074756229685,0.1325388226796677,0.1379559407728421,0.0371975442397977,0.2332972192127121,0.7370892018779343,0.1065366558324304,0.0353918382087396,0.2022390754785121,0.0509209100758396,0.1733477789815818,0.1509570241964608,0.0270855904658721,0.0108342361863488,0.8039003250270856,0.0072228241242325,0.0,0.9862385321100916,0.9965596330275228,0.9988532110091743,0.0642201834862385,0.4098173515981735,0.7374429223744292,0.5353881278538812,0.2694063926940639,0.0525114155251141,41.52143776253478,0.0789466003237334,-0.0131427096837505
76-999,Píntag,Píntag,4,0.0527534289775416,630.086955707758,11944,0.4226351554513199,0.176971147453796,0.2674243790967587,0.489446148295147,0.1318780443802995,0.1355463347164592,0.1072223224487341,0.1602020566480245,0.5930603163148717,0.1896686511516026,0.0712009140657886,0.1210535810932707,0.0313909435323831,0.2412051235792892,0.0470864152985747,0.0069156293222683,0.0053520957363641,0.9357748511636298,0.0048710084791629,0.0,0.6973509933774834,0.3878587196467991,0.984326710816777,0.449448123620309,0.6598068038639228,0.5434691306173877,0.3120537589248215,0.1940361192776144,0.0598488030239395,1.5019437237098272,0.2030332830750526,0.0242680392505689
50-499,Turubamba,Quito,2,0.3279478062807397,626.7082578024936,1911,0.2008273787138021,0.1325600662800331,0.2978563369687853,0.5005641218503196,0.1508085746521248,0.1470477623166604,0.0586686724332455,0.2391876645355397,0.669424595712674,0.1000376081233546,0.0417450169236555,0.1681083113952614,0.0364798796540052,0.2060925159834524,0.2177510342233922,0.0139150056412185,0.006769462203836,0.7570515231289958,0.0045129748025573,0.0,0.9361147327249022,0.9582790091264668,0.9817470664928292,0.256844850065189,0.6397919375812744,0.5929778933680104,0.3849154746423927,0.176853055916775,0.071521456436931,26.640980030686432,0.2542425957827386,-0.0659570794470111
55-035,Calderón,Calderón,3,0.3407930202813737,625.3551922163208,1835,0.0682218309859155,0.1172690763052208,0.2315465729349736,0.4718804920913884,0.117311072056239,0.1142355008787346,0.0166959578207381,0.2148506151142355,0.8580843585237259,0.0408611599297012,0.070298769771529,0.367750439367311,0.1480667838312829,0.1133567662565905,0.0228471001757469,0.0742530755711775,0.0065905096660808,0.8567662565905096,0.0382249560632688,0.0013181019332161,0.986648865153538,0.9919893190921228,1.0,0.1241655540720961,0.4927536231884058,0.8827404479578392,0.7193675889328063,0.3175230566534914,0.0276679841897233,60.91763107864946,0.1065848541416503,-0.0436406423473371
50-336,La Argelia,Quito,2,0.3088435395716225,622.9374193159626,2017,0.2530929657122658,0.13517338995046,0.2757158006362672,0.4987628137150937,0.1428066454577589,0.1329091551785083,0.073170731707317,0.2025450689289501,0.6246023329798516,0.1445740544361965,0.0516083421703782,0.1424531636620714,0.0289855072463768,0.2279957582184517,0.0597384234711912,0.0141392718275008,0.0056557087310003,0.9151643690349948,0.0049487451396253,0.0003534817956875,0.9122596153846154,0.9627403846153846,0.984375,0.234375,0.5758661887694145,0.6451612903225806,0.4002389486260454,0.1959378733572282,0.076463560334528,30.95937825217465,0.209288617185216,-0.0679375788201212
50-447,Turubamba,Quito,0,0.3279478062807397,621.4610929020017,1895,0.1396431342125678,0.1877424359968968,0.2843289371605896,0.4976726144297905,0.1470131885182312,0.1373157486423584,0.0372381691233514,0.2470907680372381,0.7199379363847944,0.1121024049650892,0.0589604344453064,0.1861908456167571,0.0496508921644685,0.1807602792862684,0.103956555469356,0.0112490302560124,0.0081458494957331,0.8626842513576416,0.0139643134212567,0.0,0.9662921348314608,0.99625468164794,0.9937578027465668,0.1348314606741573,0.4809348093480934,0.6654366543665436,0.4637146371463714,0.2410824108241082,0.044280442804428,35.5616508162909,0.1625191948019362,-0.0325449919100903
50-086,Comite Del Pueblo,Quito,0,0.3517495449289433,621.1896963445139,1766,0.1161290322580645,0.1274038461538461,0.2606451612903225,0.4769892473118279,0.1316129032258064,0.1290322580645161,0.0305376344086021,0.2301075268817204,0.8073118279569892,0.0619354838709677,0.024516129032258,0.2473118279569892,0.093763440860215,0.1372043010752688,0.0073118279569892,0.0219354838709677,0.0159139784946236,0.9367741935483872,0.0180645161290322,0.0,0.9931787175989086,0.9972714870395636,0.9986357435197816,0.0804911323328785,0.4850136239782016,0.8133514986376021,0.6103542234332425,0.2874659400544959,0.0435967302452316,71.91000366210938,0.0462400836319148,-0.0215337475129191
52-904,Amaguaña,Amaguaña,0,0.2142532737996558,621.1202407452023,2899,0.1481383681013995,0.1187308085977482,0.2595722207552152,0.4827039873250594,0.1288618959598627,0.1307103247953525,0.0372326379720095,0.2223395827832057,0.7921837866385001,0.0694481119619751,0.0448904145761816,0.3181938209664642,0.1177713229469236,0.1367837338262477,0.012674940586216,0.0451544758383945,0.0068655928175336,0.916292579878532,0.019012410879324,0.0,0.9446808510638298,0.9480851063829788,0.9982978723404256,0.1463829787234042,0.561078348778433,0.7868576242628476,0.6722830665543387,0.4372367312552653,0.0286436394271272,30.742993131745607,0.2537933688315357,-0.0648664729546178
50-464,Guamani,Quito,2,0.3204367184674198,621.0063603898597,1938,0.2089657606777268,0.1934156378600823,0.2982703847511472,0.4772326156018355,0.1415460642428521,0.1567243205082951,0.0593010942463819,0.2389692905047652,0.6579597599717614,0.155312389692905,0.0543593363925167,0.1214260501235439,0.0314154606424285,0.2364984115778327,0.3674549947052594,0.0144722908577479,0.00282386163078,0.6067772679138722,0.0084715848923402,0.0,0.9227941176470588,0.9877450980392156,0.993872549019608,0.2389705882352941,0.5066991473812423,0.6163215590742996,0.3520097442143727,0.1364190012180268,0.0852618757612667,39.14512423465128,0.1614007919182787,-0.0390606788739782
50-332,La Argelia,Quito,3,0.3088435395716225,615.2163308266721,1992,0.0454726765057838,0.1003636363636363,0.230155564419625,0.4639010769844435,0.1084962106102911,0.1216593538093338,0.0115676106900678,0.2185879537295572,0.8763462305544475,0.0335061826884722,0.0355005983246908,0.3729557239728759,0.1451934583167132,0.1152772237734343,0.0175508575987235,0.0147586757080175,0.0023932987634623,0.9421619465496608,0.0231352213801356,0.0,0.9827586206896552,0.9977011494252872,0.9988505747126436,0.0505747126436781,0.4298850574712644,0.8436781609195402,0.674712643678161,0.396551724137931,0.0103448275862068,72.02016781428672,0.0628633191240859,-0.0144488770205352
75-003,Pifo,Pifo,0,0.1544984259653768,602.234864413039,3898,0.203813155386082,0.1089466089466089,0.2762957317073171,0.4864710365853658,0.1326219512195122,0.1436737804878048,0.0533536585365853,0.2227515243902439,0.7547637195121951,0.0926067073170731,0.0535442073170731,0.2471417682926829,0.0857469512195122,0.2033155487804878,0.0283917682926829,0.0453506097560975,0.0076219512195121,0.8986280487804879,0.017530487804878,0.0024771341463414,0.941614906832298,0.970807453416149,0.991304347826087,0.1832298136645962,0.4425322679778734,0.6803933620159803,0.5181315304240934,0.2901044867854948,0.0694529809465273,23.861972842003283,0.1942905386806569,-0.0370306241664211
50-357,La Argelia,Quito,0,0.3088435395716225,597.303405531518,1934,0.1549349655700076,0.1428571428571428,0.2712318286151492,0.4808722264728385,0.1327467482785004,0.1384850803366488,0.0394032134659525,0.2318286151491966,0.7723794950267788,0.0749808722264728,0.0489671002295332,0.2234123947972456,0.0642693190512624,0.1748278500382555,0.0355776587605202,0.0340474368783473,0.0095638867635807,0.8951798010711554,0.0256312165263963,0.0,0.9384615384615383,0.957396449704142,0.9976331360946744,0.144378698224852,0.4074941451990632,0.6510538641686182,0.477751756440281,0.2259953161592506,0.0327868852459016,67.2112503380611,0.1069901610049229,-0.0211674962209736
50-440,Turubamba,Quito,0,0.3279478062807397,597.192955237227,1821,0.0820016820857863,0.0944395410414827,0.280067283431455,0.4823380992430613,0.1459209419680403,0.1341463414634146,0.0176619007569386,0.2624053826745164,0.7960470984020185,0.0529857022708158,0.0370058873002523,0.2750210260723297,0.0773759461732548,0.1778805719091673,0.0273338940285954,0.0256518082422203,0.005466778805719,0.9306139613120268,0.0109335576114381,0.0,0.9918478260869564,0.9972826086956522,1.0,0.125,0.4797843665768194,0.7479784366576819,0.5956873315363881,0.2776280323450135,0.0296495956873315,55.75172135062841,0.1810129447338216,-0.0404432562093487
50-436,Guamani,Quito,0,0.3204367184674198,595.0509861939986,1857,0.0754491017964071,0.1386212008895478,0.2602794411177644,0.4898203592814371,0.1313373253493014,0.128942115768463,0.0151696606786427,0.2451097804391217,0.822754491017964,0.0431137724550898,0.0291417165668662,0.2946107784431138,0.1109780439121756,0.1612774451097804,0.0415169660678642,0.0179640718562874,0.012375249500998,0.8962075848303394,0.0303393213572854,0.0015968063872255,0.9830949284785436,0.9947984395318596,1.0,0.0299089726918075,0.4085603112840467,0.7924773022049286,0.6342412451361867,0.3307392996108949,0.0311284046692607,50.4177388388013,0.1128482223260779,-0.0129312247920854
50-903,El Condado,Quito,3,0.3680290710647501,594.3669497695714,1615,0.061,0.0704960835509138,0.232,0.4895,0.116,0.116,0.0165,0.2155,0.872,0.038,0.0215,0.458,0.192,0.129,0.002,0.019,0.0075,0.939,0.0325,0.0,0.9777777777777776,0.9825396825396824,0.9968253968253968,0.0603174603174603,0.6518987341772152,0.8449367088607594,0.7373417721518988,0.6265822784810127,0.0174050632911392,22.659299722238742,0.1669732381639943,-0.0370144427097587
50-409,Quitumbe,Quito,0,0.4547381971983855,592.5238709494963,1303,0.1289966923925027,0.1122334455667789,0.2617079889807162,0.4870523415977961,0.1278236914600551,0.1338842975206611,0.0275482093663911,0.234159779614325,0.78732782369146,0.0567493112947658,0.0319559228650137,0.2225895316804407,0.0683195592286501,0.1399449035812672,0.0589531680440771,0.0137741046831955,0.0170798898071625,0.8809917355371901,0.0292011019283746,0.0,0.994671403197158,0.994671403197158,0.9982238010657194,0.0355239786856127,0.2968197879858657,0.7243816254416962,0.5053003533568905,0.2491166077738515,0.0477031802120141,66.54000091552734,0.0634567247933765,-0.0084063732900859
50-438,Guamani,Quito,3,0.3204367184674198,589.283125261585,1839,0.0584524810765349,0.0882838283828382,0.2737594617325483,0.484861227922624,0.1316232127838519,0.1421362489486964,0.0164003364171572,0.257359125315391,0.8397813288477712,0.0428931875525651,0.0378469301934398,0.3473507148864592,0.1118587047939445,0.1253153910849453,0.0172413793103448,0.0210260723296888,0.0126156433978132,0.9394449116904964,0.0096719932716568,0.0,0.9922077922077922,0.9961038961038962,1.0,0.048051948051948,0.5251612903225806,0.8038709677419354,0.6787096774193548,0.3161290322580645,0.0219354838709677,57.29455308991719,0.0725378847196632,-0.0006607738404555
50-042,Comite Del Pueblo,Quito,3,0.3517495449289433,586.3664913965486,1667,0.1283372365339578,0.1276252019386106,0.2655737704918032,0.4889929742388759,0.1255269320843091,0.1400468384074941,0.033255269320843,0.2323185011709602,0.8444964871194379,0.0421545667447306,0.0543325526932084,0.3836065573770492,0.1498829039812646,0.1648711943793911,0.0252927400468384,0.0365339578454332,0.0037470725995316,0.8992974238875878,0.0351288056206089,0.0,0.9645608628659476,0.9599383667180276,1.0,0.0878274268104776,0.665158371040724,0.8687782805429864,0.7330316742081447,0.5520361990950227,0.0256410256410256,61.30710388528082,0.1458143323354347,-0.0478123254214408
50-468,Guamani,Quito,0,0.3204367184674198,585.437884639976,1827,0.147372580007902,0.121697357886309,0.2935598577637297,0.4843935203476887,0.1410509679968392,0.1525088897668905,0.045436586329514,0.2481232714342157,0.7570130383247728,0.0948241801659423,0.0264717502963255,0.2094033978664559,0.0458316870802054,0.2050572896088502,0.2018964836033188,0.0268668510470169,0.0098775187672856,0.7605689450809957,0.0007902015013828,0.0,0.9260237780713342,0.9841479524438572,1.0,0.1215323645970938,0.5150720838794234,0.6880733944954128,0.4875491480996068,0.2673656618610747,0.0340760157273918,41.933312940879695,0.175252309083191,-0.0379011764753426
50-454,Guamani,Quito,0,0.3204367184674198,576.1452198044209,1798,0.113036303630363,0.1481781376518218,0.2677392739273927,0.4806105610561056,0.1212871287128712,0.1464521452145214,0.0297029702970297,0.238036303630363,0.7797029702970297,0.082095709570957,0.0462046204620462,0.2347359735973597,0.0825082508250825,0.1827557755775577,0.1043729372937293,0.0226897689768976,0.0061881188118811,0.8634488448844885,0.0033003300330033,0.0,0.9769335142469472,0.9796472184531886,0.9986431478968792,0.0461329715061058,0.4489247311827957,0.7298387096774194,0.5873655913978495,0.353494623655914,0.0309139784946236,44.96224786329639,0.1085698579486692,-0.0270079808478165
52-902,Amaguaña,Amaguaña,3,0.2142532737996558,572.9132541402797,2674,0.1276962899050906,0.1273743016759776,0.2342497136311569,0.4905498281786941,0.1205612829324169,0.1136884306987399,0.0240549828178694,0.2096219931271477,0.8290378006872853,0.0509736540664375,0.04524627720504,0.3762886597938144,0.1640893470790378,0.1122565864833906,0.0120274914089347,0.0123138602520045,0.0117411225658648,0.9490263459335624,0.0146048109965635,0.0002863688430698,0.9478672985781992,0.9383886255924172,0.9962085308056872,0.0710900473933649,0.7105508870214753,0.8235294117647058,0.7198879551820728,0.5714285714285714,0.0214752567693744,21.91478014142101,0.2610320516311349,-0.075699502349002
50-480,Turubamba,Quito,3,0.3279478062807397,572.5968697661715,1746,0.0248653128885205,0.1355218855218855,0.2685453791960215,0.4811438043928719,0.1384169084127642,0.1301284707832573,0.0058019063406547,0.2627434728553667,0.8222130128470784,0.0658930791545793,0.0256941566514712,0.2556983008702859,0.099461251554082,0.1284707832573559,0.0049730625777041,0.0389556568586821,0.0045586406962287,0.9448818897637796,0.0066307501036054,0.0,0.9984802431610942,0.993920972644377,0.9969604863221884,0.0182370820668693,0.783987915407855,0.8912386706948641,0.797583081570997,0.4395770392749245,0.0105740181268882,48.18689499778309,0.1892998324819851,-0.0449233900156146
50-495,Guamani,Quito,0,0.3204367184674198,563.0073143472566,1757,0.1642228739002932,0.1315555555555555,0.271889400921659,0.4976958525345622,0.1328026811897779,0.139086719731881,0.0414746543778801,0.2304147465437788,0.7339757017176372,0.1093422706325932,0.0523669878508588,0.2170087976539589,0.0511101801424382,0.1901968998743192,0.0733137829912023,0.0079597821533305,0.006284038542103,0.9044826141600336,0.0079597821533305,0.0,0.9384615384615383,0.9776223776223776,0.9944055944055944,0.1272727272727272,0.5396383866481224,0.6995827538247567,0.5535465924895688,0.2545201668984701,0.043115438108484,38.75309381390562,0.1517117229443175,-0.0377380294882662
50-484,Turubamba,Quito,0,0.3279478062807397,561.4466443526264,1712,0.1266778523489933,0.1328847771236333,0.2697147651006711,0.4781879194630872,0.1329697986577181,0.136744966442953,0.0293624161073825,0.2403523489932885,0.7479026845637584,0.0738255033557047,0.0511744966442953,0.2365771812080536,0.0566275167785234,0.1656879194630872,0.0524328859060402,0.0151006711409395,0.0050335570469798,0.9240771812080536,0.0033557046979865,0.0,0.98567335243553,0.9813753581661891,0.998567335243553,0.0673352435530086,0.4541547277936962,0.7564469914040115,0.5659025787965616,0.2521489971346705,0.0515759312320916,49.57824783820611,0.0987532147981828,-0.0245108065359748
50-358,La Argelia,Quito,0,0.3088435395716225,561.1687114016381,1817,0.1059202577527184,0.1803921568627451,0.2670157068062827,0.4957712444623439,0.1401530406766009,0.1268626661296818,0.0233588401127668,0.2436568666935159,0.6915022150624245,0.1043093032621828,0.049134111961337,0.2170761175996778,0.0708819975835682,0.1482078131292791,0.022150624244865,0.031413612565445,0.0072492952074103,0.9295207410390656,0.0096657269432138,0.0,0.989769820971867,1.0,0.9974424552429668,0.1125319693094629,0.3939008894536213,0.650571791613723,0.5400254129606099,0.2210927573062261,0.0432020330368487,55.40868655118076,0.0811959012422188,-0.0148757053120766
50-441,Turubamba,Quito,0,0.3279478062807397,561.1186965463456,1711,0.1021775544388609,0.1621621621621621,0.2701005025125628,0.48785594639866,0.1365159128978224,0.1335845896147403,0.0247068676716917,0.245393634840871,0.8396147403685092,0.0473199329983249,0.0314070351758793,0.2135678391959799,0.0607202680067001,0.181323283082077,0.0485762144053601,0.0188442211055276,0.0092127303182579,0.919179229480737,0.0041876046901172,0.0,0.9815059445178336,0.9973579920739762,1.0,0.071334214002642,0.4052631578947368,0.7407894736842106,0.5565789473684211,0.3078947368421053,0.0394736842105263,48.83944171500605,0.1053526447761366,-0.016968091476231
50-483,Turubamba,Quito,0,0.3279478062807397,560.7907487400649,1710,0.1478334749362786,0.1566265060240964,0.2790994052676295,0.4872557349192863,0.1406117247238742,0.1384876805437553,0.0399320305862361,0.2391673746813933,0.7187765505522515,0.0938827527612574,0.0526762956669498,0.2183517417162277,0.0484282073067119,0.1767204757858963,0.084536958368734,0.0174171622769753,0.0093457943925233,0.8797790994052677,0.0089209855564995,0.0,0.9870503597122302,0.9928057553956836,0.9985611510791368,0.079136690647482,0.4885386819484241,0.66189111747851,0.4828080229226361,0.2220630372492836,0.0530085959885386,52.536251227060944,0.0907170885540725,-0.0180730975478794
50-487,Guamani,Quito,0,0.3204367184674198,558.5212002887127,1743,0.1486261448792672,0.1694214876033057,0.2860116569525395,0.485428809325562,0.1373855120732722,0.1486261448792672,0.0412156536219816,0.2447960033305578,0.7210657785179018,0.0970024979184013,0.0179017485428809,0.1931723563696919,0.0445462114904246,0.1969192339716902,0.1532056619483763,0.0104079933388842,0.0049958368026644,0.8251457119067444,0.0062447960033305,0.0,0.9546120058565154,0.9970717423133236,0.9985358711566618,0.1229868228404099,0.4825072886297376,0.7011661807580175,0.4927113702623906,0.2536443148688047,0.0626822157434402,44.82200020844081,0.130182078127522,-0.0202900745118203
63-999,Guayllabamba,Guayllabamba,2,0.1370923102541907,557.2802411832852,4065,0.3699497300316514,0.0990491283676703,0.2584248743250791,0.4948799106311674,0.1266058462111338,0.1318190281139452,0.0999813814932042,0.1584434928318749,0.698938745112642,0.1137590765220629,0.0687022900763358,0.157140197356172,0.037609383727425,0.2699683485384472,0.0402159746788307,0.0223422081549059,0.0087506981940048,0.918078570098678,0.0104263638056227,0.0001861850679575,0.7937766931055522,0.6089078706528371,0.984136668700427,0.2733374008541794,0.6045949214026602,0.7061668681983071,0.4486094316807739,0.2750906892382104,0.0556227327690447,15.740889383449034,0.2068976555363089,-0.0598741451012021
50-478,Turubamba,Quito,3,0.3279478062807397,548.3287321013968,1672,0.0412099956159579,0.0848909657320872,0.2393686979395002,0.4901359053046909,0.115300306882946,0.1240683910565541,0.0078912757562472,0.2314774221832529,0.8654099079351162,0.0135905304690925,0.0201665935992985,0.3616834721613327,0.1683472161332748,0.10872424375274,0.0179745725558965,0.0434020166593599,0.0096448925909688,0.9074967119684348,0.0206049978079789,0.0008768084173608,0.9783783783783784,0.9972972972972972,0.9945945945945946,0.0405405405405405,0.7671601615074024,0.8990578734858681,0.7402422611036339,0.4468371467025572,0.0053835800807537,37.41572263505724,0.1834928511900665,-0.0300241146383125
50-488,Guamani,Quito,0,0.3204367184674198,538.0132503067979,1679,0.1412671232876712,0.1734154929577464,0.2988456605386917,0.4938007695596408,0.1526293287729799,0.1462163317657118,0.0354852501068832,0.2633604104318084,0.7400598546387345,0.0961949551090209,0.0483112441214194,0.1992304403591278,0.0530141085934159,0.1846943138093202,0.2073535699016673,0.0136810602821718,0.0128259940145361,0.7541684480547243,0.0119709277469003,0.0,0.9824304538799414,0.9926793557833088,0.9956076134699854,0.1215226939970717,0.4264919941775837,0.6521106259097526,0.4832605531295487,0.2270742358078602,0.0451237263464337,41.77315624660916,0.121132880794263,-0.0285083090627725
68-999,Nanegal,Nanegal,4,0.3114683926101421,523.5783679776489,1681,0.4669603524229075,0.1973333333333333,0.239647577092511,0.5180616740088105,0.1255506607929515,0.1140969162995594,0.1039647577092511,0.1356828193832599,0.560352422907489,0.1784140969162995,0.0757709251101321,0.1167400881057268,0.0251101321585903,0.1960352422907489,0.0202643171806167,0.0348017621145374,0.0162995594713656,0.9013215859030838,0.0273127753303964,0.0,0.7716129032258064,0.535483870967742,0.9703225806451612,0.5729032258064516,0.5761843790012804,0.5019206145966709,0.2471190781049936,0.1549295774647887,0.0601792573623559,0.8049010994960093,0.2451613507823673,-0.00964744356483
50-334,La Argelia,Quito,0,0.3088435395716225,522.872112494757,1693,0.0968325791855203,0.0777479892761394,0.2588235294117647,0.4932126696832579,0.132579185520362,0.1262443438914027,0.0217194570135746,0.23710407239819,0.7891402714932126,0.0782805429864253,0.0570135746606334,0.2828054298642534,0.104524886877828,0.1628959276018099,0.0108597285067873,0.0131221719457013,0.004524886877828,0.9656108597285068,0.004524886877828,0.0013574660633484,0.9747899159663864,0.9901960784313726,0.9929971988795518,0.0812324929971988,0.5674547983310153,0.7426981919332406,0.6216968011126565,0.3518776077885953,0.0319888734353268,47.51598669161463,0.1032511393346247,-0.0181176228141124
50-452,Guamani,Quito,0,0.3204367184674198,519.1074839172202,1620,0.1585419411506368,0.150278293135436,0.2835820895522388,0.4978050921861282,0.1435469710272168,0.1400351185250219,0.0443371378402107,0.2392449517120281,0.6760316066725197,0.0987708516242317,0.0425812115891132,0.1979806848112379,0.049604916593503,0.1764705882352941,0.1694468832309043,0.0245829675153643,0.0092186128182616,0.7796312554872695,0.0166812993854258,0.0004389815627743,0.9636098981077148,0.9985443959243084,0.9970887918486172,0.0669577874818049,0.3583815028901734,0.6271676300578035,0.5072254335260116,0.245664739884393,0.0592485549132947,43.75719734862611,0.1202246798518549,-0.0234781853503258
52-002,Amaguaña,Amaguaña,2,0.2142532737996558,517.6359094999685,2416,0.2211627191633343,0.1240648379052369,0.2697631498000615,0.4869270993540449,0.1313442017840664,0.138418948015995,0.0602891418025223,0.2094740079975392,0.7471547216241157,0.0901261150415256,0.0532143955705936,0.2346970163026761,0.0824361734850815,0.1888649646262688,0.0190710550599815,0.0101507228545063,0.005229160258382,0.9600123039064904,0.0055367579206398,0.0,0.8886509635974305,0.8993576017130621,0.9957173447537472,0.1916488222698072,0.6740041928721174,0.6844863731656184,0.5649895178197065,0.3092243186582809,0.0377358490566037,17.03093624156708,0.272044432672401,-0.0626174757217553
50-366,La Argelia,Quito,0,0.3088435395716225,515.459867545038,1669,0.0985221674876847,0.1259706643658326,0.2587131367292225,0.469615728328865,0.1175156389633601,0.1411974977658623,0.0210008936550491,0.2368185880250223,0.7524575513851653,0.0799821268990169,0.064343163538874,0.2497765862377122,0.0866845397676496,0.1568364611260053,0.0598748882931188,0.0210008936550491,0.0125111706881143,0.8815907059874888,0.0250223413762287,0.0,0.9685792349726776,0.9918032786885246,0.9986338797814208,0.0915300546448087,0.3306122448979592,0.6993197278911565,0.5251700680272109,0.2176870748299319,0.0312925170068027,69.23095700320076,0.0747375984679332,-0.0116425643422396
83-001,Tababela,Tababela,2,0.317799512846882,506.8902229907769,1595,0.1891217564870259,0.1066666666666666,0.2314214463840399,0.4892768079800498,0.1147132169576059,0.1167082294264339,0.0438902743142144,0.1875311720698254,0.7591022443890274,0.0882793017456359,0.0528678304239401,0.3042394014962593,0.1077306733167082,0.1975062344139651,0.027431421446384,0.0109725685785536,0.0054862842892768,0.9276807980049876,0.027930174563591,0.0004987531172069,0.9123563218390804,0.7959770114942529,1.0,0.2600574712643678,0.5669515669515669,0.7236467236467237,0.5997150997150997,0.4116809116809117,0.0299145299145299,22.144998769647994,0.2226273677517795,-0.0625531349003705
50-458,Guamani,Quito,0,0.3204367184674198,504.3673948677188,1574,0.1220767072029934,0.1730072463768115,0.2849135917795423,0.4899579635684259,0.1438580102755721,0.1410555815039701,0.0336291452592246,0.2512844465203176,0.8019617001401215,0.067725361980383,0.034563288183092,0.2209248014946286,0.0649229332087809,0.1658103689864549,0.0429705744978981,0.0177487155534796,0.0102755721625408,0.916394208313872,0.0126109294722092,0.0,0.9856,0.9936,0.9936,0.1072,0.4793650793650794,0.7285714285714285,0.5349206349206349,0.2476190476190476,0.0523809523809523,36.06606446543048,0.1723917848312267,-0.0242108848516562
86-999,Zámbiza,Zámbiza,4,0.4300944241412338,493.7483989141364,1148,0.6500319897632757,0.112,0.2751119641714651,0.4952015355086372,0.145873320537428,0.1292386436340371,0.1880998080614203,0.0870121561100447,0.72808701215611,0.128598848368522,0.0684580934101087,0.1932181701855406,0.0671785028790787,0.2520793346129238,0.1618682021753039,0.0070377479206653,0.0115163147792706,0.8170185540627,0.0025591810620601,0.0,0.4255813953488372,0.4697674418604651,0.9790697674418604,0.2767441860465116,0.6797235023041475,0.6866359447004609,0.4907834101382488,0.2557603686635945,0.0691244239631336,10.473963943194684,0.2377541425513645,-0.096574601538684
63-004,Guayllabamba,Guayllabamba,2,0.1370923102541907,491.2017476407652,3583,0.1665278934221482,0.0767754318618042,0.2813987171529071,0.4909993792675357,0.1438030208979929,0.1375956962549141,0.0442789157872956,0.2371198013656114,0.733912683633354,0.0891785640388992,0.0649699979308917,0.2042209807572936,0.0662114628595075,0.2377405338299193,0.047589488930271,0.0304158907510862,0.0064142354645147,0.8981998758535071,0.015518311607697,0.0018621973929236,0.9523809523809524,0.9715608465608464,0.9986772486772488,0.1878306878306878,0.4424836601307189,0.6908496732026144,0.4431372549019607,0.2640522875816993,0.0660130718954248,18.403796328840038,0.2168000932897337,-0.0661457498604369
70-910,Nayón,Nayón,1,0.7411572755534023,483.9757009363717,653,0.0197674418604651,0.0129032258064516,0.1244186046511627,0.4895348837209302,0.0534883720930232,0.0709302325581395,0.0046511627906976,0.1197674418604651,0.922093023255814,0.0174418604651162,0.0162790697674418,0.6674418604651163,0.4081395348837209,0.027906976744186,0.0023255813953488,0.0,0.0023255813953488,0.8604651162790697,0.1348837209302325,0.0,0.996415770609319,1.0,1.0,0.014336917562724,0.910394265232975,0.967741935483871,0.942652329749104,0.985663082437276,0.010752688172043,20.30238202604324,0.2365130877376804,-0.0645726632440888
85-001,Yaruquí,Yaruquí,2,0.1270713869546714,483.2524845886156,3803,0.2152049099188279,0.1054804804804804,0.2809055118110236,0.4996062992125984,0.139763779527559,0.1411417322834645,0.0606299212598425,0.2169291338582677,0.7295275590551181,0.0901574803149606,0.0429133858267716,0.2385826771653543,0.0807086614173228,0.2025590551181102,0.1610236220472441,0.014763779527559,0.0080708661417322,0.8,0.0161417322834645,0.0,0.918125,0.915625,0.998125,0.249375,0.4713493530499076,0.6913123844731978,0.4676524953789279,0.3019100431300061,0.0628465804066543,18.698942897450813,0.2081308116134627,-0.0482738588468738
50-337,La Argelia,Quito,2,0.3088435395716225,482.722452350446,1563,0.1892907468294974,0.1105626850937808,0.275716298731799,0.4823860967590418,0.1371535932362611,0.1385627054955378,0.0483795209018318,0.2273367778299671,0.6566463128229215,0.1324565523720056,0.0535462658525129,0.2202912165335838,0.0713950211366838,0.1827148896195397,0.0563644903710662,0.0253640206669798,0.0084546735556599,0.8971348050728042,0.0122123062470643,0.0004697040864255,0.937888198757764,0.9580745341614908,0.9720496894409938,0.170807453416149,0.4854961832061069,0.6778625954198473,0.4809160305343511,0.2442748091603053,0.0519083969465648,28.62881185512732,0.2148957540002566,-0.063791569459182
52-001,Amaguaña,Amaguaña,2,0.2142532737996558,476.2850276566349,2223,0.2366071428571428,0.137062937062937,0.2582417582417582,0.4914148351648351,0.1366758241758241,0.121565934065934,0.0576923076923076,0.2005494505494505,0.7558379120879121,0.101304945054945,0.0772664835164835,0.2750686813186813,0.0982142857142857,0.1713598901098901,0.0206043956043956,0.0099587912087912,0.0006868131868131,0.9512362637362636,0.0175137362637362,0.0,0.9018912529550828,0.8085106382978723,0.9976359338061466,0.2505910165484633,0.6894117647058824,0.7329411764705882,0.5976470588235294,0.3647058823529411,0.0294117647058823,19.593872109087258,0.2639664010520868,-0.0661641112349781
52-903,Amaguaña,Amaguaña,3,0.2142532737996558,465.3581106928525,2172,0.1244206773618538,0.0906593406593406,0.2342245989304812,0.4955436720142602,0.120855614973262,0.1133689839572192,0.0245989304812834,0.2096256684491978,0.8245989304812834,0.0641711229946524,0.0438502673796791,0.3764705882352941,0.1368983957219251,0.1411764705882353,0.0242424242424242,0.0206773618538324,0.0049910873440285,0.9336898395721924,0.0163992869875222,0.0,0.9582850521436848,0.9536500579374276,1.0,0.100811123986095,0.6850574712643678,0.7942528735632184,0.6988505747126437,0.4839080459770115,0.0241379310344827,30.9802968865734,0.2238315919660194,-0.0571529116857514
75-001,Pifo,Pifo,2,0.1544984259653768,461.0233030806845,2984,0.229758777167423,0.1437417072091994,0.2900309302878896,0.4798953128717583,0.1460861289555079,0.1439448013323816,0.0606709493219129,0.2293599809659766,0.7642160361646443,0.0913633119200571,0.0630502022364977,0.1684511063526053,0.0630502022364977,0.2453009754936949,0.0492505353319057,0.0314061384725196,0.0078515346181299,0.8981679752557696,0.0121341898643825,0.0011896264572924,0.9324546952224052,0.9151565074135092,0.9950576606260296,0.2273476112026359,0.4735126324368378,0.6919315403422983,0.511002444987775,0.2404237978810106,0.0741646291768541,28.871446589308388,0.1685682076666658,-0.0287703320705783
69-999,Nanegalito,Nanegalito,4,0.3571581416063598,457.87673753935326,1282,0.5372706422018348,0.1513002364066193,0.2542955326460481,0.4902634593356242,0.1237113402061855,0.1305841924398625,0.1391752577319587,0.1151202749140893,0.6099656357388317,0.1632302405498281,0.0698739977090492,0.1076746849942726,0.0343642611683848,0.2399770904925544,0.0206185567010309,0.0246277205040091,0.0108820160366552,0.9284077892325316,0.0154639175257731,0.0,0.75,0.3,0.9879310344827588,0.5672413793103448,0.4702886247877759,0.5195246179966044,0.2071307300509338,0.1901528013582342,0.0373514431239388,0.9525186217461572,0.190502761514608,0.0297050158092888
64-999,La Merced,La Merced,2,0.0917969979771144,450.3560720757236,4906,0.327226690497468,0.1603864734299517,0.2759904676794757,0.4941912421805183,0.1388144176347929,0.1371760500446827,0.0915996425379803,0.1843908251414953,0.6973488233541852,0.1274947870122132,0.054215072981829,0.1574322311587727,0.0515341078343759,0.2515638963360143,0.0154900208519511,0.0078939529341674,0.0044682752457551,0.9587429252308608,0.0134048257372654,0.0,0.7876200640341515,0.3383137673425827,0.987726787620064,0.2998932764140875,0.7274119448698315,0.6651352730985196,0.4063297600816743,0.2450229709035222,0.038795303726391,6.267741120618358,0.2532992857463049,-0.0715483912771638
83-999,Tababela,Tababela,2,0.317799512846882,433.4785355231472,1364,0.262757871878393,0.1061507936507936,0.2930660888407367,0.4702058504875406,0.1408450704225352,0.1522210184182015,0.0801733477789815,0.2118093174431202,0.7676056338028169,0.080715059588299,0.0460455037919826,0.1960996749729144,0.0622968580715059,0.2676056338028169,0.0655471289274106,0.0167930660888407,0.0027085590465872,0.9003250270855905,0.0146262188515709,0.0,0.8489583333333334,0.7881944444444444,1.0,0.2361111111111111,0.5060034305317325,0.6706689536878216,0.4871355060034305,0.2692967409948542,0.0651801029159519,20.13030312344067,0.2081306819980949,-0.0618299735422756
62-001,Guangopolo,Guangopolo,2,0.2256378565881411,413.14291541288645,1831,0.2765089722675367,0.0987654320987654,0.2769168026101142,0.4836867862969005,0.1366231647634584,0.1402936378466558,0.0872756933115823,0.1896411092985318,0.7765089722675367,0.097063621533442,0.0689233278955954,0.2573409461663948,0.0889070146818923,0.2312398042414355,0.0448613376835236,0.0130505709624796,0.0053017944535073,0.9302610114192496,0.0065252854812398,0.0,0.8637015781922525,0.8866571018651362,0.9971305595408896,0.2510760401721664,0.6138888888888889,0.6888888888888889,0.5069444444444444,0.3083333333333333,0.0680555555555555,22.93601198080109,0.2611346315252779,-0.0603644243491904
63-003,Guayllabamba,Guayllabamba,2,0.1370923102541907,391.809822706477,2858,0.2043524416135881,0.1042793900639449,0.2749404604392697,0.500396930404869,0.1423657052130193,0.1325747552262503,0.0576872188409632,0.2169886213283937,0.7372320719767134,0.0844138661021434,0.0637734850489547,0.2161947605186557,0.0603334215400899,0.2222810267266472,0.0455146864249801,0.0224927229425774,0.0034400635088647,0.9010320190526594,0.0254035459116168,0.0021169621593014,0.9469164715066356,0.966432474629196,0.9976580796252928,0.1576893052302888,0.4034134988363072,0.6501163692785105,0.425911559348332,0.2591155934833204,0.0682699767261443,16.334686208369483,0.2105623303938309,-0.0661548305524891
85-003,Yaruquí,Yaruquí,2,0.1270713869546714,387.4406588247933,3049,0.2592592592592592,0.1253012048192771,0.2686854121605383,0.4917087238644556,0.1377072819033886,0.1309781302571497,0.0627253064167267,0.2059601057438115,0.6462388848834415,0.1228070175438596,0.0523912521028598,0.1759192501802451,0.0483056957462148,0.2273491949050708,0.0413362172554674,0.0112953616919009,0.0072098053352559,0.9331891372266282,0.0069694784907474,0.0,0.8713178294573644,0.9023255813953488,0.9945736434108527,0.2751937984496124,0.5412844036697247,0.6276758409785933,0.4357798165137614,0.2148318042813455,0.0474006116207951,21.239403455955543,0.2080573239267249,-0.044128575159956
75-002,Pifo,Pifo,0,0.1544984259653768,385.31907435764987,2494,0.1764705882352941,0.1151580074986609,0.2818261633011413,0.479075212174422,0.1352063213345039,0.1466198419666374,0.0529704419081065,0.2288557213930348,0.7872402692420252,0.0708223587942639,0.0459467369037167,0.2423178226514486,0.0752121744220076,0.208955223880597,0.0438981562774363,0.0336552531460345,0.012584138132865,0.8764998536728124,0.0313140181445712,0.0020485806262803,0.9427767354596625,0.9774859287054408,0.9962476547842402,0.174484052532833,0.3992571959145775,0.6880222841225627,0.4967502321262766,0.3147632311977716,0.0649953574744661,24.04970411577168,0.1908075267061535,-0.0345652769553255
54-999,Calacalí,Calacalí,4,0.2946313356741293,373.0032709634478,1266,0.5287152161042037,0.1375796178343949,0.2581409117821196,0.4766133806986382,0.1225577264653641,0.1355831853167554,0.1267021906453523,0.1314387211367673,0.6329188869153345,0.1728833629366489,0.088217880402605,0.1373593842510361,0.049141503848431,0.2480757844878626,0.0663114268798105,0.0296033155713439,0.0118413262285375,0.8744819419775015,0.0165778567199526,0.0011841326228537,0.6833667334669339,0.3847695390781563,0.9458917835671342,0.4348697394789579,0.5806451612903226,0.5521821631878557,0.3567362428842505,0.2296015180265654,0.0777988614800759,1.415021876545252,0.2448192916161076,-0.0287472209069787
81-001,San José de Minas,San José de Minas,2,0.1595433446526916,350.0380981680054,2194,0.1974674880219028,0.0630157539384846,0.2294298395356777,0.4871969955616251,0.1116421987026288,0.1177876408330488,0.0419938545578695,0.1874359849778081,0.5913280983270741,0.197336975076818,0.1027654489586889,0.1263229771252987,0.0358484124274496,0.2656196654148173,0.1536360532604984,0.0102424035506998,0.0037555479685899,0.8047115056333219,0.0276544895868897,0.0,0.9148073022312372,0.907707910750507,0.9939148073022313,0.4077079107505071,0.6273726273726273,0.5454545454545454,0.2927072927072927,0.1398601398601398,0.0499500499500499,6.327287976038448,0.2338377021085742,-0.0734018465865629
77-905,Pomasqui,Pomasqui,1,0.596056600668248,338.56014917956486,568,0.0314285714285714,0.0226757369614512,0.2042857142857143,0.4714285714285714,0.1,0.1042857142857142,0.0071428571428571,0.1971428571428571,0.91,0.0185714285714285,0.0371428571428571,0.6185714285714285,0.3685714285714285,0.05,0.0114285714285714,0.0271428571428571,0.0028571428571428,0.8885714285714286,0.07,0.0,0.984313725490196,0.996078431372549,1.0,0.0196078431372549,0.7803921568627451,0.9568627450980391,0.9215686274509804,0.792156862745098,0.0,15.209090753035117,0.1052642311614641,-0.0514487901232864
81-999,San José de Minas,San José de Minas,4,0.1595433446526916,326.425683159407,2046,0.7183151560737119,0.0993265993265993,0.2169172932330827,0.5225563909774437,0.1135338345864661,0.1033834586466165,0.1545112781954887,0.0620300751879699,0.4255639097744361,0.2763157894736842,0.1045112781954887,0.0672932330827067,0.0165413533834586,0.2706766917293233,0.1969924812030075,0.0082706766917293,0.0015037593984962,0.7684210526315789,0.0248120300751879,0.0,0.6360544217687075,0.1927437641723356,0.9682539682539684,0.6587301587301587,0.7331838565022422,0.405829596412556,0.1434977578475336,0.0840807174887892,0.0549327354260089,0.9563975458242566,0.2527841027360243,-0.030241063666265
60-999,El Quinche,El Quinche,2,0.0680493119434639,322.6898372359062,4742,0.2967428750391481,0.114121772394007,0.2747029393370856,0.4949968730456535,0.1416510318949343,0.1330519074421513,0.0769230769230769,0.1971544715447154,0.6963727329580988,0.1299249530956848,0.0575359599749843,0.1289868667917448,0.0342401500938086,0.2945590994371482,0.055972482801751,0.0231394621638524,0.0051594746716697,0.9072858036272672,0.0084427767354596,0.0,0.8269435569755058,0.6480298189563365,0.9882854100106496,0.3572949946751864,0.5984615384615385,0.6487179487179487,0.3907692307692307,0.2282051282051282,0.06,18.65935423609153,0.1991115726674715,0.010730618601892
62-999,Guangopolo,Guangopolo,2,0.2256378565881411,315.6673613668095,1399,0.3832271762208068,0.140295358649789,0.2749469214437367,0.487791932059448,0.1300424628450106,0.1449044585987261,0.1040339702760085,0.1709129511677282,0.7632696390658175,0.0944798301486199,0.0674097664543524,0.227176220806794,0.06104033970276,0.2372611464968153,0.1215498938428874,0.0196390658174097,0.0074309978768577,0.8428874734607219,0.0084925690021231,0.0,0.7606679035250464,0.6679035250463822,0.9814471243042672,0.3580705009276438,0.6762075134168157,0.6422182468694096,0.4543828264758497,0.2665474060822898,0.0822898032200357,7.702463287563077,0.3026905649655495,-0.0710659076850271
71-908,Nono,Nono,4,0.2472274482681896,313.2371769557962,1267,0.6831955922865014,0.1787994891443167,0.2853994490358126,0.5013774104683195,0.1382920110192837,0.1471074380165289,0.2011019283746556,0.084297520661157,0.6209366391184573,0.1443526170798898,0.0501377410468319,0.1195592286501377,0.0170798898071625,0.1906336088154269,0.074931129476584,0.0253443526170798,0.0082644628099173,0.8881542699724518,0.0033057851239669,0.0,0.4386973180076628,0.0727969348659003,0.8984674329501916,0.4827586206896552,0.665406427221172,0.5444234404536862,0.2570888468809074,0.1209829867674858,0.107750472589792,2.3028351845322077,0.2143211223161347,-0.0444910833637286
50-916,El Condado,Quito,4,0.3680290710647501,308.77639062332537,839,0.5573630136986302,0.1654545454545454,0.2594178082191781,0.5017123287671232,0.1378424657534246,0.1215753424657534,0.136986301369863,0.122431506849315,0.7037671232876712,0.1378424657534246,0.0539383561643835,0.1344178082191781,0.0265410958904109,0.2414383561643835,0.0291095890410958,0.011986301369863,0.0042808219178082,0.9452054794520548,0.009417808219178,0.0,0.7671641791044777,0.1074626865671641,0.982089552238806,0.2776119402985074,0.6420118343195266,0.6242603550295858,0.3698224852071006,0.2130177514792899,0.0621301775147929,7.634597967317955,0.2194471287463459,-0.0690709729574795
78-999,Puéllaro,Puéllaro,4,0.1556813643597807,301.71048412925506,1938,0.5763508222396241,0.1290322580645161,0.2214397496087637,0.4949139280125195,0.1099374021909233,0.1115023474178403,0.1283255086071987,0.0927230046948356,0.4687010954616588,0.2942097026604069,0.1455399061032863,0.0985915492957746,0.0101721439749608,0.1983568075117371,0.008998435054773,0.0043035993740219,0.0023474178403755,0.9737871674491392,0.0105633802816901,0.0,0.5790108564535585,0.3606755126658625,0.9529553679131484,0.5621230398069964,0.7341317365269461,0.4766467065868263,0.1532934131736527,0.1101796407185628,0.0634730538922155,6.8784511451218044,0.2216818871390901,-0.0475763328928579
63-002,Guayllabamba,Guayllabamba,2,0.1370923102541907,290.6356977388843,2120,0.3381269729919327,0.1291208791208791,0.2739389687828832,0.4921080322693791,0.1403016485443703,0.1336373202385128,0.0841809891266222,0.1897579796562609,0.725359522974395,0.0792704314275692,0.0452472816555594,0.1890564714135391,0.0533146264468607,0.1922132585057874,0.0213960014030164,0.0259558049807085,0.0119256401262714,0.9316029463346196,0.009119607155384,0.0,0.7641304347826087,0.9489130434782608,0.9967391304347826,0.175,0.4994582881906825,0.7150595882990249,0.4929577464788732,0.247020585048754,0.0530877573131094,17.08078534538681,0.1955803119064637,-0.0611919955168122
69-001,Nanegalito,Nanegalito,2,0.3571581416063598,281.0834574442051,787,0.1825242718446602,0.1678832116788321,0.2844660194174757,0.4912621359223301,0.141747572815534,0.1427184466019417,0.0533980582524271,0.2310679611650485,0.7106796116504854,0.1300970873786407,0.0718446601941747,0.1611650485436893,0.0475728155339805,0.1912621359223301,0.0077669902912621,0.0339805825242718,0.016504854368932,0.9281553398058252,0.0135922330097087,0.0,0.9487870619946092,0.9299191374663072,1.0,0.3369272237196765,0.4748010610079575,0.6074270557029178,0.2944297082228116,0.2281167108753315,0.039787798408488,7.243524003629007,0.1556506883615522,0.0187554013963384
61-999,Gualea,Gualea,4,0.2326739128391956,278.0453258428388,1195,0.6935584740462789,0.1198830409356725,0.2407754846779237,0.4921826141338336,0.1144465290806754,0.1263289555972482,0.1601000625390869,0.0806754221388367,0.4784240150093808,0.2370231394621638,0.0956848030018761,0.1056910569105691,0.0187617260787992,0.2195121951219512,0.0037523452157598,0.0231394621638524,0.0181363352095059,0.9443402126328956,0.0106316447779862,0.0,0.6647286821705426,0.3100775193798449,0.9515503875968992,0.7790697674418605,0.5523809523809524,0.3314285714285714,0.1409523809523809,0.1314285714285714,0.0323809523809523,0.8079575538532723,0.2278821758000866,-0.0059886171712729
52-914,Amaguaña,Amaguaña,0,0.2142532737996558,276.6009764753557,1291,0.1189060642092746,0.1239470517448856,0.2538644470868014,0.5017835909631391,0.133769322235434,0.1200951248513674,0.0315101070154577,0.2223543400713436,0.7984542211652794,0.0743162901307966,0.0404280618311533,0.2598097502972651,0.0814506539833531,0.1932223543400713,0.016052318668252,0.0172413793103448,0.0047562425683709,0.926872770511296,0.035077288941736,0.0,0.9818181818181818,0.9797979797979798,1.0,0.1131313131313131,0.5928853754940712,0.8102766798418972,0.6818181818181818,0.3774703557312253,0.0316205533596837,15.144735948807623,0.2600870605592014,-0.0667916409900608
50-950,Iñaquito,Quito,,0.9090664173086987,268.17459310606614,295,0.0700483091787439,0.0144927536231884,0.2705314009661835,0.5193236714975845,0.1280193236714976,0.1425120772946859,0.0169082125603864,0.2536231884057971,0.7922705314009661,0.0772946859903381,0.0314009661835748,0.214975845410628,0.0628019323671497,0.2270531400966183,0.0410628019323671,0.0,0.0,0.9541062801932368,0.0048309178743961,0.0,1.0,1.0,1.0,0.219298245614035,0.860655737704918,0.7049180327868853,0.6311475409836066,0.4344262295081967,0.0245901639344262,38.35857048813178,0.1791666372128137,-0.0656871196069543
64-001,La Merced,La Merced,2,0.0917969979771144,258.50034630355435,2816,0.2175720620842572,0.1033776867963152,0.2445983379501385,0.484764542936288,0.1210526315789473,0.1235457063711911,0.0556786703601108,0.1889196675900277,0.7955678670360111,0.0800554016620498,0.0434903047091412,0.3271468144044321,0.1232686980609418,0.1972299168975069,0.0166204986149584,0.0182825484764542,0.0074792243767313,0.9326869806094182,0.0238227146814404,0.0011080332409972,0.8401826484018264,0.8392694063926941,0.9954337899543378,0.2621004566210045,0.6791111111111111,0.7831111111111111,0.6346666666666667,0.4195555555555555,0.0293333333333333,14.685844086469228,0.2422274007515986,-0.0667601106524041
53-999,Atahualpa,Atahualpa,4,0.3951215132248737,237.07290793492425,600,0.6254826254826255,0.098984771573604,0.22007722007722,0.4929214929214929,0.1196911196911196,0.1003861003861003,0.1261261261261261,0.0939510939510939,0.5971685971685972,0.1634491634491634,0.1312741312741312,0.1132561132561132,0.0296010296010296,0.2844272844272844,0.0025740025740025,0.0,0.0,0.9974259974259976,0.0,0.0,0.7131147540983607,0.2581967213114754,0.9918032786885246,0.3729508196721312,0.7450980392156863,0.5490196078431373,0.196078431372549,0.1725490196078431,0.0627450980392156,4.072834391665726,0.2232539176772351,0.0021615382421013
66-001,Lloa,Lloa,2,0.29200009499289,215.49607010475285,738,0.1371951219512195,0.1373307543520309,0.2764227642276423,0.5071138211382114,0.1341463414634146,0.1422764227642276,0.0284552845528455,0.2479674796747967,0.7052845528455285,0.1158536585365853,0.0833333333333333,0.1504065040650406,0.0477642276422764,0.2713414634146341,0.0203252032520325,0.0111788617886178,0.0,0.95630081300813,0.0121951219512195,0.0,0.9209621993127148,0.9312714776632304,0.9896907216494846,0.268041237113402,0.5714285714285714,0.6768707482993197,0.3707482993197279,0.3163265306122449,0.0442176870748299,9.61480135344164,0.3044899171253261,-0.0631186006326202
86-906,Zámbiza,Zámbiza,4,0.4300944241412338,215.0472120706169,500,0.4858420268256334,0.0849858356940509,0.3078055964653903,0.4963181148748159,0.1516936671575846,0.1561119293078056,0.1296023564064801,0.1737849779086892,0.6759941089837997,0.0780559646539028,0.0780559646539028,0.1782032400589101,0.0530191458026509,0.2768777614138439,0.3608247422680412,0.0397643593519882,0.0235640648011782,0.5552282768777614,0.01620029455081,0.0044182621502209,0.65625,0.0052083333333333,0.9791666666666666,0.453125,0.6363636363636364,0.601010101010101,0.3737373737373737,0.2575757575757575,0.0656565656565656,11.699259033909552,0.1635618355203483,-0.0718875287230626
53-001,Atahualpa,Atahualpa,2,0.3951215132248737,214.15586016788157,542,0.1046337817638266,0.08,0.1704035874439461,0.4573991031390134,0.0732436472346786,0.0971599402092675,0.0164424514200298,0.1539611360239162,0.680119581464873,0.1629297458893871,0.1659192825112107,0.1659192825112107,0.077727952167414,0.1136023916292974,0.0209267563527653,0.0089686098654708,0.0014947683109118,0.9641255605381166,0.0044843049327354,0.0,0.97008547008547,0.8803418803418803,0.9914529914529916,0.3119658119658119,0.8085106382978723,0.6085106382978723,0.3148936170212766,0.2468085106382978,0.0212765957446808,7.049218719303608,0.2270580727950409,-0.0423519247051599
76-001,Píntag,Píntag,2,0.0527534289775416,211.4357433419871,4008,0.1627202121613942,0.0944344703770197,0.263875734040538,0.4856980488728926,0.1280545557870809,0.1358211782534571,0.0426217086569426,0.2212540253835953,0.7279787838605797,0.0988823640841068,0.0530403485508619,0.2634968744080318,0.0931994695965145,0.2072362189808675,0.0174275430952831,0.0056828944875923,0.0039780261413146,0.968744080318242,0.0041674559575677,0.0,0.9183804627249358,0.9003856041131105,0.9955012853470436,0.2204370179948586,0.6574307304785895,0.7084382871536524,0.5698992443324937,0.3979848866498741,0.0346347607052896,10.853527234144105,0.2572969472897618,-0.0185103716045453
66-999,Lloa,Lloa,4,0.29200009499289,211.1160686798595,723,0.7825641025641026,0.1319148936170212,0.2523076923076923,0.521025641025641,0.1271794871794871,0.1251282051282051,0.1969230769230769,0.0553846153846153,0.5394871794871795,0.1866666666666666,0.0656410256410256,0.1056410256410256,0.0287179487179487,0.3066666666666666,0.1958974358974358,0.0215384615384615,0.0061538461538461,0.7671794871794871,0.0092307692307692,0.0,0.4954128440366973,0.4159021406727828,0.8929663608562691,0.6207951070336392,0.503030303030303,0.3909090909090909,0.2242424242424242,0.2272727272727272,0.103030303030303,0.971954601039252,0.1951134956028584,0.0249738004176426
63-001,Guayllabamba,Guayllabamba,2,0.1370923102541907,200.2918652813726,1461,0.3119565217391304,0.1208677685950413,0.2680192205018686,0.4917245061398825,0.1404164442071543,0.1276027762947143,0.0822210357714895,0.185798184730379,0.7239722370528564,0.1041110517885744,0.0453817405232247,0.198611852642819,0.0496529631607047,0.2274426054458088,0.0325680726107848,0.0208222103577148,0.0037373198077949,0.9247197010144154,0.0181526962092899,0.0,0.8286189683860233,0.8985024958402662,0.9983361064891848,0.2079866888519135,0.5338842975206611,0.7256198347107438,0.4512396694214876,0.3355371900826446,0.0578512396694214,14.531943858297248,0.2009068760000858,-0.0664447353226255
85-002,Yaruquí,Yaruquí,2,0.1270713869546714,186.5407960494577,1468,0.2432432432432432,0.1013443640124095,0.2452088452088452,0.4761670761670761,0.1189189189189189,0.1262899262899263,0.0496314496314496,0.1955773955773956,0.7926289926289927,0.0722358722358722,0.0471744471744471,0.2127764127764127,0.0619164619164619,0.1778869778869778,0.0574938574938574,0.0171990171990172,0.0117936117936117,0.9002457002457003,0.0132678132678132,0.0,0.9603658536585366,0.9115853658536586,0.9984756097560976,0.2820121951219512,0.4848484848484848,0.703030303030303,0.4757575757575757,0.2621212121212121,0.0848484848484848,25.088384480861567,0.2026086393234517,-0.0419824400823664
72-001,Pacto,Pacto,2,0.3424550764700753,173.96717884679828,508,0.1966966966966967,0.093841642228739,0.2020958083832335,0.4790419161676646,0.0988023952095808,0.1032934131736526,0.0404191616766467,0.1616766467065868,0.6377245508982036,0.1601796407185629,0.091317365269461,0.1122754491017964,0.0658682634730539,0.2050898203592814,0.0029940119760479,0.0119760479041916,0.0134730538922155,0.9625748502994012,0.0089820359281437,0.0,0.9343629343629344,0.8455598455598455,0.996138996138996,0.6177606177606177,0.49812734082397,0.5617977528089888,0.2397003745318352,0.2247191011235955,0.0599250936329588,5.568515954492064,0.2083372173317736,-0.0171255510006395
68-001,Nanegal,Nanegal,2,0.3114683926101421,168.19293200947675,540,0.1715116279069767,0.1661721068249258,0.1886792452830188,0.5050798258345428,0.0899854862119013,0.0986937590711175,0.0217706821480406,0.1669085631349782,0.7053701015965167,0.1509433962264151,0.0943396226415094,0.1770682148040638,0.0754716981132075,0.1944847605224963,0.0174165457184325,0.0058055152394775,0.0130624092888243,0.9521044992743106,0.011611030478955,0.0,0.9380165289256198,0.8801652892561983,1.0,0.384297520661157,0.6122448979591837,0.563265306122449,0.3265306122448979,0.1714285714285714,0.0204081632653061,3.1894129712571986,0.2829382772425838,-0.0819221462267117
55-999,Calderón,Calderón,4,0.3407930202813737,161.53589161337115,474,0.453030303030303,0.1194968553459119,0.2880844645550527,0.4992458521870286,0.1372549019607843,0.1508295625942684,0.1297134238310709,0.1568627450980392,0.669683257918552,0.1025641025641025,0.0588235294117647,0.1206636500754147,0.0527903469079939,0.2911010558069382,0.0754147812971342,0.028657616892911,0.004524886877828,0.8853695324283559,0.0060331825037707,0.0,0.7062146892655368,0.6440677966101694,0.8813559322033898,0.3502824858757062,0.8066298342541437,0.6022099447513812,0.3646408839779005,0.2762430939226519,0.0718232044198895,10.447489166343775,0.1752114815827584,-0.086227385302186
78-001,Puéllaro,Puéllaro,2,0.1556813643597807,158.95067301133614,1021,0.1414448669201521,0.0458579881656804,0.2218844984802431,0.4939209726443769,0.0987841945288753,0.1231003039513677,0.0319148936170212,0.1899696048632219,0.7226443768996961,0.1109422492401215,0.1003039513677811,0.189209726443769,0.0493920972644376,0.256838905775076,0.0045592705167173,0.0045592705167173,0.0053191489361702,0.96580547112462,0.019756838905775,0.0,0.9393939393939394,0.8857808857808858,0.9976689976689976,0.1794871794871795,0.6887871853546911,0.7185354691075515,0.4736842105263157,0.3226544622425629,0.011441647597254,11.13215341768315,0.225813655991697,-0.0648528124448091
74-001,Perucho,Perucho,2,0.4914155909892097,156.7615735255579,319,0.125,0.0374331550802139,0.2161458333333333,0.4817708333333333,0.1067708333333333,0.109375,0.0130208333333333,0.203125,0.6744791666666666,0.1796875,0.1588541666666666,0.1875,0.0729166666666666,0.2265625,0.0078125,0.0078125,0.0182291666666666,0.9401041666666666,0.0260416666666666,0.0,0.9295774647887324,0.8732394366197183,1.0,0.2676056338028169,0.7534246575342466,0.636986301369863,0.410958904109589,0.3082191780821918,0.0273972602739726,15.865980887185962,0.2387522463554028,-0.0621983828823104
50-904,El Condado,Quito,3,0.3680290710647501,152.36403542080654,414,0.6435643564356436,0.072289156626506,0.2732673267326733,0.4891089108910891,0.1485148514851485,0.1247524752475247,0.1742574257425742,0.099009900990099,0.9207920792079208,0.0217821782178217,0.0277227722772277,0.5702970297029702,0.2,0.0455445544554455,0.0118811881188118,0.0237623762376237,0.0019801980198019,0.9287128712871288,0.0336633663366336,0.0,0.9722222222222222,0.9861111111111112,1.0,0.0277777777777777,0.7986111111111112,0.9791666666666666,0.8888888888888888,0.9305555555555556,0.0069444444444444,14.44040008544922,0.1539214904386235,-0.0535320824460899
71-999,Nono,Nono,4,0.2472274482681896,148.83092385745013,602,0.8561917443408789,0.0939393939393939,0.2029177718832891,0.5251989389920424,0.1007957559681697,0.1021220159151193,0.1671087533156498,0.0358090185676392,0.4761273209549072,0.2877984084880636,0.0941644562334217,0.1259946949602122,0.0172413793103448,0.2135278514588859,0.0212201591511936,0.019893899204244,0.0053050397877984,0.946949602122016,0.006631299734748,0.0,0.4269662921348314,0.1011235955056179,0.9438202247191012,0.6966292134831461,0.6245353159851301,0.5390334572490706,0.1598513011152416,0.2007434944237918,0.0892193308550185,1.0350190293184451,0.1903757038903256,0.0238438456561977
80-912,San Antonio,San Antonio,3,0.3150857083405627,141.78856875325323,450,0.0203045685279187,0.1257668711656441,0.2368866328257191,0.4737732656514382,0.104906937394247,0.1319796954314721,0.0118443316412859,0.2250423011844331,0.8883248730964467,0.0338409475465313,0.0592216582064297,0.3519458544839255,0.1285956006768189,0.1692047377326565,0.0,0.0490693739424703,0.0186125211505922,0.8883248730964467,0.0439932318104906,0.0,0.9895833333333334,0.984375,1.0,0.0208333333333333,0.8031088082901554,0.8549222797927462,0.7564766839378239,0.4922279792746113,0.005181347150259,23.450000762939453,0.0850379770847554,-0.0250974738838168
60-001,El Quinche,El Quinche,2,0.0680493119434639,132.42396104198093,1946,0.2863670982482864,0.1156111929307805,0.2910958904109589,0.4859208523592085,0.1445966514459665,0.1464992389649924,0.0768645357686453,0.2142313546423135,0.7127092846270928,0.1054033485540334,0.0380517503805175,0.2108066971080669,0.0506088280060882,0.1864535768645357,0.1118721461187214,0.0323439878234398,0.0034246575342465,0.8432267884322678,0.0064687975646879,0.0026636225266362,0.8943488943488943,0.9312039312039312,0.9975429975429976,0.2223587223587223,0.4531059683313033,0.6772228989037758,0.4762484774665043,0.2362971985383678,0.1132764920828258,38.19548660011615,0.177853614792584,-0.0033237184271566
63-902,Guayllabamba,Guayllabamba,2,0.1370923102541907,128.86677163893924,940,0.4139744552967693,0.1119081779053084,0.3283245679939894,0.4800901577761082,0.1622839969947408,0.1660405709992486,0.1307287753568745,0.1975957926371149,0.67618332081142,0.1074380165289256,0.0608564988730278,0.1239669421487603,0.0428249436513899,0.3178061607813674,0.1442524417731029,0.0593538692712246,0.0157776108189331,0.763335837716003,0.0172802404207362,0.0,0.9203747072599532,0.7072599531615925,0.9976580796252928,0.1381733021077283,0.4195804195804196,0.6153846153846154,0.3496503496503496,0.2587412587412587,0.0745920745920745,14.997100172042844,0.1711935942924933,0.0011679885605082
60-907,El Quinche,El Quinche,2,0.0680493119434639,126.84391746261689,1864,0.2203934162986752,0.1074130105900151,0.2992378660248696,0.4885679903730445,0.1484155635780184,0.1508223024468512,0.0637785800240673,0.2350581628559968,0.6277577216205376,0.1155234657039711,0.0497392699558764,0.1712795828319294,0.04853590052146,0.2547131969514641,0.1315683914961893,0.0409145607701564,0.0120336943441636,0.8066586442037705,0.00882470918572,0.0,0.8888888888888888,0.8848238482384824,0.991869918699187,0.2493224932249322,0.5628342245989305,0.6858288770053476,0.4264705882352941,0.2366310160427807,0.0681818181818181,18.21516208820515,0.1825796769662189,-0.0082056827963328
74-999,Perucho,Perucho,,0.4914155909892097,126.78522247521612,258,0.403125,0.0394736842105263,0.209375,0.478125,0.0875,0.121875,0.06875,0.140625,0.640625,0.184375,0.184375,0.090625,0.034375,0.25,0.003125,0.0,0.0125,0.978125,0.00625,0.0,0.8080808080808081,0.5050505050505051,1.0,0.4646464646464646,0.7766990291262136,0.4757281553398058,0.233009708737864,0.2815533980582524,0.087378640776699,4.686133867456563,0.2584952873590051,-0.0712578430609724
78-914,Puéllaro,Puéllaro,2,0.1556813643597807,125.3234983096235,805,0.1067193675889328,0.0562613430127041,0.2519762845849802,0.4940711462450592,0.1235177865612648,0.1284584980237154,0.0266798418972332,0.225296442687747,0.6768774703557312,0.1205533596837944,0.067193675889328,0.1739130434782608,0.0543478260869565,0.3013833992094861,0.0039525691699604,0.0059288537549407,0.0039525691699604,0.966403162055336,0.0197628458498023,0.0,0.9581881533101044,0.9303135888501742,0.989547038327526,0.2543554006968641,0.8311688311688312,0.6818181818181818,0.4285714285714285,0.237012987012987,0.0324675324675324,5.857036671646824,0.2539720290226556,-0.0758501496930748
58-999,Chavezpamba,Chavezpamba,4,0.4088242727990189,124.69140320370076,305,0.5292620865139949,0.109375,0.2239185750636132,0.5216284987277354,0.1246819338422391,0.099236641221374,0.1145038167938931,0.1094147582697201,0.5165394402035624,0.272264631043257,0.1653944020356234,0.0508905852417302,0.005089058524173,0.3104325699745547,0.005089058524173,0.0025445292620865,0.005089058524173,0.9516539440203562,0.0356234096692111,0.0,0.6,0.44,0.992,0.632,0.7142857142857143,0.4841269841269841,0.1666666666666666,0.1428571428571428,0.0238095238095238,12.533147152727537,0.2525274525013032,-0.0647178516661901
75-937,Pifo,Pifo,2,0.1544984259653768,123.59874077230148,800,0.234023402340234,0.0809443507588532,0.2790697674418604,0.4847942754919499,0.1341681574239713,0.1449016100178891,0.0554561717352415,0.221824686940966,0.7316636851520573,0.1028622540250447,0.0796064400715563,0.1413237924865832,0.0411449016100178,0.2683363148479427,0.0241502683363148,0.0277280858676207,0.0044722719141323,0.9338103756708408,0.0071556350626118,0.0026833631484794,0.8246753246753247,0.814935064935065,0.9935064935064936,0.2077922077922078,0.7643312101910829,0.6528662420382165,0.4585987261146497,0.2898089171974522,0.0445859872611464,5.10607624567185,0.2400731790238798,-0.04676820048733
60-002,El Quinche,El Quinche,0,0.0680493119434639,102.75446103463062,1510,0.1813725490196078,0.1170688114387846,0.312316715542522,0.4912023460410557,0.1446725317693059,0.167644183773216,0.0459433040078201,0.2663734115347018,0.7487781036168133,0.0767350928641251,0.0342130987292277,0.1915933528836754,0.0581622678396871,0.2057673509286412,0.1617790811339198,0.0268817204301075,0.0063538611925708,0.7947214076246334,0.0102639296187683,0.0,0.9491279069767442,0.9651162790697676,0.997093023255814,0.1191860465116279,0.4357864357864358,0.7243867243867244,0.4935064935064935,0.2164502164502164,0.0721500721500721,47.87825575314072,0.1342266566919251,-0.003766061048886
60-916,El Quinche,El Quinche,2,0.0680493119434639,102.68641172268715,1509,0.2870952150797486,0.08004158004158,0.2551957467375543,0.4900918318028033,0.1246979217013049,0.1304978250362494,0.0652489125181247,0.1899468342194296,0.583373610439826,0.1188980183663605,0.0430159497341711,0.1193813436442726,0.0338327694538424,0.2421459642339294,0.0154664088931851,0.0183663605606573,0.0043499275012083,0.9536007733204448,0.0082165297245045,0.0,0.8431061806656102,0.9334389857369256,0.9904912836767036,0.4057052297939778,0.6593059936908517,0.6151419558359621,0.3517350157728706,0.2082018927444795,0.056782334384858,17.278520224714818,0.2016055674852276,-0.0216750468678747
65-999,Llano Chico,Llano Chico,,0.3561682528675731,97.9462695385826,275,0.3602150537634409,0.4634146341463415,0.3118279569892473,0.5241935483870968,0.1720430107526881,0.1397849462365591,0.1155913978494623,0.1962365591397849,0.4650537634408602,0.0725806451612903,0.0833333333333333,0.1129032258064516,0.0161290322580645,0.1720430107526881,0.0672043010752688,0.0026881720430107,0.0080645161290322,0.922043010752688,0.0,0.0,0.8390804597701149,0.5747126436781609,0.9540229885057472,0.3103448275862069,0.7126436781609196,0.4827586206896552,0.4597701149425287,0.1494252873563218,0.0689655172413793,16.672908566723887,0.2408419155961525,-0.0901433722390627
60-003,El Quinche,El Quinche,2,0.0680493119434639,94.79269153724532,1393,0.2901234567901234,0.0978809283551967,0.3365878725590955,0.4979445015416238,0.1731757451181911,0.1634121274409044,0.0940390544707091,0.2425488180883864,0.6382322713257965,0.1207605344295991,0.0190133607399794,0.132579650565262,0.0298047276464542,0.2394655704008222,0.2738951695786228,0.0251798561151079,0.0123329907502569,0.6747173689619733,0.0123329907502569,0.0015416238437821,0.9075500770416024,0.9830508474576272,0.987673343605547,0.1432973805855161,0.3267175572519084,0.6519083969465649,0.3251908396946565,0.1923664122137404,0.1129770992366412,62.63000096082687,0.191817826621396,-0.0033129525538953
80-910,San Antonio,San Antonio,,0.3150857083405627,72.78479862666998,231,0.0405405405405405,0.1494252873563218,0.2905405405405405,0.4628378378378378,0.1418918918918918,0.1486486486486486,0.0236486486486486,0.2668918918918919,0.8614864864864865,0.0337837837837837,0.081081081081081,0.2736486486486486,0.1013513513513513,0.1858108108108108,0.0,0.0472972972972973,0.0236486486486486,0.9087837837837838,0.0202702702702702,0.0,0.97196261682243,0.9626168224299064,1.0,0.0373831775700934,0.5607476635514018,0.8130841121495327,0.6635514018691588,0.2990654205607476,0.0,26.87146335694848,0.1140973489900039,-0.0583290477347387
71-001,Nono,Nono,,0.2472274482681896,70.45982275643404,285,0.4146341463414634,0.0611111111111111,0.2411924119241192,0.5203252032520326,0.1246612466124661,0.1165311653116531,0.0975609756097561,0.1436314363143631,0.6775067750677507,0.2195121951219512,0.1111111111111111,0.1409214092140921,0.040650406504065,0.2249322493224932,0.008130081300813,0.0,0.0,0.967479674796748,0.021680216802168,0.002710027100271,0.711864406779661,0.9067796610169492,0.9915254237288136,0.635593220338983,0.6302521008403361,0.6470588235294118,0.3277310924369748,0.2689075630252101,0.042016806722689,5.8206132650375375,0.2149857283267754,-0.0133202643083696
55-902,Calderón,Calderón,,0.3407930202813737,69.8625691576816,205,0.304029304029304,0.2283464566929134,0.2783882783882784,0.4761904761904761,0.1355311355311355,0.1428571428571428,0.0842490842490842,0.1941391941391941,0.5714285714285714,0.1758241758241758,0.0329670329670329,0.0732600732600732,0.0329670329670329,0.2234432234432234,0.0476190476190476,0.0549450549450549,0.0183150183150183,0.8644688644688645,0.0146520146520146,0.0,0.9705882352941176,0.0294117647058823,0.9803921568627452,0.5490196078431373,0.7941176470588235,0.4901960784313725,0.2254901960784313,0.1666666666666666,0.0294117647058823,24.27801986636244,0.1530289542681587,-0.0816865388676361
52-912,Amaguaña,Amaguaña,1,0.2142532737996558,65.34724850889504,305,0.097173144876325,0.1065989847715736,0.1413427561837456,0.5035335689045937,0.0547703180212014,0.0865724381625441,0.0159010600706713,0.1254416961130742,0.8604240282685512,0.0176678445229682,0.0229681978798586,0.2809187279151943,0.0300353356890459,0.0141342756183745,0.0053003533568904,0.0936395759717314,0.0070671378091872,0.8480565371024735,0.0459363957597173,0.0,0.9776119402985076,0.9701492537313432,0.9925373134328358,0.0223880597014925,0.0671641791044776,0.9850746268656716,0.9328358208955224,0.7686567164179104,0.0223880597014925,28.941140514092154,0.2448393357908337,-0.0563326909647761
58-001,Chavezpamba,Chavezpamba,,0.4088242727990189,65.003059375044,159,0.0806451612903225,0.0128205128205128,0.2258064516129032,0.5268817204301075,0.1344086021505376,0.0913978494623656,0.032258064516129,0.1935483870967742,0.5806451612903226,0.2419354838709677,0.0913978494623656,0.0967741935483871,0.0591397849462365,0.2526881720430107,0.0,0.0,0.0,1.0,0.0,0.0,0.9428571428571428,0.9,0.9857142857142858,0.2571428571428571,0.7428571428571429,0.5142857142857142,0.3285714285714285,0.0857142857142857,0.0,9.198571401483871,0.220308877964789,-0.0618536844490857
72-906,Pacto,Pacto,,0.3424550764700753,57.874907923442734,169,0.28125,0.009090909090909,0.2321428571428571,0.5535714285714286,0.1205357142857142,0.1116071428571428,0.0446428571428571,0.1875,0.3571428571428571,0.3080357142857143,0.0982142857142857,0.0535714285714285,0.0223214285714285,0.3035714285714285,0.0,0.0491071428571428,0.0,0.9330357142857144,0.0178571428571428,0.0,0.8289473684210527,0.8289473684210527,1.0,0.7763157894736842,0.4878048780487805,0.3536585365853658,0.1097560975609756,0.1463414634146341,0.0121951219512195,3.9931625586289625,0.1636094118663328,-0.0078493562917116
57-999,Cumbayá,Cumbayá,,0.8649595870863216,47.57277728974769,55,0.7341772151898734,0.2195121951219512,0.240506329113924,0.5189873417721519,0.1392405063291139,0.1012658227848101,0.1645569620253164,0.0759493670886076,0.6075949367088608,0.1392405063291139,0.050632911392405,0.1518987341772152,0.0886075949367088,0.2278481012658227,0.569620253164557,0.0,0.050632911392405,0.379746835443038,0.0,0.0,0.8636363636363636,0.1363636363636363,0.9545454545454546,0.3181818181818182,0.6363636363636364,0.5909090909090909,0.2727272727272727,0.3636363636363636,0.1363636363636363,12.813312027422032,0.2576196220565101,-0.0962222978972534
60-924,El Quinche,El Quinche,0,0.0680493119434639,45.59303900212088,670,0.1598676957001102,0.0621761658031088,0.2436604189636163,0.4928335170893054,0.1256890848952591,0.1179713340683572,0.041896361631753,0.2017640573318632,0.8103638368246968,0.0540242557883131,0.0452039691289966,0.1962513781697905,0.0474090407938257,0.2315325248070562,0.0793825799338478,0.0099228224917309,0.0209481808158765,0.8787210584343991,0.0110253583241455,0.0,0.9865319865319864,0.9326599326599326,0.9966329966329966,0.0841750841750841,0.3529411764705882,0.738562091503268,0.457516339869281,0.2973856209150327,0.0588235294117647,16.698516642424597,0.212155695252545,-0.0673103985930359
64-923,La Merced,La Merced,2,0.0917969979771144,45.34771700069455,494,0.1636636636636636,0.1151315789473684,0.2687687687687687,0.493993993993994,0.1351351351351351,0.1336336336336336,0.0495495495495495,0.2192192192192192,0.7732732732732732,0.069069069069069,0.048048048048048,0.1711711711711711,0.0675675675675675,0.2252252252252252,0.0585585585585585,0.0105105105105105,0.0075075075075075,0.9129129129129128,0.0105105105105105,0.0,0.8882978723404256,0.026595744680851,1.0,0.2925531914893617,0.7010309278350515,0.7577319587628866,0.3917525773195876,0.2783505154639175,0.0463917525773195,11.933409235694192,0.2521646660853164,-0.063591331752084
52-932,Amaguaña,Amaguaña,,0.2142532737996558,45.20744077172738,211,0.6563573883161512,0.0636363636363636,0.3127147766323024,0.5017182130584192,0.1718213058419244,0.140893470790378,0.2130584192439862,0.0996563573883161,0.5360824742268041,0.1134020618556701,0.0618556701030927,0.1786941580756013,0.0446735395189003,0.2027491408934708,0.0103092783505154,0.0,0.0,0.9896907216494846,0.0,0.0,0.4024390243902439,0.2317073170731707,0.975609756097561,0.3780487804878049,0.6547619047619048,0.6071428571428571,0.4404761904761904,0.238095238095238,0.0476190476190476,8.577918580340855,0.3093741677769182,-0.0784590168904901
76-950,Píntag,Píntag,4,0.0527534289775416,34.2897288354021,650,0.4846827133479212,0.1229946524064171,0.2590163934426229,0.4808743169398907,0.1224043715846994,0.1366120218579235,0.1191256830601092,0.1398907103825136,0.5398907103825137,0.2131147540983606,0.0557377049180327,0.1431693989071038,0.033879781420765,0.2404371584699453,0.0163934426229508,0.0,0.0032786885245901,0.9781420765027322,0.0021857923497267,0.0,0.62109375,0.40625,0.99609375,0.47265625,0.5940959409594095,0.5018450184501845,0.2767527675276753,0.1955719557195571,0.092250922509225,8.85110290919509,0.2440612886449006,-0.0445568961238312
78-906,Puéllaro,Puéllaro,,0.1556813643597807,32.53740515119418,209,0.5166051660516605,0.1240875912408759,0.2066420664206642,0.4981549815498155,0.0996309963099631,0.1070110701107011,0.0996309963099631,0.1070110701107011,0.5055350553505535,0.3505535055350554,0.1660516605166051,0.066420664206642,0.018450184501845,0.2287822878228782,0.0,0.003690036900369,0.0,0.970479704797048,0.025830258302583,0.0,0.5930232558139535,0.8953488372093024,1.0,0.5697674418604651,0.7816091954022989,0.5057471264367817,0.1034482758620689,0.1264367816091954,0.0459770114942528,4.2225074689779705,0.167375128458722,-0.0213173289880887
64-928,La Merced,La Merced,2,0.0917969979771144,31.85355829805872,347,0.1495535714285714,0.11328125,0.2276785714285714,0.5066964285714286,0.1227678571428571,0.1049107142857142,0.0223214285714285,0.2053571428571428,0.8102678571428571,0.0736607142857142,0.0401785714285714,0.3683035714285714,0.1517857142857142,0.1674107142857142,0.0290178571428571,0.0133928571428571,0.0044642857142857,0.9352678571428572,0.0133928571428571,0.0044642857142857,0.9047619047619048,0.0408163265306122,0.9931972789115646,0.2585034013605442,0.6405228758169934,0.8169934640522876,0.6274509803921569,0.5359477124183006,0.0326797385620915,10.717862485374807,0.2636939488125452,-0.0668867592481236
52-910,Amaguaña,Amaguaña,,0.2142532737996558,26.995912498756635,126,0.0981595092024539,0.0461538461538461,0.2699386503067484,0.4601226993865031,0.0981595092024539,0.1717791411042944,0.0122699386503067,0.2576687116564417,0.6932515337423313,0.0920245398773006,0.0306748466257668,0.3312883435582822,0.0797546012269938,0.1226993865030674,0.0,0.0,0.0,0.98159509202454,0.0184049079754601,0.0,0.875,0.9583333333333334,1.0,0.1041666666666666,0.6122448979591837,0.7755102040816326,0.5918367346938775,0.4081632653061224,0.0,12.22109797524243,0.2276742166307919,-0.0652427131975005
63-937,Guayllabamba,Guayllabamba,,0.1370923102541907,23.991154294483373,175,0.0790697674418604,0.0439560439560439,0.1953488372093023,0.4232558139534884,0.0837209302325581,0.1116279069767441,0.0186046511627906,0.1767441860465116,0.916279069767442,0.0186046511627906,0.0372093023255813,0.4651162790697674,0.1813953488372093,0.0976744186046511,0.027906976744186,0.0093023255813953,0.0,0.9488372093023256,0.013953488372093,0.0,0.9850746268656716,0.9552238805970148,1.0,0.0895522388059701,0.7910447761194029,0.9402985074626866,0.7611940298507462,0.7014925373134329,0.044776119402985,65.64156163843667,0.2145129169387625,-0.0370762225339173
63-916,Guayllabamba,Guayllabamba,,0.1370923102541907,22.483138881687275,164,0.1658536585365853,0.0408163265306122,0.1902439024390244,0.4780487804878048,0.0780487804878048,0.1121951219512195,0.024390243902439,0.1658536585365853,0.6195121951219512,0.1365853658536585,0.073170731707317,0.3024390243902439,0.1219512195121951,0.1951219512195122,0.0682926829268292,0.0292682926829268,0.0,0.8731707317073171,0.0292682926829268,0.0,0.9066666666666666,0.7333333333333333,0.9866666666666668,0.3466666666666667,0.5974025974025974,0.7142857142857143,0.5194805194805194,0.4805194805194805,0.0129870129870129,22.68560337836769,0.2163172108853173,-0.0540692232307143
61-001,Gualea,Gualea,,0.2326739128391956,20.009956504170827,86,0.4313725490196078,0.0754716981132075,0.1470588235294117,0.5098039215686274,0.0686274509803921,0.0784313725490196,0.0784313725490196,0.0686274509803921,0.3627450980392157,0.2549019607843137,0.1862745098039215,0.1666666666666666,0.0490196078431372,0.2058823529411764,0.0,0.0686274509803921,0.0,0.931372549019608,0.0,0.0,0.902439024390244,0.5365853658536586,1.0,0.6829268292682927,0.5476190476190477,0.4761904761904761,0.1904761904761904,0.119047619047619,0.0714285714285714,3.0711841661679125,0.2432984905185862,-0.0419968746108858
76-975,Píntag,Píntag,,0.0527534289775416,15.456754690419716,293,0.3069544364508393,0.0695652173913043,0.2350119904076738,0.5155875299760192,0.0959232613908872,0.1390887290167865,0.0671462829736211,0.1678657074340527,0.6906474820143885,0.1750599520383693,0.1294964028776978,0.1031175059952038,0.0311750599520383,0.3717026378896882,0.0071942446043165,0.0167865707434052,0.0,0.973621103117506,0.0023980815347721,0.0,0.7606837606837606,0.8547008547008547,0.9487179487179488,0.452991452991453,0.7666666666666667,0.6666666666666666,0.3166666666666666,0.4083333333333333,0.0833333333333333,2.084099754335565,0.2296916754072003,0.0130946700897784
63-905,Guayllabamba,Guayllabamba,,0.1370923102541907,8.08844630499725,59,0.0579710144927536,0.1111111111111111,0.2898550724637681,0.5797101449275363,0.217391304347826,0.072463768115942,0.0144927536231884,0.2753623188405797,0.6521739130434783,0.1159420289855072,0.0579710144927536,0.2318840579710145,0.0289855072463768,0.3043478260869565,0.0,0.0,0.0,0.9710144927536232,0.0289855072463768,0.0,0.967741935483871,1.0,1.0,0.1935483870967742,0.4838709677419355,0.5806451612903226,0.3548387096774194,0.3225806451612903,0.0,9.42398761093982,0.1826467703878043,-0.0260380688111057
63-923,Guayllabamba,Guayllabamba,,0.1370923102541907,5.072415479405056,37,1.0,0.2857142857142857,0.0888888888888888,0.5555555555555556,0.0888888888888888,0.0,0.0888888888888888,0.0,0.6888888888888889,0.0666666666666666,0.1555555555555555,0.1555555555555555,0.0666666666666666,0.1777777777777777,0.0,0.0,0.0,1.0,0.0,0.0,0.1052631578947368,0.0526315789473684,1.0,0.4210526315789473,0.8947368421052632,0.631578947368421,0.3157894736842105,0.3684210526315789,0.0526315789473684,6.962280666619017,0.1488687197936155,-0.0787504021653183
63-888,Guayllabamba,Guayllabamba,,0.1370923102541907,1.0967384820335255,8,0.4166666666666667,0.2,0.25,0.5,0.0833333333333333,0.1666666666666666,0.0833333333333333,0.1666666666666666,0.5833333333333334,0.1666666666666666,0.1666666666666666,0.0833333333333333,0.0,0.3333333333333333,0.25,0.1666666666666666,0.0,0.5833333333333334,0.0,0.0,0.4,0.4,1.0,0.2,0.6,0.4,0.2,0.4,0.0,,,
61-888,Gualea,Gualea,,0.2326739128391956,0.6980217385175869,3,0.3333333333333333,0.0,0.0,0.3333333333333333,0.0,0.0,0.0,0.0,0.0,0.3333333333333333,0.3333333333333333,0.3333333333333333,0.0,0.0,0.0,0.0,1.0,0.0,0.0,0.0,0.6666666666666666,0.6666666666666666,1.0,0.6666666666666666,0.3333333333333333,0.6666666666666666,0.6666666666666666,0.3333333333333333,0.0,,,
59-001,Checa,Checa,2,0.0,0.0,1916,0.2391559202813599,0.1037093111279333,0.296991012114107,0.4908167252833137,0.1539663931223134,0.1430246189917936,0.0683860883157483,0.2286049237983587,0.712778429073857,0.1273935130910511,0.0453302071121531,0.1883548261039468,0.0547088706525986,0.2848769050410316,0.0523642047674873,0.0113325517780382,0.0085971082454083,0.9155920281359906,0.0121141070730754,0.0,0.8908629441624365,0.931472081218274,0.9911167512690356,0.2918781725888325,0.53875,0.6275,0.4425,0.275,0.0725,18.739370381180866,0.2282004780248893,-0.0497017733901281
59-002,Checa,Checa,2,0.0,0.0,1742,0.2497857754927163,0.1234042553191489,0.2883461868037703,0.4867180805484147,0.1413881748071979,0.1469580119965724,0.072407883461868,0.2159383033419023,0.7176520994001714,0.125535561268209,0.0458440445586975,0.1568123393316195,0.0441302485004284,0.2570694087403599,0.0681233933161953,0.0317052270779777,0.0141388174807197,0.8684661525278492,0.0175664095972579,0.0,0.8844566712517193,0.889958734525447,0.9958734525447044,0.265474552957359,0.4952120383036936,0.6320109439124487,0.4008207934336525,0.2161422708618331,0.082079343365253,19.29674747819811,0.2153410417286476,-0.0362592779775958
59-999,Checa,Checa,2,0.0,0.0,4812,0.3181956720512039,0.1347943560492344,0.2720109107440521,0.4961357781482042,0.1382027579936354,0.1338081527504167,0.0841036520684952,0.1879072586755569,0.6649492347325352,0.1415365964540081,0.058796787392029,0.123352023033793,0.0368237611759357,0.2989846946507046,0.0712229125625094,0.0104561297166237,0.0095469010456129,0.8960448552811032,0.0127292013941506,0.0,0.7970721857647652,0.491670873296315,0.9934376577486118,0.3472993437657748,0.6366336633663366,0.6247524752475248,0.4232673267326732,0.2237623762376237,0.0599009900990099,4.674065902378514,0.1996466660480755,0.0254708343990129
